ISO-10303-21;
HEADER;
/* Generated by software containing ST-Developer
 * from STEP Tools, Inc. (www.steptools.com) 
 */
/* OPTION: using custom renumber hook */

FILE_DESCRIPTION(
/* description */ ('STEP AP242 Edition 2',
'CAx-IF Rec.Pracs.---Representation and Presentation of Product Manufa
cturing Information (PMI)---4.0---2014-10-13',
'CAx-IF Rec.Pracs.---3D Tessellated Geometry---0.4---2014-09-14','2;1',
'CAx-IF Rec.Pracs.---User Defined Attributes---1.5---2016-08-15'),
/* implementation_level */ '2;1');

FILE_NAME(
/* name */ 'cherry_mx - cherry_ref',
/* time_stamp */ '2026-09-10T16:08:54Z',
/* author */ (''),
/* organization */ (''),
/* preprocessor_version */ 'ST-DEVELOPER v20',
/* originating_system */ 'ONSHAPE BY PTC INC, 1.220',
/* authorisation */ '  ');

FILE_SCHEMA (('AP242_MANAGED_MODEL_BASED_3D_ENGINEERING_MIM_LF { 1 0 10303 442 3 1 4 }'));
ENDSEC;

DATA;
#10=MANIFOLD_SURFACE_SHAPE_REPRESENTATION('',(#72,#73,#74,#75,#76),#374);
#11=ORIENTED_EDGE('',*,*,#20,.F.);
#12=ORIENTED_EDGE('',*,*,#21,.F.);
#13=ORIENTED_EDGE('',*,*,#22,.F.);
#14=ORIENTED_EDGE('',*,*,#23,.F.);
#15=ORIENTED_EDGE('',*,*,#24,.F.);
#16=ORIENTED_EDGE('',*,*,#25,.F.);
#17=ORIENTED_EDGE('',*,*,#26,.F.);
#18=ORIENTED_EDGE('',*,*,#27,.F.);
#19=ORIENTED_EDGE('',*,*,#28,.F.);
#20=EDGE_CURVE('',#29,#29,#38,.T.);
#21=EDGE_CURVE('',#30,#31,#39,.T.);
#22=EDGE_CURVE('',#32,#30,#40,.T.);
#23=EDGE_CURVE('',#31,#32,#41,.T.);
#24=EDGE_CURVE('',#33,#34,#42,.T.);
#25=EDGE_CURVE('',#35,#33,#43,.T.);
#26=EDGE_CURVE('',#34,#35,#44,.T.);
#27=EDGE_CURVE('',#36,#36,#45,.T.);
#28=EDGE_CURVE('',#37,#37,#46,.T.);
#29=VERTEX_POINT('',#220);
#30=VERTEX_POINT('',#226);
#31=VERTEX_POINT('',#227);
#32=VERTEX_POINT('',#232);
#33=VERTEX_POINT('',#278);
#34=VERTEX_POINT('',#279);
#35=VERTEX_POINT('',#284);
#36=VERTEX_POINT('',#359);
#37=VERTEX_POINT('',#372);
#38=B_SPLINE_CURVE_WITH_KNOTS('',3,(#209,#210,#211,#212,#213,#214,#215,
#216,#217,#218,#219),.UNSPECIFIED.,.T.,.F.,(1,1,1,1,1,1,1,1,1,1,1,1,1,1,
1),(-0.375,-0.25,-0.125,0.,0.125,0.25,0.375,0.5,0.625,0.75,0.875,1.,1.125,
1.25,1.375),.UNSPECIFIED.);
#39=B_SPLINE_CURVE_WITH_KNOTS('',3,(#222,#223,#224,#225),.UNSPECIFIED.,
 .F.,.F.,(4,4),(0.,56.875603),.UNSPECIFIED.);
#40=B_SPLINE_CURVE_WITH_KNOTS('',3,(#228,#229,#230,#231),.UNSPECIFIED.,
 .F.,.F.,(4,4),(0.,47.386808),.UNSPECIFIED.);
#41=B_SPLINE_CURVE_WITH_KNOTS('',3,(#233,#234,#235,#236,#237,#238,#239,
#240,#241,#242,#243,#244,#245,#246,#247,#248,#249,#250,#251,#252,#253,#254),
 .UNSPECIFIED.,.F.,.F.,(4,1,1,1,1,1,1,1,1,1,1,1,1,1,1,1,1,1,1,4),(0.,11.9997905654226,
17.999685848134,23.9995811308453,26.9995287722009,29.9994764135566,32.9994240549123,
35.9993716962679,38.9993193376236,41.9992669789792,44.9992146203349,47.9991622616906,
50.9991099030462,53.9990575444019,56.9990051857575,59.9989528271132,65.9988481098245,
71.9987433925358,83.9985339579585,95.9983245233811),.UNSPECIFIED.);
#42=B_SPLINE_CURVE_WITH_KNOTS('',3,(#256,#257,#258,#259,#260,#261,#262,
#263,#264,#265,#266,#267,#268,#269,#270,#271,#272,#273,#274,#275,#276,#277),
 .UNSPECIFIED.,.F.,.F.,(4,1,1,1,1,1,1,1,1,1,1,1,1,1,1,1,1,1,1,4),(0.,11.9997905492019,
23.9995810984039,29.9994763730049,35.9993716476058,38.9993192849063,41.9992669222068,
44.9992145595073,47.9991621968078,50.9991098341083,53.9990574714088,56.9990051087093,
59.9989527460097,62.9989003833102,65.9988480206107,68.9987956579112,71.9987432952117,
77.9986385698127,83.9985338444136,95.9983243936156),.UNSPECIFIED.);
#43=B_SPLINE_CURVE_WITH_KNOTS('',3,(#280,#281,#282,#283),.UNSPECIFIED.,
 .F.,.F.,(4,4),(0.,47.386808),.UNSPECIFIED.);
#44=B_SPLINE_CURVE_WITH_KNOTS('',3,(#285,#286,#287,#288),.UNSPECIFIED.,
 .F.,.F.,(4,4),(0.,56.875603),.UNSPECIFIED.);
#45=B_SPLINE_CURVE_WITH_KNOTS('',3,(#290,#291,#292,#293,#294,#295,#296,
#297,#298,#299,#300,#301,#302,#303,#304,#305,#306,#307,#308,#309,#310,#311,
#312,#313,#314,#315,#316,#317,#318,#319,#320,#321,#322,#323,#324,#325,#326,
#327,#328,#329,#330,#331,#332,#333,#334,#335,#336,#337,#338,#339,#340,#341,
#342,#343,#344,#345,#346,#347,#348,#349,#350,#351,#352,#353,#354,#355,#356,
#357,#358),.UNSPECIFIED.,.T.,.F.,(4,1,1,1,1,1,1,1,1,1,1,1,1,1,1,1,1,1,1,
1,1,1,1,1,1,1,1,1,1,1,1,1,1,1,1,1,1,1,1,1,1,1,1,1,1,1,1,1,1,1,1,1,1,1,1,
1,1,1,1,1,1,1,1,1,1,1,4),(0.,0.015625,0.03125,0.046875,0.0625,0.078125,
0.09375,0.109375,0.125,0.140625,0.15625,0.171875,0.1875,0.203125,0.21875,
0.234375,0.25,0.265625,0.28125,0.296875,0.3125,0.328125,0.34375,0.359375,
0.375,0.390625,0.40625,0.421875,0.4375,0.453125,0.46875,0.484375,0.5,0.515625,
0.53125,0.546875,0.5625,0.578125,0.59375,0.609375,0.625,0.640625,0.65625,
0.671875,0.6875,0.703125,0.71875,0.734375,0.75,0.765625,0.78125,0.796875,
0.8125,0.828125,0.84375,0.859375,0.875,0.890625,0.90625,0.921875,0.9375,
0.953125,0.96875,0.984375,0.9921875,0.99609375,1.),.UNSPECIFIED.);
#46=B_SPLINE_CURVE_WITH_KNOTS('',3,(#361,#362,#363,#364,#365,#366,#367,
#368,#369,#370,#371),.UNSPECIFIED.,.T.,.F.,(1,1,1,1,1,1,1,1,1,1,1,1,1,1,
1),(-0.375,-0.25,-0.125,0.,0.125,0.25,0.375,0.5,0.625,0.75,0.875,1.,1.125,
1.25,1.375),.UNSPECIFIED.);
#47=EDGE_LOOP('',(#11));
#48=EDGE_LOOP('',(#12,#13,#14));
#49=EDGE_LOOP('',(#15,#16,#17));
#50=EDGE_LOOP('',(#18));
#51=EDGE_LOOP('',(#19));
#52=FACE_BOUND('',#47,.T.);
#53=FACE_BOUND('',#48,.T.);
#54=FACE_BOUND('',#49,.T.);
#55=FACE_BOUND('',#50,.T.);
#56=FACE_BOUND('',#51,.T.);
#57=PLANE('',#190);
#58=PLANE('',#191);
#59=PLANE('',#192);
#60=PLANE('',#193);
#61=PLANE('',#194);
#62=ADVANCED_FACE('',(#52),#57,.T.);
#63=ADVANCED_FACE('',(#53),#58,.T.);
#64=ADVANCED_FACE('',(#54),#59,.T.);
#65=ADVANCED_FACE('',(#55),#60,.T.);
#66=ADVANCED_FACE('',(#56),#61,.T.);
#67=OPEN_SHELL('',(#62));
#68=OPEN_SHELL('',(#63));
#69=OPEN_SHELL('',(#64));
#70=OPEN_SHELL('',(#65));
#71=OPEN_SHELL('',(#66));
#72=SHELL_BASED_SURFACE_MODEL('cherry_ref',(#67));
#73=SHELL_BASED_SURFACE_MODEL('',(#68));
#74=SHELL_BASED_SURFACE_MODEL('',(#69));
#75=SHELL_BASED_SURFACE_MODEL('',(#70));
#76=SHELL_BASED_SURFACE_MODEL('',(#71));
#77=SHAPE_REPRESENTATION_RELATIONSHIP('','',#182,#79);
#78=SHAPE_REPRESENTATION_RELATIONSHIP('','',#182,#10);
#79=TESSELLATED_SHAPE_REPRESENTATION('',(#173),#374);
#80=PROPERTY_DEFINITION_REPRESENTATION(#98,#86);
#81=PROPERTY_DEFINITION_REPRESENTATION(#99,#87);
#82=PROPERTY_DEFINITION_REPRESENTATION(#100,#88);
#83=PROPERTY_DEFINITION_REPRESENTATION(#101,#89);
#84=PROPERTY_DEFINITION_REPRESENTATION(#102,#90);
#85=PROPERTY_DEFINITION_REPRESENTATION(#103,#91);
#86=REPRESENTATION('HYBRID_SOURCE_ID',(#92),$);
#87=REPRESENTATION('HYBRID_SOURCE_ID',(#93),$);
#88=REPRESENTATION('HYBRID_SOURCE_ID',(#94),$);
#89=REPRESENTATION('HYBRID_SOURCE_ID',(#95),$);
#90=REPRESENTATION('HYBRID_SOURCE_ID',(#96),$);
#91=REPRESENTATION('HYBRID_SOURCE_ID',(#97),$);
#92=DESCRIPTIVE_REPRESENTATION_ITEM('250','250');
#93=DESCRIPTIVE_REPRESENTATION_ITEM('250','250');
#94=DESCRIPTIVE_REPRESENTATION_ITEM('250','250');
#95=DESCRIPTIVE_REPRESENTATION_ITEM('250','250');
#96=DESCRIPTIVE_REPRESENTATION_ITEM('250','250');
#97=DESCRIPTIVE_REPRESENTATION_ITEM('250','250');
#98=PROPERTY_DEFINITION('HYBRID_SOURCE_ID','HYBRID_SOURCE_ID',$);
#99=PROPERTY_DEFINITION('HYBRID_SOURCE_ID','HYBRID_SOURCE_ID',$);
#100=PROPERTY_DEFINITION('HYBRID_SOURCE_ID','HYBRID_SOURCE_ID',$);
#101=PROPERTY_DEFINITION('HYBRID_SOURCE_ID','HYBRID_SOURCE_ID',$);
#102=PROPERTY_DEFINITION('HYBRID_SOURCE_ID','HYBRID_SOURCE_ID',$);
#103=PROPERTY_DEFINITION('HYBRID_SOURCE_ID','HYBRID_SOURCE_ID',$);
#104=TESSELLATED_CONNECTING_EDGE('',#174,$,(637,53,61,647,637),.F.,#171,
#172,(204,203,202,205,204),(352,353,354,351,352));
#105=TESSELLATED_CONNECTING_EDGE('',#174,$,(597,596,592,591,588,587,584,
700,558,557,557,553,553,549,549,544,543,540,540,534,534,530,530,525,524,
523,523,527,527,531,531,535,535,537,537,541,700,545,546,546,550,550,554,
554,580,700,581,585,585,589,589,593,594,599,600,603,604,607,608,611,612,
610,610,606,606,602,602,598,597),.F.,#172,$,(492,199,393,200,394,201,395,
499,398,196,196,203,203,204,204,402,271,270,270,269,269,267,267,266,407,
408,408,254,254,257,257,259,259,273,273,413,499,414,277,277,225,225,218,
218,418,499,217,216,216,215,215,422,214,423,213,424,212,425,211,426,210,
209,209,208,208,207,207,397,492),());
#106=TESSELLATED_CONNECTING_EDGE('',#174,$,(80,79,77),.F.,#172,$,(498,430,
494),());
#107=TESSELLATED_CONNECTING_EDGE('',#174,$,(77,200,199,199,202,203,204,
205,700,206,209,242,243,243,261,261,290,306,307,308,309,310,311,312,313,
314,315,316,317),.F.,#172,$,(494,431,160,160,159,433,157,434,499,154,155,
438,156,156,150,150,148,442,147,443,146,444,145,445,139,446,140,447,497),
());
#108=TESSELLATED_CONNECTING_EDGE('',#174,$,(317,82,80),.F.,#172,$,(497,
429,498),());
#109=TESSELLATED_CONNECTING_EDGE('',#174,$,(374,373,373,377,378,379,380,
381,382,383,700,400,401,401,436,436,453,485,486,486,489,490,491,492,493,
493,496,613,614),.F.,#172,$,(496,143,143,450,173,451,175,452,176,453,499,
454,178,178,180,180,186,458,184,184,185,461,187,462,189,189,190,465,493),
());
#110=TESSELLATED_CONNECTING_EDGE('',#174,$,(614,616,617),.F.,#172,$,(493,
466,495),());
#111=TESSELLATED_CONNECTING_EDGE('',#174,$,(617,376,374),.F.,#172,$,(495,
448,496),());
#112=TESSELLATED_CONNECTING_EDGE('',#174,$,(407,406,361,360,348,347,332,
700,288,287,260,259,252,251,219,700,215,214,216,217,249,250,257,700,285,
286,329,330,342,346,358,700,403,404,432,433,442,443,475,700,479,480,478,
477,445,444,434,434,407),.F.,#172,$,(491,179,468,174,469,138,470,499,471,
149,472,172,473,153,474,499,475,161,476,171,477,170,478,499,479,246,480,
249,481,252,482,499,483,268,484,205,485,195,486,499,487,191,488,188,489,
183,490,490,491),());
#113=TESSELLATED_CONNECTING_EDGE('',#174,$,(157,156,152,151,148,147,143,
700,142,114,114,110,110,105,105,101,100,95,95,91,91,86,85,83,83,88,88,92,
93,96,96,98,98,102,103,106,700,107,111,111,139,139,144,145,145,149,150,
153,153,158,159,162,163,166,167,170,700,174,175,173,173,169,169,165,164,
161,161,157),.F.,#172,$,(360,244,356,242,357,241,358,499,169,168,168,167,
167,166,166,365,164,236,236,235,235,234,369,233,233,232,232,372,231,230,
230,229,229,375,228,376,499,227,226,226,223,223,380,224,224,382,278,276,
276,384,274,385,272,386,258,387,499,388,251,250,250,248,248,391,247,245,
245,360),());
#114=STYLED_ITEM('',(#122),#171);
#115=STYLED_ITEM('',(#123),#172);
#116=STYLED_ITEM('',(#124),#173);
#117=STYLED_ITEM('',(#125),#72);
#118=STYLED_ITEM('',(#126),#73);
#119=STYLED_ITEM('',(#127),#74);
#120=STYLED_ITEM('',(#128),#75);
#121=STYLED_ITEM('',(#129),#76);
#122=PRESENTATION_STYLE_ASSIGNMENT((#130));
#123=PRESENTATION_STYLE_ASSIGNMENT((#131));
#124=PRESENTATION_STYLE_ASSIGNMENT((#132));
#125=PRESENTATION_STYLE_ASSIGNMENT((#133));
#126=PRESENTATION_STYLE_ASSIGNMENT((#134));
#127=PRESENTATION_STYLE_ASSIGNMENT((#135));
#128=PRESENTATION_STYLE_ASSIGNMENT((#136));
#129=PRESENTATION_STYLE_ASSIGNMENT((#137));
#130=SURFACE_STYLE_USAGE(.BOTH.,#138);
#131=SURFACE_STYLE_USAGE(.BOTH.,#139);
#132=SURFACE_STYLE_USAGE(.BOTH.,#140);
#133=SURFACE_STYLE_USAGE(.BOTH.,#141);
#134=SURFACE_STYLE_USAGE(.BOTH.,#142);
#135=SURFACE_STYLE_USAGE(.BOTH.,#143);
#136=SURFACE_STYLE_USAGE(.BOTH.,#144);
#137=SURFACE_STYLE_USAGE(.BOTH.,#145);
#138=SURFACE_SIDE_STYLE('',(#146));
#139=SURFACE_SIDE_STYLE('',(#147));
#140=SURFACE_SIDE_STYLE('',(#148));
#141=SURFACE_SIDE_STYLE('',(#149));
#142=SURFACE_SIDE_STYLE('',(#150));
#143=SURFACE_SIDE_STYLE('',(#151));
#144=SURFACE_SIDE_STYLE('',(#152));
#145=SURFACE_SIDE_STYLE('',(#153));
#146=SURFACE_STYLE_FILL_AREA(#154);
#147=SURFACE_STYLE_FILL_AREA(#155);
#148=SURFACE_STYLE_FILL_AREA(#156);
#149=SURFACE_STYLE_FILL_AREA(#157);
#150=SURFACE_STYLE_FILL_AREA(#158);
#151=SURFACE_STYLE_FILL_AREA(#159);
#152=SURFACE_STYLE_FILL_AREA(#160);
#153=SURFACE_STYLE_FILL_AREA(#161);
#154=FILL_AREA_STYLE('',(#162));
#155=FILL_AREA_STYLE('',(#163));
#156=FILL_AREA_STYLE('',(#164));
#157=FILL_AREA_STYLE('',(#165));
#158=FILL_AREA_STYLE('',(#166));
#159=FILL_AREA_STYLE('',(#167));
#160=FILL_AREA_STYLE('',(#168));
#161=FILL_AREA_STYLE('',(#169));
#162=FILL_AREA_STYLE_COLOUR('',#170);
#163=FILL_AREA_STYLE_COLOUR('',#170);
#164=FILL_AREA_STYLE_COLOUR('',#170);
#165=FILL_AREA_STYLE_COLOUR('',#170);
#166=FILL_AREA_STYLE_COLOUR('',#170);
#167=FILL_AREA_STYLE_COLOUR('',#170);
#168=FILL_AREA_STYLE_COLOUR('',#170);
#169=FILL_AREA_STYLE_COLOUR('',#170);
#170=COLOUR_RGB('',0.498039215686275,0.498039215686275,0.498039215686275);
#171=COMPLEX_TRIANGULATED_FACE('ConvergentBody',#174,205,((0.,-0.819152386224865,
0.573575948015701),(0.,-0.819151740331302,0.573576870447367),(0.,-0.819152049748446,
0.573576428554137),(-0.512488139933166,0.858548947495253,0.0157990880318404),
(0.,0.,1.),(0.,-0.819152228209909,0.573576173684661),(-0.268062566009869,
0.962732906258073,0.0358860963618035),(0.,-0.881990567204122,0.471267057370819),
(0.,-0.819152042150529,0.573576439405088),(0.,-0.819152037537308,0.57357644599345),
(0.,-0.819152037306853,0.573576446322573),(-1.,0.,0.),(0.,0.,1.),(0.,0.,
1.),(0.,0.,1.),(0.,-0.819151653770142,0.573576994069353),(0.,-0.819151966814874,
0.573576546995537),(0.,-0.881990562550961,0.471267066079351),(0.,-0.932114376161983,
0.36216403707734),(0.,-0.881990552808964,0.471267084311792),(0.,-0.819152061426879,
0.573576411875606),(0.,-0.93211437539772,0.36216403904435),(0.,0.999197996741113,
0.0400420192865714),(0.,-0.819151653770142,0.573576994069353),(0.,-0.819152228209909,
0.573576173684661),(0.,-0.819152046118901,0.573576433737665),(0.,-0.819152026383195,
0.573576461923172),(0.,-0.819152050284968,0.573576427787904),(0.,-0.895334019617112,
0.445395322512782),(0.268062566009869,0.962732906258073,0.0358860963618035),
(0.,-0.819151740331302,0.573576870447367),(0.,-0.819152386224865,0.573575948015701),
(0.,0.,1.),(0.,-0.819152044427094,0.573576436153816),(0.,-0.819152037155537,
0.573576446538674),(1.,0.,0.),(0.,0.,1.),(0.,0.,1.),(0.,0.,1.),(0.512488139933166,
0.858548947495253,0.0157990880318403),(0.,-0.819152046200842,0.57357643362064),
(0.,0.,1.),(0.,-0.819152035595196,0.573576448767073),(-1.,0.,0.),(0.,1.,
0.),(-1.,0.,0.),(0.,0.,1.),(-0.907755929685626,0.,0.419498715278824),(-0.999999999999972,
0.,0.),(0.,-0.895334025904023,0.445395309874829),(0.,0.,1.),(0.907755931661989,
0.,0.419498711002161),(1.,0.,0.),(0.,0.,1.),(0.,0.,1.),(1.,0.,0.),(0.,0.,
1.),(0.,0.,1.),(0.,0.,1.),(0.,0.,1.),(-0.968470145159582,-0.249120607573885,
-0.00212151280855909),(0.,0.,1.),(-0.87148513116887,-0.490416374345281,
-0.00233365070362716),(0.,0.,1.),(0.968470145159582,-0.249120607573885,
-0.00212151280855887),(0.87148513116887,-0.490416374345281,-0.00233365070362718),
(0.,0.,1.),(0.,0.,1.),(0.,0.,1.),(0.,0.,1.),(0.,0.,1.),(0.,0.,1.),(0.,0.,
1.),(0.715560525027944,-0.698546111443606,-0.00254267747685812),(0.,0.,
1.),(-0.715560525027944,-0.698546111443606,-0.00254267747685789),(0.,0.,
1.),(0.543298498850318,-0.839539556944638,0.000271057543661643),(0.,0.,
1.),(-0.543298498850318,-0.839539556944638,0.000271057543661681),(0.,0.,
1.),(0.316237295559074,-0.948679499475558,-0.00108635734833404),(0.415720445137181,
-0.909492313433625,-0.000493254596590192),(0.,0.,1.),(-0.316237295559074,
-0.948679499475558,-0.00108635734833404),(-0.415720445137181,-0.909492313433625,
-0.000493254596590192),(0.,0.,1.),(0.107048507744779,-0.994251894991112,
-0.0019458407432251),(-0.107048507744779,-0.994251894991112,-0.00194584074322511),
(0.,0.,1.),(0.,0.,1.),(0.,0.,1.),(0.,-1.,0.),(0.,0.,1.),(1.,0.,0.),(0.,
1.,0.),(0.,1.,0.),(1.,0.,0.),(1.,0.,0.),(0.,0.,1.),(0.,0.,1.),(0.,0.,1.),
(1.,0.,0.),(0.,0.,1.),(-1.,0.,0.),(0.,0.,1.),(0.,0.,1.),(0.,-1.,0.),(0.,
-1.,0.),(0.,0.,1.),(0.,0.,1.),(0.,0.,1.),(0.,1.,0.),(0.,0.,1.),(-1.,0.,
0.),(-0.999999999999996,0.,0.),(0.,1.,0.),(-0.999999999999852,0.,0.),(0.,
-1.,0.),(0.,0.,1.),(0.,0.,1.),(0.907755890669643,0.,0.419498799705566),
(0.,0.,1.),(0.,0.96126169523903,0.275637358255708),(0.,0.961261694314125,
0.275637361481236),(0.,0.362164424111198,-0.932114225783624),(0.,0.961261688495861,
0.275637381771926),(1.,0.,0.),(0.,1.,0.),(0.,-1.,0.),(0.907755936400044,
0.,0.419498700749453),(0.,0.,1.),(0.,0.,1.),(0.,0.,1.),(-1.,0.,0.),(0.,
-1.,0.),(-0.907755933410833,0.,0.419498707217826),(0.,0.,1.),(0.,0.961261791841353,
0.275637021361741),(-0.91152304102904,-0.0282057269575947,0.410280614506662),
(0.,0.882323503878988,0.470643426069785),(-0.999999999999921,0.,0.),(2.74571738577723E-6,
0.961262031545041,0.275636185400903),(0.,0.,1.),(0.,0.,1.),(-0.999999999985295,
-2.30740129459244E-6,-4.90765638252462E-6),(-0.999999999998786,-1.02881413912507E-6,
-1.17009543692459E-6),(0.,0.217983095263309,0.975952545044802),(-0.999999999999736,
0.,0.),(-1.,0.,0.),(0.,0.425482367148282,0.904966714993372),(0.,0.764334844094563,
0.644819545379124),(0.,0.610741642872328,0.791829934810253),(-0.707106781186547,
0.,0.707106781186547),(-0.707106781186547,0.,0.707106781186547),(-0.707106781186547,
0.,0.707106781186547),(0.,0.,1.),(0.,0.707106781186548,0.707106781186547),
(0.,0.,1.),(0.,0.,1.),(-0.707106781186547,0.,0.707106781186547),(0.,0.707106781186548,
0.707106781186547),(-1.,0.,0.),(0.,0.707106781186548,0.707106781186547),
(0.,1.,0.),(0.,0.707106781186548,0.707106781186547),(0.,1.,0.),(0.707106781186547,
0.,0.707106781186547),(1.,0.,0.),(0.,0.707106781186548,0.707106781186547),
(0.,0.,1.),(0.,0.707106781186548,0.707106781186547),(0.,1.,0.),(0.707106781186547,
0.,0.707106781186547),(1.,0.,0.),(0.,-0.707106781186547,0.707106781186548),
(0.,-1.,0.),(0.707106781186547,0.,0.707106781186547),(0.707106781186547,
0.,0.707106781186547),(1.,0.,0.),(0.,-0.707106781186547,0.707106781186548),
(0.,-0.707106781186547,0.707106781186548),(0.,-1.,0.),(-0.707106781186547,
0.,0.707106781186547),(-1.,0.,0.),(0.,-0.707106781186547,0.707106781186548),
(0.,-0.707106781186547,0.707106781186548),(0.,-1.,0.),(-1.,0.,0.),(0.,0.,
1.),(0.,0.,1.),(0.,0.,1.),(0.,0.,1.),(-1.,0.,0.),(0.,0.,1.),(0.,-1.,0.),
(1.,0.,0.),(1.,0.,0.),(-1.,0.,0.),(0.,1.,0.),(0.866025414631323,0.,0.499999981212645),
(0.,0.,-1.),(0.,0.,-1.),(0.,0.,-1.),(0.,0.,-1.)),$,(385,363,518,386,428,
351,352,619,559,560,519,520,450,446,438,350,344,76,42,648,630,652,343,340,
339,176,115,62,49,337,327,305,266,177,123,178,256,248,241,303,137,179,117,
124,116,122,69,63,125,649,621,631,561,564,521,562,448,247,451,255,449,440,
441,240,245,253,447,246,439,254,429,264,265,263,430,431,304,301,387,388,
338,328,302,353,362,389,345,341,349,626,577,624,627,568,578,625,569,576,
570,563,620,565,566,622,623,68,70,118,71,72,126,74,73,134,135,133,127,138,
75,632,633,654,579,650,136,44,45,651,653,41,567,514,516,120,119,121,64,
65,48,47,575,132,46,182,180,128,130,571,131,129,572,574,573,335,336,324,
356,239,355,334,326,357,325,213,323,371,370,369,368,455,454,484,483,482,
481,367,366,354,365,364,333,320,319,322,321,238,211,210,212,509,184,185,
510,43,511,512,517,515,181,183,513,61,53,637,647),((1,2,3),(4,2,1),(3,5,
1),(4,1,5),(3,2,6),(7,6,2),(7,2,4),(3,6,8),(8,9,3),(3,9,10),(3,10,11),(3,
11,12),(12,13,3),(3,13,14),(3,14,15),(15,5,3),(8,6,16),(7,16,6),(8,16,17),
(8,17,18),(18,19,8),(20,21,8),(20,8,22),(8,21,9),(8,19,22),(23,17,16),(23,
16,7),(18,17,24),(23,24,17),(18,24,25),(18,25,26),(26,27,18),(18,27,28),
(18,28,29),(18,29,19),(30,25,24),(30,24,23),(26,25,31),(30,31,25),(26,31,
32),(32,33,26),(34,35,26),(36,34,26),(26,35,27),(26,33,37),(26,37,38),(38,
39,26),(26,39,36),(40,32,31),(40,31,30),(33,32,40),(34,41,35),(42,41,34),
(42,34,36),(35,43,27),(44,35,41),(35,45,43),(46,35,44),(46,45,35),(47,28,
27),(27,43,45),(27,45,47),(29,28,48),(47,48,28),(48,19,29),(44,41,49),(42,
49,41),(20,50,21),(50,20,22),(9,21,51),(50,52,21),(51,21,52),(53,10,9),
(51,54,9),(9,54,53),(11,10,55),(56,10,53),(55,10,56),(12,11,55),(22,52,
50),(57,58,59),(58,57,60),(59,61,57),(60,57,62),(57,63,62),(57,61,63),(59,
58,64),(58,65,64),(60,66,58),(58,66,65),(59,64,67),(67,13,59),(59,13,61),
(67,64,68),(64,39,68),(64,65,39),(67,68,69),(69,14,67),(67,14,13),(69,68,
70),(68,38,70),(68,39,38),(69,70,71),(71,15,69),(69,15,14),(71,70,72),(70,
37,72),(70,38,37),(71,72,4),(4,5,71),(71,5,15),(4,72,40),(72,33,40),(72,
37,33),(4,40,7),(7,40,30),(7,30,23),(60,62,73),(73,74,60),(60,74,66),(73,
62,75),(62,76,75),(62,63,76),(73,75,77),(77,78,73),(73,78,74),(77,75,79),
(75,80,79),(75,76,80),(77,79,81),(81,82,77),(77,83,78),(77,82,83),(81,79,
84),(79,85,84),(79,80,86),(79,86,85),(81,84,87),(87,88,81),(81,88,82),(84,
89,87),(84,85,89),(87,89,88),(90,91,92),(93,91,90),(92,93,90),(92,91,94),
(91,95,94),(95,91,93),(92,94,96),(96,93,92),(96,94,97),(94,95,98),(97,94,
99),(99,94,98),(100,101,102),(100,51,101),(103,100,102),(54,51,100),(54,
100,103),(102,101,104),(101,105,104),(51,105,101),(102,104,105),(102,105,
103),(106,46,107),(106,45,46),(107,47,106),(47,45,106),(107,46,44),(108,
107,44),(109,107,108),(109,47,107),(108,44,49),(110,111,112),(113,111,110),
(112,113,110),(112,111,114),(114,111,115),(115,111,116),(113,117,111),(111,
118,116),(117,118,111),(115,112,114),(119,112,115),(119,113,112),(96,120,
93),(96,97,120),(93,120,121),(122,121,120),(122,120,22),(22,120,52),(120,
97,52),(93,121,123),(123,95,93),(121,124,123),(124,121,122),(95,123,98),
(123,124,125),(123,125,116),(116,98,123),(122,126,124),(124,127,125),(124,
126,127),(22,128,122),(129,126,122),(122,128,129),(19,130,22),(22,130,128),
(52,97,131),(105,52,131),(51,52,105),(97,56,131),(132,56,97),(97,133,132),
(99,133,97),(103,105,131),(103,131,53),(53,131,56),(53,54,103),(132,55,
56),(80,76,12),(55,80,12),(86,80,55),(12,76,63),(12,63,61),(61,13,12),(36,
39,65),(36,65,66),(66,74,36),(36,74,78),(78,83,36),(36,83,42),(108,134,
109),(135,134,108),(49,135,108),(109,134,48),(136,48,134),(136,134,135),
(109,48,47),(136,137,48),(48,137,19),(115,125,119),(115,116,125),(119,125,
138),(125,139,138),(125,127,139),(119,138,137),(137,113,119),(138,140,137),
(138,139,140),(137,117,113),(136,117,137),(137,126,19),(137,140,126),(98,
116,141),(142,116,118),(141,116,142),(127,143,139),(126,143,127),(143,140,
139),(140,143,126),(99,98,141),(117,144,118),(136,49,117),(145,117,49),
(144,117,145),(146,147,118),(148,146,118),(118,147,149),(118,149,142),(118,
144,133),(118,133,99),(148,118,99),(146,150,147),(151,150,146),(151,146,
148),(152,149,147),(147,150,153),(152,147,153),(141,142,149),(141,149,152),
(153,150,151),(154,155,156),(157,155,154),(156,158,154),(157,154,159),(159,
154,160),(154,158,160),(156,155,161),(155,162,161),(162,155,157),(161,163,
156),(164,158,156),(156,165,164),(156,163,165),(161,162,166),(166,167,161),
(161,167,163),(162,168,166),(157,168,162),(168,169,166),(166,169,167),(157,
170,168),(157,171,170),(159,171,157),(168,170,172),(172,173,168),(168,173,
169),(170,174,172),(171,174,170),(174,175,172),(172,175,173),(171,176,174),
(159,176,171),(176,177,174),(174,177,175),(159,178,176),(159,160,178),(176,
178,179),(179,180,176),(176,180,177),(181,179,178),(178,160,181),(182,179,
181),(182,183,179),(179,183,180),(182,181,184),(184,185,182),(182,185,183),
(184,181,160),(186,184,160),(187,184,186),(187,188,184),(184,188,185),(160,
158,186),(158,187,186),(164,187,158),(164,189,187),(187,189,188),(164,165,
189),(180,183,190),(183,185,188),(191,183,188),(190,183,191),(175,180,190),
(177,180,175),(191,188,189),(163,189,165),(163,192,189),(192,191,189),(167,
192,163),(175,190,173),(167,169,173),(173,193,167),(173,190,193),(167,193,
192),(135,49,136),(194,19,126),(130,19,194),(145,49,42),(194,126,129),(195,
55,132),(195,86,55),(196,195,132),(145,88,195),(196,145,195),(195,88,89),
(195,89,85),(85,86,195),(197,132,133),(198,132,197),(198,196,132),(145,
82,88),(199,144,145),(42,83,145),(145,83,82),(199,145,196),(200,133,144),
(200,144,199),(197,133,200),(141,152,99),(99,152,153),(99,153,148),(148,
153,151),(198,197,201),(198,201,196),(201,197,193),(197,200,193),(201,193,
190),(190,191,201),(201,191,199),(201,199,196),(193,200,192),(192,199,191),
(200,199,192),(130,202,203),(129,204,205),(202,194,129),(202,130,194),(205,
202,129),(203,204,130),(204,128,130),(129,128,204)),());
#172=COMPLEX_TRIANGULATED_FACE('ConvergentBody',#174,498,((-0.99807480120169,
0.0620216994785415,0.),(-0.997880319859764,0.065074144227112,0.000472217835034503),
(-0.969422780598458,0.245396165577941,-0.000440881386844026),(-1.,0.,0.),
(0.,0.,-1.),(0.,0.,-1.),(-0.96599984251166,0.258538976330924,0.00137912479676793),
(0.,0.,1.),(-0.879394827738987,0.476091488934715,-0.00127714910808731),
(-0.866148878154971,0.499781326249214,0.00217871601244189),(-0.735436172828831,
0.67759102118198,-0.00201089742221829),(-0.707254840848993,0.706952848644282,
0.00287400233156677),(-0.546374693817646,0.837536693603301,-0.00264212485025581),
(0.,0.,-1.),(-0.500150273768984,0.865931693693419,0.00346489625493552),
(0.,0.,1.),(-0.328784975046653,0.944382528165211,-0.00648696229799908),
(-0.259126960695347,0.965833825182624,0.00427087507327036),(-0.172257038553796,
0.972510655975843,-0.156686108772001),(-0.069534676565198,0.997578388258517,
0.00151262504024852),(0.,0.,-1.),(0.,0.,-1.),(-0.0347913611711756,0.999394525742316,
0.000378291088851392),(0.,1.,0.),(0.,1.,0.),(0.,0.,-1.),(0.,0.,-1.),(0.,
-1.,0.),(0.,0.,-1.),(0.,0.999622947435995,-0.0274583859571979),(1.,0.,0.),
(0.,1.,0.),(0.,1.,0.),(-1.,0.,0.),(-1.,0.,0.),(-0.99568492100888,0.,-0.0927983732375713),
(0.258824296827401,0.965912048865437,0.00488847914741983),(0.117322319632659,
0.993088950482978,0.00313205118555864),(0.0637254738242314,0.997964206247799,
0.00255088887994879),(0.243238424366907,0.966136546387792,-0.0861118031710782),
(0.,0.,1.),(0.396906788703998,0.917841437568239,-0.00566538289502801),(0.0591640070082497,
0.998247675630646,0.00109470212416219),(0.,0.,-1.),(0.,1.,0.),(0.,0.,1.),
(0.,0.,1.),(0.,0.,-1.),(0.,1.,0.),(0.603258811743152,0.797535304004316,
-0.00403049885058515),(0.275365025377091,0.942088334380425,-0.19142537194267),
(0.776935480528128,0.629568471849267,-0.00384686234563249),(0.,0.,-1.),
(0.86608440087137,0.499877702310376,0.00448255509487562),(0.905257032010601,
0.42485034843498,-0.00344781525524957),(0.965856705182687,0.259035984941266,
0.00460256006498834),(0.987569873975466,0.157170719264306,-0.001763241906925),
(0.987952498119395,0.154755925818216,0.000681823873681281),(0.991398028189417,
0.130851301768187,0.00280829622856561),(0.997965347310104,0.0637066426239132,
0.00257473373645974),(1.,0.,0.),(0.,0.,-1.),(0.,0.,-1.),(0.,0.,-1.),(1.,
0.,0.),(1.,0.,0.),(0.,0.961261509508504,0.275638005974198),(0.,0.,1.),(0.,
0.,1.),(-1.,0.,0.),(0.,1.,0.),(0.,-1.,0.),(1.,0.,0.),(1.,0.,0.),(-0.258942014862564,
-0.965881047255126,0.00477864962699249),(-0.131733577373618,-0.991281230068509,
0.00279061036550718),(-0.0637067912934424,-0.997965338959176,0.00257429197844206),
(-0.155398859413161,-0.987851586045217,0.000662148803322106),(0.,0.,1.),
(-0.413938851731539,-0.910299074779001,-0.0031971055142305),(-0.154653937228112,
-0.987967392967974,-0.00160938867538358),(-0.0669006507650942,-0.997758659721388,
0.00139995649460856),(0.,0.,-1.),(0.,-1.,0.),(0.,0.,1.),(0.,0.,1.),(0.,
0.,1.),(0.,0.,-1.),(0.,0.,-1.),(-0.609756716397175,-0.792580811207843,-0.00352200420950496),
(0.,0.,-1.),(0.,0.,-1.),(0.,-1.,0.),(-0.897341406075151,-0.441330742193902,
-0.00236155407525751),(-0.966056780698285,-0.258313028388182,0.00294547649661565),
(-0.97409440971467,-0.226140029841929,-0.000876279475586901),(-0.997906595762855,
-0.0646628275731169,0.00106998282229749),(-0.998365117846932,-0.0571584767683879,
0.),(-1.,0.,0.),(-1.,0.,0.),(1.,0.,0.),(1.,0.,0.),(0.,-1.,0.),(0.,-1.,0.),
(0.,-1.,0.),(0.998058049394374,-0.0622906898241194,0.),(0.997878807119826,
-0.0650975863076429,0.000436529531967226),(0.969152037253246,-0.246463305181511,
-0.000409740025648305),(0.999999999314162,0.,3.70361486216388E-5),(0.,0.,
-1.),(0.,0.,-1.),(0.965995389859362,-0.258556132356099,0.0012779638157068),
(0.,0.,1.),(1.,0.,0.),(0.878357534118253,-0.47800274370056,-0.00119133221186271),
(0.866142279750747,-0.499793393745195,0.00202849620155931),(0.,0.,1.),(0.733231933815885,
-0.679976010450291,-0.0018858538447296),(0.707252546473159,-0.706955841583081,
0.00269695361271518),(0.641615899471254,-0.767022777625113,-0.00225746538188993),
(0.575194977424079,-0.81801611724695,-0.000608169662282676),(0.500546613400497,
-0.865699997695292,0.00407453109754855),(0.,-1.,0.),(0.373222751045381,
-0.927739523818804,-0.00203814782968885),(0.,0.,-1.),(0.,0.,-1.),(0.258480883492551,
-0.966005830518772,0.00451312227271225),(0.189169191001323,-0.981943915589652,
-0.00107880135621403),(0.,-1.,0.),(0.,-1.,0.),(0.,0.,-1.),(0.,0.,-1.),(0.,
-0.999622947435995,-0.0274583859571962),(-1.,0.,0.),(0.,-1.,0.),(0.,-1.,
0.),(1.,0.,0.),(0.,0.,-1.),(0.,0.,-1.),(0.,0.,-1.),(0.,0.,-1.),(0.,0.,-1.),
(0.,0.,-1.),(0.,0.,-1.),(0.,0.,-1.),(0.,0.,-1.),(0.,0.,-1.),(0.,0.,-1.),
(0.,0.,-1.),(0.,0.,-1.),(0.,0.99827863256352,-0.0586495674929342),(0.,0.9992347307188,
-0.0391146126828215),(0.,0.,-1.),(0.,0.,-1.),(0.,0.,-1.),(0.,0.,-1.),(0.,
0.,-1.),(0.,0.,-1.),(0.,0.,-1.),(0.,0.,-1.),(0.,0.,-1.),(0.,0.,-1.),(0.,
0.,-1.),(0.,0.,-1.),(0.,0.,-1.),(0.,0.,-1.),(0.,0.,-1.),(0.,0.,-1.),(0.,
0.,-1.),(0.,0.,-1.),(0.,0.,-1.),(0.,0.,-1.),(0.,0.,-1.),(0.,0.,-1.),(0.,
0.,-1.),(0.,0.,-1.),(0.,0.,-1.),(0.,0.,-1.),(0.,0.,-1.),(0.,0.,-1.),(0.,
0.9992347307188,-0.0391146126828215),(0.,0.998278635524891,-0.0586495170872067),
(0.,0.,-1.),(0.,0.,-1.),(0.,0.,-1.),(0.,0.,-1.),(0.,0.,-1.),(0.,0.,-1.),
(0.,0.,-1.),(0.,0.,-1.),(0.,0.,-1.),(0.,0.,-1.),(0.,0.,-1.),(0.,0.,-1.),
(0.,0.,-1.),(0.,0.,-1.),(0.,0.,-1.),(0.,0.,-1.),(0.,0.,-1.),(0.,0.,-1.),
(0.,0.,-1.),(0.,0.,-1.),(0.,0.,-1.),(0.,0.,-1.),(0.,0.,-1.),(0.995684921008881,
0.,-0.0927983732375712),(0.,0.,-1.),(0.,0.,-1.),(0.,0.,-1.),(0.,0.,-1.),
(0.,0.,-1.),(0.,0.,-1.),(0.,0.,-1.),(0.,0.,-1.),(0.,0.,-1.),(0.,0.,-1.),
(0.,0.,-1.),(0.,0.,-1.),(0.,-0.99827854162569,-0.0586511153319882),(0.,
-0.99956959471198,-0.0293364163941376),(0.,-0.998278541284804,-0.0586511211340718),
(1.45203507662108E-6,-0.998278721073285,-0.0586480609242825),(0.,0.,-1.),
(0.,0.,-1.),(0.,0.,-1.),(0.,0.,-1.),(0.,0.,-1.),(0.,0.,-1.),(0.,0.,-1.),
(0.,0.,-1.),(0.,0.,-1.),(0.,0.,-1.),(0.,0.,-1.),(0.,0.,-1.),(0.,0.,-1.),
(0.,0.,-1.),(0.,-0.99827854162569,-0.0586511153319882),(0.,-0.998278541284804,
-0.0586511211340718),(-1.45203507662108E-6,-0.998278721073285,-0.0586480609242825),
(0.,-0.99956959471198,-0.0293364163941376),(0.,0.,-1.),(0.,0.,-1.),(0.,
0.,-1.),(0.,0.,-1.),(0.,0.,-1.),(0.,0.,-1.),(0.,0.,-1.),(0.,0.,-1.),(0.,
0.,-1.),(0.,0.,-1.),(0.,0.,-1.),(0.,0.,-1.),(0.,0.,-1.),(0.,0.,-1.),(0.,
0.,-1.),(0.,0.,-1.),(0.,0.,-1.),(0.,0.,-1.),(0.,0.,-1.),(2.83549670229641E-6,
0.998277950087429,-0.0586611827463424),(0.,0.99827855189254,-0.0586509405835121),
(2.03979898104612E-6,0.99827808872414,-0.0586588234549301),(0.,0.998278541284804,
-0.0586511211340723),(-1.45203507412881E-6,0.998278721073285,-0.0586480609242883),
(0.,0.99956959471198,-0.0293364163941411),(0.,0.,-1.),(0.,0.,-1.),(0.,0.,
-1.),(0.,0.,-1.),(0.,0.,-1.),(0.,0.,-1.),(0.,0.,-1.),(0.,0.,-1.),(0.,0.,
-1.),(0.,0.,-1.),(0.,0.,-1.),(0.,0.,-1.),(0.,0.,-1.),(0.,1.,0.),(0.,1.,
0.),(0.,1.,0.),(0.,0.,-1.),(0.,0.,-1.),(0.,0.,-1.),(1.,0.,0.),(0.,-1.,0.),
(1.,0.,0.),(0.,-1.,0.),(0.,0.,-1.),(-1.,0.,0.),(0.,-1.,0.),(0.,-1.,0.),
(0.,0.,-1.),(2.08224086013838E-6,0.998278131146781,-0.0586581014844059),
(2.75839369932412E-6,0.998278049475953,-0.0586594913622516),(0.,0.999569613212769,
-0.0293357860244933),(0.,-0.999737187816368,0.0229249928466817),(0.,-0.999737187816368,
0.0229249928466817),(0.,-0.999737187816368,0.0229249928466817),(-1.,0.,
0.),(0.,-0.999737187816368,0.0229249928466817),(-1.,0.,0.),(1.,0.,0.),(-1.,
0.,0.),(-1.,0.,0.),(0.,-1.,0.),(0.,-0.998278680836806,-0.0586487458239909),
(-1.,0.,0.),(0.,-0.999569613212769,-0.0293357860244887),(0.,0.,1.),(0.,
0.999737187816368,0.0229249928466755),(0.,0.999737187816368,0.0229249928466755),
(0.,0.999737187816368,0.0229249928466755),(1.,0.,0.),(0.,0.999737187816368,
0.0229249928466755),(-1.,0.,0.),(-1.,0.,0.),(1.,0.,0.),(0.,1.,0.),(1.,0.,
0.),(0.,0.,1.),(0.,1.,0.),(0.,0.99827868102085,-0.0586487426913101),(0.,
0.999569613212769,-0.0293357860244933),(-1.,0.,0.),(1.,0.,0.),(1.,0.,0.),
(0.,0.877260101075578,-0.480015327943668),(-1.,0.,0.),(0.,-0.999737187816368,
0.0229249928466817),(0.,-0.999737187816368,0.0229249928466817),(0.,-0.999737187816368,
0.0229249928466817),(-1.,0.,0.),(0.,-0.999737187816368,0.0229249928466817),
(1.,0.,0.),(-1.,0.,0.),(0.,-1.,0.),(-1.,0.,0.),(0.,0.,1.),(1.,0.,0.),(0.,
0.999737187816368,0.0229249928466755),(1.,0.,0.),(0.,1.,0.),(1.,0.,0.),
(1.,0.,0.),(0.,0.,1.),(0.,1.,0.),(0.,1.,0.),(0.,1.,0.),(0.,1.,0.),(1.,0.,
0.),(1.,0.,0.),(0.,-1.,0.),(-1.,0.,0.),(0.618028788373895,0.784820772406927,
-0.0457905223784306),(0.564750946376844,0.824639644175474,-0.0320285157415669),
(0.361862955152732,0.931744900230624,-0.0301105061790264),(0.125434646790926,
0.991506272756817,-0.0343723794393118),(0.76433232178195,0.643238231127251,
-0.0451738851074351),(0.724948531413852,0.687862324502631,-0.0359867938379652),
(-0.124217889734279,0.991620580040617,-0.0354759229601329),(-0.360741863616136,
0.932171048723227,-0.030371759201537),(-0.564101806815722,0.825080249676146,
-0.0321206030701026),(-0.724562999205345,0.688264965579437,-0.0360527022356539),
(-0.767954842748646,0.638707218789409,-0.0479421335069788),(-0.922800113436409,
0.382227221481332,-0.0483973325753789),(-0.972197887526289,0.227854019237159,
-0.0539797499706494),(-0.987035687045735,0.15169408780493,-0.0524352574436827),
(-0.995672659608867,0.0728375215354892,-0.0577117870453835),(-0.996740443829156,
-0.0697493231871817,-0.0405403447221055),(-0.974890268223044,-0.220794879966062,
-0.0289583477562868),(-0.964763131299786,-0.26009241691133,-0.0397999390684889),
(-0.855800621181774,-0.516507956021275,-0.028719821580467),(-0.750928942418458,
-0.659566797012385,-0.0328232191766728),(-0.721250025145656,-0.692191077327914,
-0.0258826910311253),(-0.567624015074471,-0.822843564453289,-0.0270452574131327),
(-0.371163219913283,-0.928013952456989,-0.0320619436210741),(-0.144771226542445,
-0.989307739330807,-0.0176490471573917),(0.0785891793429488,-0.996214504197403,
-0.0371537685426972),(0.133506051470319,-0.990857393311336,-0.0194360577553631),
(0.36323822714206,-0.93134775735217,-0.0254822529964925),(0.42104669827251,
-0.905930370604745,-0.044831255723741),(0.711566141687171,-0.70196827205208,
-0.0302352614781238),(0.741124041652724,-0.670867615983653,-0.0259190414317604),
(0.850134317114563,-0.525838923468446,-0.0276598884614883),(0.925886704348941,
-0.376464087443263,-0.0317584882412144),(0.973211207476174,-0.226734423804676,
-0.0380978569571691),(0.995357907883761,-0.0690841033973341,-0.0670076254694101),
(0.976682302228785,0.212829678083499,-0.0281994439653321),(0.933022044524902,
0.3584059817519,-0.0318593263429737),(0.91929107004756,0.392546653802161,
-0.0284789943561743),(0.764332317450374,0.643238236487715,-0.0451738820682402),
(0.724948531536997,0.687862324177361,-0.0359867975745275),(0.564750946217926,
0.82463964439772,-0.0320285128215299),(0.361862955152732,0.931744900230624,
-0.0301105061790264),(0.86326333611456,0.50336820448156,-0.0373746336084992),
(0.840650321256617,0.540843989349319,-0.0281924911254794),(0.125434646889369,
0.991506272699409,-0.0343723807360493),(-0.124217889685347,0.991620580069468,
-0.0354759223250181),(-0.360741863917258,0.932171048555085,-0.0303717607855627),
(-0.564101806973567,0.825080249453843,-0.0321206060083097),(-0.617775362837637,
0.785006525386791,-0.046025603428768),(-0.842383345981344,0.537254495500937,
-0.0418079594970639),(-0.922800112753419,0.382227218850389,-0.0483973663764295),
(-0.972197888936642,0.227854022603671,-0.0539797103591914),(-0.987035687045735,
0.15169408780493,-0.0524352574436827),(-0.995672657172603,0.0728375270369722,
-0.057711822133657),(-0.996740445254939,-0.069749323285759,-0.0405403094976525),
(-0.974890266590728,-0.220794883356757,-0.0289583768560296),(-0.929062772438984,
-0.368887085993475,-0.0276528959646338),(-0.855800620845586,-0.51650795661778,
-0.0287198208705269),(-0.750928937546155,-0.659566801274844,-0.0328232449930411),
(-0.721250019935705,-0.692191082411597,-0.0258827002572545),(-0.567624014781174,
-0.822843564637991,-0.0270452579493374),(-0.371163219883715,-0.928013952393412,
-0.0320619458035621),(-0.144771226486595,-0.989307739324952,-0.0176490479437014),
(0.0785891791142865,-0.996214504193337,-0.0371537691353844),(0.133506051493959,
-0.990857393322888,-0.0194360570040035),(0.363238224971175,-0.931347758847853,
-0.0254822292759519),(0.558591892251493,-0.829114074665228,-0.0233441449387139),
(0.711566142106479,-0.701968271650199,-0.0302352609403889),(0.741124041542866,
-0.670867615938374,-0.025919045744988),(0.850134319882558,-0.525838920550244,
-0.0276598588639556),(0.925886704348941,-0.376464087443263,-0.0317584882412144),
(0.973211206837372,-0.22673442777804,-0.0380978496284308),(0.995357908275434,
-0.0690841034253587,-0.0670076196224565),(0.9766822991791,0.212829688303476,
-0.0281994724573506),(0.933022044525198,0.35840598175205,-0.0318593263326308),
(0.,1.,0.),(-1.,0.,0.),(0.126625198659841,-0.991950633380692,0.),(0.251210779088194,
-0.967932406973701,0.),(0.371752254601871,-0.928331977903608,0.),(0.593038401170268,
-0.805174176645906,0.),(0.0634403889762232,-0.997985629679378,0.),(0.776288884206694,
-0.63037732213106,0.),(0.783364177309381,-0.621563002203636,0.),(0.790339379844904,
-0.612669294698512,0.),(0.646235667684565,-0.7631379048457,0.),(0.474081149223501,
-0.880481154796015,0.),(0.480129131858876,-0.877197820756779,0.),(0.48615437267588,
-0.873872946101504,0.),(0.67718542132423,-0.735812411655257,0.),(0.830596345527404,
-0.556874950771286,0.),(0.937864930466765,-0.347000536311647,0.),(0.993031511700585,
-0.117849127148448,0.),(1.,0.,0.),(0.,1.,0.),(-0.998256357889366,-0.0590274845598049,
0.),(-0.993031511577047,-0.117849128189411,0.),(-0.937864929931244,-0.34700053775904,
0.),(-0.830596345013119,-0.556874951538358,0.),(-0.67718542484025,-0.735812408419381,
0.),(-0.486153859572252,-0.873873231551924,0.),(-0.474081232324399,-0.880481110051646,
0.),(-0.646235667684565,-0.7631379048457,0.),(-0.722216842170966,-0.691666706502921,
0.),(-0.79033937922811,-0.612669295494172,0.),(-0.776288893932301,-0.630377310154296,
0.),(-0.690219139845803,-0.723600400076258,0.),(-0.593037862453572,-0.805174573428954,
0.),(-0.371752645363576,-0.928331821422267,0.),(-0.126625195158502,-0.991950633827647,
0.),(-0.0634403937228301,-0.997985629377644,0.),(0.,-1.,0.),(1.,0.,0.),
(0.500000000307325,0.866025403607004,0.),(0.382683336310438,0.92387957229842,
0.),(0.130526209765165,0.991444859063952,0.),(-0.130526210217427,0.991444859004411,
0.),(-0.382683342061616,0.923879569916205,0.),(-0.608761530969503,0.793353262053965,
0.),(-0.793353269424063,0.608761521364606,0.),(-0.923879572298422,0.382683336310434,
0.),(-0.991444859064313,0.130526209762423,0.),(-0.991444858302718,-0.130526215547314,
0.),(-0.923879572298422,-0.382683336310434,0.),(-0.793353250301976,-0.608761546284988,
0.),(-0.608761567834771,-0.793353233766241,0.),(-0.382683336789708,-0.9238795720999,
0.),(-0.130526209761042,-0.991444859064495,0.),(0.130526215547303,-0.991444858302719,
0.),(0.382683346689814,-0.923879567999143,0.),(0.608761530572469,-0.793353262358619,
0.),(0.793353233766241,-0.608761567834771,0.),(0.923879572099904,-0.382683336789698,
0.),(0.99144485836244,-0.130526215093681,0.),(0.991444858302718,0.130526215547314,
0.),(0.923879567999147,0.382683346689804,0.),(0.793353262358618,0.608761530572471,
0.),(0.608761520055226,0.793353270428786,0.),(0.81599905970884,0.571962509629694,
-0.0836924257767137),(0.,-1.,0.),(-1.,0.,0.),(1.,0.,0.),(0.,1.,0.),(1.,
0.,0.),(0.,1.,0.)),$,(7,8,10,6,59,5,12,60,14,16,18,20,22,33,24,40,26,28,
32,34,39,194,36,196,197,195,56,57,192,58,193,297,232,54,55,50,665,660,658,
663,669,667,659,657,508,674,646,505,507,672,661,676,645,679,680,683,692,
693,694,699,690,695,698,691,696,697,506,643,504,503,397,642,641,640,27,
31,38,30,23,25,29,35,37,187,19,15,52,189,186,21,17,51,188,13,11,9,2,1,3,
4,190,191,296,295,226,688,684,682,685,635,689,681,636,687,678,677,656,675,
673,670,671,668,499,666,655,500,664,662,497,498,638,501,634,502,462,394,
639,347,313,315,318,375,373,331,311,309,307,290,287,261,417,81,251,206,
209,243,204,218,202,199,214,78,67,100,66,105,110,114,142,250,217,259,378,
360,380,382,384,401,406,436,618,465,444,486,489,453,491,477,493,496,480,
615,629,476,443,557,583,628,596,591,587,435,553,549,433,644,602,606,610,
612,608,604,600,594,589,585,581,554,416,461,464,463,139,145,550,111,107,
103,98,96,93,88,83,86,91,95,275,228,227,225,147,151,258,156,161,286,164,
169,330,173,175,346,171,527,522,359,531,167,535,418,276,419,229,230,231,
525,530,404,534,540,543,163,537,159,542,153,546,150,298,469,396,393,390,
294,391,293,395,392,291,292,414,273,686,466,467,468,409,408,457,410,456,
415,458,413,411,459,274,412,272,460,473,474,426,471,427,424,420,472,425,
470,423,422,277,278,421,284,281,237,234,221,220,268,222,267,269,223,270,
224,271,283,236,282,235,280,279,233,299,300,398,399,647,637,53,61,155,152,
148,143,160,157,141,113,109,104,101,94,90,87,85,84,89,92,97,99,102,106,
108,112,140,144,146,149,154,158,162,166,170,174,172,168,165,595,592,588,
584,601,598,558,556,552,548,544,539,533,529,526,524,523,528,532,536,538,
541,545,547,551,555,580,582,586,590,593,599,603,607,611,609,605,82,79,200,
201,203,205,198,207,208,242,244,262,289,306,308,310,312,314,316,376,372,
377,379,381,383,400,402,437,452,485,487,488,490,492,494,495,613,616,405,
361,348,332,288,260,252,219,215,216,249,257,285,329,342,358,403,432,442,
475,479,478,445,434,407,597,614,77,617,374,317,80),((1,2,3),(2,1,4),(5,
1,3),(6,1,5),(4,1,6),(3,2,7),(7,2,8),(8,2,4),(3,7,9),(5,3,9),(9,7,10),(8,
10,7),(9,10,11),(9,11,5),(11,10,12),(8,12,10),(11,12,13),(11,13,14),(5,
11,14),(13,12,15),(16,15,12),(16,12,8),(13,15,17),(14,13,17),(17,15,18),
(18,15,16),(17,18,19),(19,14,17),(19,18,16),(19,16,20),(21,19,20),(22,19,
21),(19,22,14),(20,16,23),(23,16,21),(21,16,24),(24,16,25),(8,25,16),(21,
20,23),(21,24,22),(5,14,26),(14,22,26),(5,27,6),(27,28,6),(6,28,4),(26,
29,5),(30,5,29),(5,30,27),(29,26,22),(22,31,29),(31,32,29),(29,32,33),(29,
33,30),(34,35,27),(27,36,34),(35,28,27),(27,30,36),(24,25,22),(22,25,31),
(37,38,39),(37,40,38),(39,41,37),(41,42,37),(37,42,40),(39,38,43),(43,38,
44),(44,38,40),(39,43,44),(39,44,45),(46,41,39),(47,46,39),(47,39,45),(44,
40,48),(45,44,49),(48,49,44),(42,41,50),(50,41,46),(42,51,40),(42,50,51),
(40,51,48),(50,46,52),(50,52,53),(51,50,53),(52,46,54),(54,46,47),(52,54,
55),(53,52,55),(55,54,56),(47,56,54),(55,56,57),(53,55,57),(57,56,58),(58,
56,59),(59,56,60),(47,60,56),(57,58,61),(57,61,53),(59,62,58),(58,62,63),
(58,63,64),(61,58,64),(59,60,62),(62,60,63),(63,60,65),(65,60,66),(66,60,
47),(64,63,65),(48,51,67),(51,53,67),(64,65,66),(47,68,66),(66,68,64),(45,
69,47),(48,69,45),(45,49,48),(48,70,69),(70,71,69),(64,68,72),(73,74,68),
(68,74,72),(67,70,48),(75,76,77),(78,76,75),(79,75,77),(79,80,75),(75,80,
81),(75,81,78),(77,76,82),(82,76,83),(83,76,78),(77,82,83),(77,83,84),(77,
85,79),(77,86,85),(87,86,77),(77,84,87),(83,78,88),(88,89,83),(84,83,89),
(80,79,90),(90,79,85),(80,90,81),(78,81,88),(81,90,91),(81,91,92),(88,81,
93),(92,93,81),(90,85,91),(91,85,86),(91,86,94),(92,91,94),(94,86,95),(87,
95,86),(94,95,96),(92,94,96),(96,95,97),(87,97,95),(96,97,98),(96,98,92),
(98,97,99),(99,97,100),(100,97,87),(92,98,99),(93,101,88),(88,101,102),
(84,89,88),(88,102,84),(101,93,92),(92,99,34),(34,36,92),(92,36,101),(100,
34,99),(35,34,100),(103,101,104),(103,102,101),(104,101,105),(101,36,105),
(87,35,100),(106,107,108),(109,107,106),(110,106,108),(111,106,110),(109,
106,111),(108,107,112),(112,107,113),(114,107,109),(113,107,114),(108,112,
115),(110,108,115),(115,112,116),(116,112,117),(117,112,113),(115,116,118),
(115,118,110),(118,116,119),(117,119,116),(118,119,120),(110,118,120),(120,
119,121),(121,119,122),(117,122,119),(120,121,123),(110,120,123),(121,122,
124),(125,121,124),(126,121,125),(123,121,126),(124,122,127),(127,122,117),
(124,127,128),(125,124,128),(128,127,117),(128,117,125),(125,117,129),(129,
117,130),(117,113,130),(125,129,126),(110,131,111),(131,109,111),(123,132,
110),(132,133,110),(133,131,110),(126,132,123),(126,134,132),(132,135,133),
(132,134,136),(136,135,132),(74,137,131),(137,109,131),(72,74,131),(72,
131,133),(126,129,130),(130,134,126),(138,139,140),(141,142,140),(140,142,
143),(140,143,138),(144,145,139),(144,139,138),(146,145,144),(144,147,146),
(144,148,147),(149,150,148),(149,148,144),(151,141,152),(151,142,141),(153,
154,155),(155,156,153),(153,157,154),(158,159,157),(158,157,153),(158,160,
159),(160,161,162),(161,160,158),(162,163,152),(164,165,162),(165,163,162),
(164,162,166),(166,162,167),(167,162,168),(168,162,169),(169,162,170),(162,
171,170),(162,161,171),(172,156,150),(172,150,149),(153,156,172),(152,163,
151),(138,143,173),(174,173,175),(138,173,174),(174,175,176),(176,177,174),
(174,177,178),(179,178,180),(174,178,179),(181,142,182),(182,142,151),(183,
184,185),(183,186,184),(185,187,183),(188,187,189),(183,187,188),(188,189,
190),(191,190,192),(188,190,191),(181,193,192),(191,192,194),(194,192,195),
(195,192,196),(197,196,192),(192,193,198),(192,198,199),(199,200,192),(192,
200,201),(192,201,197),(202,180,186),(179,180,202),(202,186,183),(182,193,
181),(195,196,203),(204,195,203),(204,205,195),(198,193,133),(133,193,206),
(182,206,193),(199,198,207),(207,198,208),(208,198,209),(209,198,210),(210,
198,211),(211,198,212),(212,198,213),(213,198,214),(214,198,215),(215,198,
216),(216,198,217),(217,198,218),(218,198,165),(219,165,198),(133,220,198),
(198,221,219),(222,221,198),(220,222,198),(218,165,223),(224,218,223),(224,
225,218),(223,165,226),(226,165,227),(227,165,228),(228,165,229),(229,165,
230),(230,165,231),(231,165,232),(232,165,233),(233,165,234),(234,165,235),
(235,165,236),(236,165,164),(36,163,165),(219,237,165),(237,238,165),(165,
238,239),(239,240,165),(240,36,165),(169,170,241),(241,170,242),(242,170,
243),(242,243,244),(244,243,245),(245,243,246),(245,246,247),(247,246,248),
(248,246,249),(248,249,250),(250,249,251),(251,249,252),(251,252,253),(253,
252,254),(254,252,255),(255,252,256),(253,254,257),(253,257,258),(258,257,
259),(151,163,260),(261,262,163),(262,260,163),(261,163,263),(263,163,264),
(163,265,264),(30,265,163),(30,163,36),(255,256,266),(266,256,267),(267,
256,268),(267,268,269),(269,268,270),(270,268,205),(270,205,271),(271,205,
204),(258,259,272),(272,259,273),(272,273,274),(274,273,275),(274,275,276),
(276,275,277),(276,277,278),(278,277,225),(278,225,224),(31,25,8),(31,279,
32),(64,72,61),(67,53,70),(206,70,53),(280,70,206),(280,281,70),(281,71,
70),(53,61,72),(282,283,284),(285,283,282),(284,286,282),(282,287,285),
(282,286,288),(282,136,287),(288,136,282),(284,283,289),(283,285,289),(289,
290,284),(284,290,103),(284,103,104),(104,286,284),(289,285,290),(285,103,
290),(287,103,285),(104,136,286),(104,291,136),(104,292,291),(104,105,292),
(286,136,288),(137,74,109),(109,74,293),(74,73,293),(109,293,114),(293,
73,114),(130,113,134),(113,114,73),(133,206,72),(72,206,53),(135,220,133),
(294,206,182),(294,295,206),(295,296,206),(206,296,280),(87,84,102),(136,
134,287),(136,291,135),(297,298,299),(297,300,298),(297,299,300),(299,298,
301),(298,219,301),(298,302,219),(298,300,302),(299,301,303),(300,299,303),
(301,219,221),(301,221,222),(303,301,222),(302,237,219),(302,300,304),(304,
300,305),(305,300,306),(306,300,303),(304,307,302),(302,307,237),(304,305,
308),(308,291,304),(291,309,304),(309,307,304),(305,306,308),(308,310,291),
(308,306,310),(291,310,135),(291,292,309),(303,222,220),(220,306,303),(311,
312,313),(311,314,312),(311,313,314),(313,312,315),(312,182,315),(294,182,
312),(312,314,295),(312,295,294),(313,315,316),(314,313,316),(315,182,151),
(151,260,315),(315,262,317),(316,315,317),(315,260,262),(295,314,296),(296,
314,318),(314,319,318),(316,319,314),(296,318,320),(320,280,296),(319,320,
318),(321,280,320),(321,320,319),(322,281,280),(322,280,321),(317,262,323),
(323,324,317),(316,317,325),(317,324,325),(323,262,261),(261,326,323),(323,
326,327),(323,327,324),(328,261,263),(326,261,328),(264,328,263),(264,329,
328),(265,329,264),(325,319,316),(330,331,332),(330,333,331),(330,332,333),
(332,331,334),(331,238,334),(331,239,238),(331,333,239),(332,334,335),(333,
332,335),(334,238,237),(334,237,307),(335,334,307),(239,333,240),(240,333,
336),(336,333,337),(337,333,335),(240,336,338),(338,105,240),(36,240,105),
(336,337,338),(338,339,105),(338,337,339),(105,339,292),(309,337,335),(335,
307,309),(326,340,327),(340,326,341),(341,326,328),(324,327,342),(327,343,
342),(340,341,327),(327,341,329),(329,343,327),(324,342,344),(344,345,324),
(345,325,324),(343,344,342),(346,345,344),(346,344,343),(33,345,346),(33,
32,345),(345,32,281),(345,281,322),(322,325,345),(329,341,328),(265,343,
329),(33,346,265),(30,33,265),(265,346,343),(347,348,349),(347,279,348),
(349,32,347),(32,279,347),(349,348,350),(348,71,350),(279,71,348),(350,
281,349),(281,32,349),(71,281,350),(322,321,325),(325,321,319),(8,4,28),
(135,310,220),(292,339,309),(309,339,337),(220,310,306),(351,68,47),(351,
73,68),(352,73,351),(113,73,352),(353,87,102),(287,353,103),(113,352,134),
(287,134,352),(287,352,353),(103,353,102),(28,354,8),(87,353,35),(35,353,
28),(353,354,28),(71,351,69),(279,354,71),(31,8,354),(354,279,31),(71,354,
351),(69,351,47),(244,355,356),(242,356,357),(241,357,358),(245,359,360),
(360,244,245),(358,169,241),(357,241,242),(356,242,244),(355,244,360),(168,
169,361),(167,168,362),(166,167,363),(164,166,364),(364,365,164),(363,364,
166),(362,363,167),(361,362,168),(361,169,358),(236,164,365),(235,236,366),
(234,235,367),(234,368,369),(232,233,370),(231,232,371),(371,372,231),(370,
371,232),(370,233,369),(369,233,234),(367,368,234),(366,367,235),(365,366,
236),(230,231,372),(229,230,373),(229,374,375),(228,375,376),(376,227,228),
(375,228,229),(373,374,229),(372,373,230),(226,227,377),(223,226,378),(223,
379,380),(278,224,381),(381,382,278),(381,224,380),(380,224,223),(378,379,
223),(377,378,226),(377,227,376),(276,278,382),(276,383,384),(274,384,385),
(272,385,386),(258,386,387),(387,253,258),(386,258,272),(385,272,274),(384,
274,276),(382,383,276),(253,387,388),(250,251,388),(248,250,389),(248,390,
391),(247,391,359),(359,245,247),(391,247,248),(389,390,248),(388,389,250),
(388,251,253),(199,392,393),(200,393,394),(201,394,395),(207,396,397),(397,
199,207),(395,197,201),(394,201,200),(393,200,199),(197,395,398),(203,196,
399),(204,203,400),(271,204,401),(401,402,271),(400,401,204),(399,400,203),
(399,196,398),(398,196,197),(270,271,402),(269,270,403),(267,269,404),(266,
267,405),(266,406,407),(408,255,407),(407,255,266),(405,406,266),(404,405,
267),(403,404,269),(402,403,270),(254,255,408),(257,254,409),(259,257,410),
(273,259,411),(273,412,413),(413,275,273),(411,412,273),(410,411,259),(409,
410,257),(408,409,254),(275,413,414),(225,277,415),(218,225,416),(218,417,
418),(418,217,218),(416,417,218),(415,416,225),(415,277,414),(414,277,275),
(216,217,419),(215,216,420),(215,421,422),(214,422,423),(213,423,424),(424,
212,213),(423,213,214),(422,214,215),(420,421,215),(419,420,216),(419,217,
418),(212,424,425),(211,425,426),(209,210,426),(208,209,427),(208,428,396),
(396,207,208),(427,428,208),(426,427,209),(426,210,211),(425,211,212),(429,
152,141),(430,162,152),(159,160,431),(159,432,433),(157,433,434),(434,154,
157),(433,157,159),(431,432,159),(431,160,435),(435,160,162),(155,154,436),
(155,437,438),(150,156,439),(148,150,440),(148,441,442),(147,442,443),(146,
443,444),(145,444,445),(139,445,446),(140,446,447),(447,141,140),(446,140,
139),(445,139,145),(444,145,146),(443,146,147),(442,147,148),(440,441,148),
(439,440,150),(439,156,438),(438,156,155),(436,437,155),(436,154,434),(448,
142,181),(143,449,450),(173,450,451),(175,451,452),(176,452,453),(453,177,
176),(452,176,175),(451,175,173),(450,173,143),(449,143,142),(177,453,454),
(180,178,455),(186,180,456),(186,457,458),(185,184,459),(185,460,461),(187,
461,462),(190,189,463),(190,464,465),(465,192,190),(463,464,190),(463,189,
462),(462,189,187),(461,187,185),(459,460,185),(459,184,458),(458,184,186),
(456,457,186),(455,456,180),(455,178,454),(454,178,177),(466,181,192),(179,
467,468),(174,468,469),(138,469,470),(470,144,138),(469,138,174),(468,174,
179),(144,470,471),(149,471,472),(172,472,473),(153,473,474),(474,158,153),
(473,153,172),(472,172,149),(471,149,144),(158,474,475),(161,475,476),(171,
476,477),(170,477,478),(478,243,170),(477,170,171),(476,171,161),(475,161,
158),(243,478,479),(246,479,480),(249,480,481),(252,481,482),(482,256,252),
(481,252,249),(480,249,246),(479,246,243),(256,482,483),(268,483,484),(205,
484,485),(195,485,486),(486,194,195),(485,195,205),(484,205,268),(483,268,
256),(194,486,487),(191,487,488),(188,488,489),(183,489,490),(490,202,183),
(489,183,188),(488,188,191),(487,191,194),(491,179,202),(202,490,491),(467,
179,491),(492,392,199),(199,397,492),(493,192,465),(192,493,466),(494,162,
430),(162,494,435),(495,181,466),(181,495,448),(496,142,448),(142,496,449),
(497,141,447),(141,497,429),(498,152,429),(152,498,430)),());
#173=TESSELLATED_SHELL('cherry_ref',(#171,#104,#172,#105,#106,#107,#108,
#109,#110,#111,#112,#113),$);
#174=COORDINATES_LIST('',699,((-0.0077999997945705,-0.00731225369708283,
-0.00118732020010214),(-0.0077999997945705,-0.00731225369708283,-0.000386270416775),
(-0.0077999997945705,-0.00580725065096592,-0.00118732020010214),(-0.0077999997945705,
-0.00580725065096592,-0.000386270416775),(-0.0077999997945705,0.00579581465424485,
-0.00118732020010214),(-0.0077999997945705,0.00579581465424485,-0.000386270416775),
(-0.0077999997945705,0.00708670785881937,-0.00118732020010214),(-0.0077999997945705,
0.00708670785881937,-0.000386270416775),(-0.00778701552633632,-0.00742527761722347,
-0.00118732020010214),(-0.00778472093053664,0.00720916953651339,-0.00118732020010214),
(-0.00778301675529917,-0.00744125256546901,-0.000386270416775),(-0.00778301675529917,
0.00721570672720555,-0.000386270416775),(-0.00774873946740397,-0.00753241278255868,
-0.00118732020010214),(-0.00773982125602147,0.00732412321381488,-0.00118732020010214),
(-0.0077332250531779,-0.00756146041758283,-0.000386270416775),(-0.0077332250531779,
0.00733591457931937,-0.000386270416775),(-0.00768716576995089,-0.00762807716191464,
-0.00118732020010214),(-0.00766805350845962,0.00742452102562004,-0.00118732020010214),
(-0.007654017886913,-0.00766468523042534,-0.000386270416775),(-0.007654017886913,
0.00743913939216186,-0.000386270416775),(-0.00760550252193143,-0.00770728652119869,
-0.00118732020010214),(-0.00757381778139093,0.00750420756593249,-0.00118732020010214),
(-0.0075507930740705,-0.00774389239669025,-0.000386270416775),(-0.0075507930740705,
0.00751834655842677,-0.000386270416775),(-0.00750800457920871,-0.00776591379775395,
-0.00118732020010214),(-0.0074628914840581,0.00755829728652088,-0.00118732020010214),
(-0.00743058522195668,-0.00779368409881152,-0.000386270416775),(-0.00743058522195668,
0.00756813826054806,-0.000386270416775),(-0.0073997517715734,-0.00780090441496592,
-0.00118732020010214),(-0.0073997517715734,-0.00780090441496592,-0.001183731922375),
(-0.00736726907111386,-0.00780632027509852,-0.001183731922375),(-0.00735316735994496,
0.00758244501900658,-0.001183731922375),(-0.00734207576691164,0.00758347394371417,
-0.00118732020010214),(-0.00733600788231553,0.00758393118820495,-0.001183731922375),
(-0.00733449948387768,-0.00780957920122383,-0.001183731922375),(-0.00731880743510124,
0.00758482364731242,-0.001183731922375),(-0.0073015863535705,-0.00781066713808283,
-0.001183731922375),(-0.0073015863535705,-0.00781066713808283,-0.000386270416775),
(-0.0073015863535705,0.00758512129981937,-0.001183731922375),(-0.0073015863535705,
0.00758512129981937,-0.000386270416775),(-0.00727168134774512,-0.00727258596814054,
-0.000337425700191624),(-0.00727168134774512,-0.00727258596814054,-0.000239736267024871),
(-0.00727168134774512,0.00726114997141949,-0.000337425700191624),(-0.00727168134774512,
0.00726114997141949,-0.000239736267024871),(-0.00727168134774512,0.00730668542211999,
-0.000222043885744318),(-0.00716059994414945,0.00723530773291706,2.68797359211952E-5),
(-0.00715060525941708,0.00715935351181621,2.22609385634482E-5),(-0.00715060525941708,
0.00723663211711249,2.22609385634482E-5),(-0.00712299026398772,-0.00714757171584977,
8.20173209279502E-5),(-0.00697263308377974,-0.00697353770417516,-0.002584273691585),
(-0.00697263308377974,-0.00697353770417516,-0.00118732020010214),(-0.00697263308377974,
-0.00697353770417516,-0.000386270416775),(-0.00697263308377974,-0.00697353770417516,
-0.000337425700191624),(-0.00697263308377974,-0.00580725065096592,-0.00118732020010214),
(-0.00697263308377974,-0.00580725065096592,-0.000386270416775),(-0.00697263308377974,
0.00579581465424485,-0.00118732020010214),(-0.00697263308377974,0.00579581465424485,
-0.000386270416775),(-0.00697263308377974,0.00696210170745411,-0.002584273691585),
(-0.00697263308377974,0.00696210170745411,-0.00118732020010214),(-0.00697263308377974,
0.00696210170745411,-0.000386270416775),(-0.00697263308377974,0.00696210170745411,
-0.000337425700191624),(-0.00674376412373975,-0.00657297458420065,0.000902627140381754),
(-0.00674376412373975,-0.00297402931418754,0.000902627140381754),(-0.00674376412373975,
0.00280742006786082,0.000902627140381754),(-0.00674376412373975,0.00698419119179383,
0.000902627140381754),(-0.00635460051662243,-0.00678414099532591,-0.00580801202733838),
(-0.00635460051662243,0.00677270499860485,-0.00580801202733838),(-0.00602993420052041,
-0.00546624305273919,5.53242906817529E-5),(-0.00602993420052041,-0.00546624305273919,
0.000902627140381754),(-0.00602993420052041,-0.00297417584773919,5.53242906817529E-5),
(-0.00602993420052041,-0.00297417584773919,0.000902627140381754),(-0.00598577476964781,
0.00280742006786082,5.53242906817529E-5),(-0.00598577476964781,0.00280742006786082,
0.000902627140381754),(-0.00598577476964781,0.00629631415486083,5.53242906817529E-5),
(-0.00598577476964781,0.00629631415486083,0.000902627140381754),(-0.00560987524007045,
-0.00714757171584977,8.20174206106381E-5),(-0.00542235665274958,0.00110319199856887,
-0.0058080121473908),(-0.00542235665274958,0.00110319199856887,-0.00580801202733838),
(-0.00542235665274958,0.00110319427458673,-0.0058080121473908),(-0.00542235665274958,
0.00677270499860485,-0.0058080121473908),(-0.00542235665274958,0.00677270499860485,
-0.00580801202733838),(-0.00542235475644929,0.00677270499860485,-0.0058080121473908),
(-0.00535777373430512,-0.00606642544092053,-0.00580801202733838),(-0.00535777371487707,
-0.00606642564877564,-0.0058080121473908),(-0.00535777370915652,-0.00606642519226668,
-0.0058080121473908),(-0.00534957642812368,-0.0059583874494783,-0.00580801202733838),
(-0.00534957642193463,-0.00595838745070555,-0.0058080121473908),(-0.0053495762287583,
-0.00617446921395869,-0.00580801202733838),(-0.00534957618636642,-0.00617446938538893,
-0.0058080121473908),(-0.00532495056855091,-0.00585296617429266,-0.0058080121473908),
(-0.00532495051778269,-0.00585296592923594,-0.00580801202733838),(-0.00532494674441421,
-0.00627990352083886,-0.0058080121473908),(-0.00532494672984053,-0.00627990359326784,
-0.00580801202733838),(-0.00528383797251437,-0.00575296297977118,-0.0058080121473908),
(-0.00528383788827492,-0.00575296276119337,-0.00580801202733838),(-0.00528383738986148,
-0.00637988991493609,-0.00580801202733838),(-0.00528383732250843,-0.0063798900198578,
-0.0058080121473908),(-0.00522637679948891,-0.00647109508891811,-0.00580801202733838),
(-0.00522637673286465,-0.00647109515879667,-0.0058080121473908),(-0.0052262417294464,
-0.00566158922315098,-0.00580801202733838),(-0.00522624169159278,-0.00566158918664865,
-0.0058080121473908),(-0.00515293279140425,-0.00654976096580076,-0.0058080121473908),
(-0.0051529326881596,-0.00654976107786879,-0.00580801202733838),(-0.00515263995280193,
-0.00558283426352744,-0.0058080121473908),(-0.00515263982042167,-0.00558283411787707,
-0.00580801202733838),(-0.00506521047889261,-0.00661113061656092,-0.0058080121473908),
(-0.00506521032762059,-0.00661113072485912,-0.00580801202733838),(-0.00506521013131888,
-0.00661113079922315,-0.0058080121473908),(-0.00506459633527107,-0.00552138722618917,
-0.0058080121473908),(-0.00506459618257859,-0.00552138711712068,-0.00580801202733838),
(-0.00496574016291183,-0.00665073994006345,-0.00580801202733838),(-0.00496574001988496,
-0.00665073995885171,-0.0058080121473908),(-0.00496495045509657,-0.00548190507006467,
-0.0058080121473908),(-0.00496495027729054,-0.0054819049973438,-0.00580801202733838),
(-0.00492415862603878,-0.00657297458420065,0.000902627140381754),(-0.00492415862603878,
-0.00546624305273919,0.000902627140381754),(-0.00492415862603878,-0.00546624305273919,
0.00248320352004795),(-0.00492415862603878,-0.00297417584773919,0.000902627140381754),
(-0.00492415862603878,-0.00297417584773919,0.00484008315664756),(-0.00492415862603878,
-0.00297402931418754,0.000902627140381754),(-0.00492415862603878,-0.00297402931418754,
0.00484008315664756),(-0.00492415414031781,-0.00546624305273919,5.53242906817529E-5),
(-0.00492415414031781,-0.00546624305273919,0.00248320352004795),(-0.00492415414031781,
-0.00297417584773919,5.53242906817529E-5),(-0.00492415414031781,-0.00297417584773919,
0.00484009332428176),(-0.00492415414031781,0.00280742006786082,5.53242906817529E-5),
(-0.00492415414031781,0.00280742006786082,0.00484009332428176),(-0.00492415414031781,
0.00523735884124791,0.00482810777690065),(-0.00492415414031781,0.00534077913184197,
0.00479272750006052),(-0.00492415414031781,0.00543400018882746,0.00473565417693161),
(-0.00492415414031781,0.00577450468852683,0.00440901015629569),(-0.00492415414031781,
0.00603913670692965,0.00401835748918204),(-0.00492415414031781,0.00621618412626855,
0.00358098593849357),(-0.00492415414031781,0.00629631415486083,5.53242906817529E-5),
(-0.00492415414031781,0.00629631415486083,0.000902627140381754),(-0.00492415414031781,
0.00698419119179383,0.000902627140381754),(-0.00492415394095243,-0.0038159310567928,
0.00484009332428176),(-0.00492415394095243,0.00512871308445572,0.00484009332428176),
(-0.0048599027664943,-0.00666452117138978,-0.00580801202733838),(-0.00485990269690693,
-0.00666452116142284,-0.0058080121473908),(-0.00485914429067735,-0.00546832904316376,
-0.0058080121473908),(-0.00485914408155441,-0.00546832901267248,-0.00580801202733838),
(-0.00485914387343163,-0.00546832904316376,-0.0058080121473908),(-0.00475407072876854,
-0.00665102425634032,-0.0058080121473908),(-0.00475407055357656,-0.00665102423509019,
-0.00580801202733838),(-0.00475407037507609,-0.00665102416218788,-0.0058080121473908),
(-0.00475305518571455,-0.00548209040714386,-0.00580801202733838),(-0.00475305500956253,
-0.00548209047943589,-0.0058080121473908),(-0.0046544712519668,-0.00661165138570278,
-0.0058080121473908),(-0.00465447120010389,-0.00661165136753957,-0.00580801202733838),
(-0.00465360565532225,-0.00552167101341669,-0.00580801202733838),(-0.00465360550382958,
-0.00552167112182856,-0.0058080121473908),(-0.00456652495224718,-0.00655040433025574,
-0.00580801202733838),(-0.00456652487667019,-0.00655040424847449,-0.0058080121473908),
(-0.00456574299328329,-0.00558312615442564,-0.0058080121473908),(-0.00456574294155825,
-0.00558312618815347,-0.00580801202733838),(-0.00456574280995935,-0.00558312633312831,
-0.0058080121473908),(-0.00449288416203841,-0.00647179645666075,-0.0058080121473908),
(-0.00449288406729137,-0.00647179635662959,-0.00580801202733838),(-0.00449227773581794,
-0.00566184826135606,-0.0058080121473908),(-0.00449227769749905,-0.0056618482984576,
-0.00580801202733838),(-0.00443523446972168,-0.00638057198479019,-0.0058080121473908),
(-0.00443523437885929,-0.00638057184420606,-0.00580801202733838),(-0.00443477912802228,
-0.00575315614560849,-0.00580801202733838),(-0.00443477907448576,-0.00575315627969348,
-0.0058080121473908),(-0.00439398157212676,-0.00628055539657054,-0.0058080121473908),
(-0.00439398149580922,-0.00628055521900059,-0.00580801202733838),(-0.00439368378513258,
-0.00585323916176971,-0.0058080121473908),(-0.00439368374361957,-0.00585323925916699,
-0.00580801202733838),(-0.00436923691764243,-0.00617506034564426,-0.0058080121473908),
(-0.00436923686338658,-0.00617506013293433,-0.00580801202733838),(-0.00436908398184735,
-0.00595877658078959,-0.0058080121473908),(-0.00436908395014288,-0.00595877671037573,
-0.00580801202733838),(-0.00436094677796677,-0.00606694982121027,-0.0058080121473908),
(-0.00436094675262243,-0.00606694957249509,-0.00580801202733838),(-0.00399212090596512,
-0.00650945807115458,0.000993338187278377),(-0.00399212090596512,-0.0038159310567928,
0.00484009332428176),(-0.00399212090596512,-0.00349461208536053,0.000993338187278377),
(-0.00399212090596512,-0.00349461208536053,0.00484009332428176),(-0.00359339005348243,
-0.00277689673032053,0.00484009332428176),(-0.00359339005348243,-0.00277689673032053,
0.00484386601498206),(-0.00359339005348243,0.00276546073359947,0.00484009332428176),
(-0.00359339005348243,0.00276546073359947,0.00484386601498206),(-0.00329434198888243,
-0.00247784866572053,0.00536183241463787),(-0.00329434198888243,0.00246641266899947,
0.00536183241463787),(-0.00281586508552243,-0.00781066713808283,-0.001183731922375),
(-0.00281586508552243,-0.00781066713808283,-0.000386270416775),(-0.00281586508552243,
-0.00780090441496592,-0.00118732020010214),(-0.00281586508552243,-0.00780090441496592,
-0.001183731922375),(-0.00281586508552243,-0.00697353770417516,-0.00118732020010214),
(-0.00281586508552243,-0.00697353770417516,-0.000386270416775),(-0.00281586508552243,
0.00696210170745411,-0.00118732020010214),(-0.00281586508552243,0.00696210170745411,
-0.000386270416775),(-0.00281586508552243,0.00758244501900658,-0.001183731922375),
(-0.00281586508552243,0.00758347394371417,-0.00118732020010214),(-0.00281586508552243,
0.00758512129981937,-0.001183731922375),(-0.00281586508552243,0.00758512129981937,
-0.000386270416775),(-0.0023479370029585,0.00110319199856887,-0.0058080121473908),
(-0.0023479370029585,0.00110319199856887,-0.00580801202733838),(-0.00234793696777366,
0.00110319200306031,-0.0058080121473908),(-0.0022602922952336,0.00111438008444438,
-0.0058080121473908),(-0.0022602922952336,0.00111438008444438,-0.00580801202733838),
(-0.0021782686275419,0.00114722661352964,-0.0058080121473908),(-0.00217826859461361,
0.00114722662671584,-0.00580801202733838),(-0.00210712678321075,0.00119962501009828,
-0.0058080121473908),(-0.00210712675465097,0.00119962503113355,-0.00580801202733838),
(-0.00210712673229124,0.00119962505866881,-0.0058080121473908),(-0.0020514291523019,
0.00126821479491289,-0.0058080121473908),(-0.0020514291523019,0.00126821479491289,
-0.00580801202733838),(-0.00199846704228243,-0.000578893455510529,0.00536183241463787),
(-0.00199846704228243,-0.000578893455510529,0.00879849267333838),(-0.00199846704228243,
0.000567457458789472,0.00536183241463787),(-0.00199846704228243,0.000567457458789472,
0.00879849267333838),(-0.00192370512581511,-5.71799836052959E-6,-0.00580801202733838),
(-0.0019237051221724,-5.7179706913624E-6,-0.0058080121473908),(-0.00185832046315218,
-0.000502363638898823,-0.0058080121473908),(-0.00185832045950947,-0.00050236366656799,
-0.00580801202733838),(-0.00185832045950947,0.000490927669846933,-0.00580801202733838),
(-0.00185832044882957,0.0004909276956305,-0.0058080121473908),(-0.00182402243761511,
-0.00743152891796585,-0.00325539227434322),(-0.00182402243761511,-0.00742625141740449,
-0.00302524548192319),(-0.00182402243761511,-0.00735233201901785,-0.00298479853340723),
(-0.00182402243761511,-0.00735233201901785,-0.00288710919992316),(-0.00182402243761511,
-0.00698350617236053,-0.00245727784713551),(-0.00182402243761511,-0.00697353770417516,
-0.002584273691585),(-0.00182402243761511,-0.00697353770417516,-0.00245727784713551),
(-0.00182402243761511,-0.00691040895678616,-0.00365885247228487),(-0.00182402243761511,
-0.00687427916581344,-0.00427380344881917),(-0.00182402243761511,0.00686284316909238,
-0.00427380344881917),(-0.00182402243761511,0.00689897296006511,-0.00365885247228487),
(-0.00182402243761511,0.00696210170745411,-0.002584273691585),(-0.00182402243761511,
0.00696210170745411,-0.00245727784713551),(-0.00182402243761511,0.00697207017563948,
-0.00245727784713551),(-0.00182402243761511,0.00734089602229678,-0.00298479853340723),
(-0.00182402243761511,0.00734089602229678,-0.00288710919992316),(-0.00182402243761511,
0.00741481542068344,-0.00302524548192319),(-0.00182402243761511,0.0074200929212448,
-0.00325539227434322),(-0.00179910166588243,-0.000379528079110529,0.00899785804973838),
(-0.00179910166588243,0.000368092082389472,0.00899785804973838),(-0.00174926042146511,
-0.00499483813769354,0.000594607434478377),(-0.00174920180804445,-0.00500913971265229,
0.000993338187278377),(-0.0017428720812136,0.00166625139704634,-0.0058080121473908),
(-0.00174287195734375,0.00166625155683763,-0.00580801202733838),(-0.00174287180305211,
0.00166625168749392,-0.0058080121473908),(-0.00169387183544947,-0.00455874531652929,
0.000993338187278377),(-0.00168981983385683,-0.00544633422688652,0.000594607434478377),
(-0.00168981983385683,-0.00454334204850057,0.000594607434478377),(-0.00168649451906117,
-0.00545856638923824,0.000993338187278377),(-0.00166662238711764,-0.000965163846501963,
-0.0058080121473908),(-0.00166662237643774,-0.000965163872285529,-0.00580801202733838),
(-0.00166662237643774,0.000953727875564473,-0.00580801202733838),(-0.00166662235944848,
0.000953727897705316,-0.0058080121473908),(-0.00152424878272771,-0.00413785998659416,
0.000993338187278377),(-0.00151554887643236,-0.00586706165944354,0.000594607434478377),
(-0.00151554887643236,-0.00412261461594354,0.000594607434478377),(-0.0015099933608536,
-0.00587661405208836,0.000993338187278377),(-0.00136167470860859,-0.00136257928987389,
-0.0058080121473908),(-0.00136167469161932,-0.00136257931201473,-0.00580801202733838),
(-0.00136167469161932,0.00135114331529367,-0.00580801202733838),(-0.00136167466947847,
0.00135114333228295,-0.0058080121473908),(-0.00135853468694102,0.00199171363983956,
-0.00580801202733838),(-0.00135853450892481,0.00199171373568956,-0.0058080121473908),
(-0.00125181031396388,-0.00377496346559636,0.000993338187278377),(-0.00123832374466386,
-0.00622834850439229,0.000594607434478377),(-0.00123832374466386,-0.0037613277709948,
0.000594607434478377),(-0.00123164141597769,-0.00623499474794534,0.000993338187278377),
(-0.00110132294816511,-0.00743152891796585,-0.00325539227434322),(-0.00110132294816511,
-0.00742625141740449,-0.00302524548192319),(-0.00110132294816511,-0.00735233201901785,
-0.00298479853340723),(-0.00110132294816511,-0.00735233201901785,-0.00288710919992316),
(-0.00110132294816511,-0.00698350617236053,-0.00245727784713551),(-0.00110132294816511,
-0.00697353770417516,-0.002584273691585),(-0.00110132294816511,-0.00697353770417516,
-0.00245727784713551),(-0.00110132294816511,-0.00691040895678616,-0.00365885247228487),
(-0.00110132294816511,-0.00687427916581344,-0.00427380344881917),(-0.00110132294816511,
0.00686284316909238,-0.00427380344881917),(-0.00110132294816511,0.00689897296006511,
-0.00365885247228487),(-0.00110132294816511,0.00696210170745411,-0.002584273691585),
(-0.00110132294816511,0.00696210170745411,-0.00245727784713551),(-0.00110132294816511,
0.00697207017563948,-0.00245727784713551),(-0.00110132294816511,0.00734089602229678,
-0.00298479853340723),(-0.00110132294816511,0.00734089602229678,-0.00288710919992316),
(-0.00110132294816511,0.00741481542068344,-0.00302524548192319),(-0.00110132294816511,
0.0074200929212448,-0.00325539227434322),(-0.000964259274030958,-0.00166752697984389,
-0.0058080121473908),(-0.000964259251890114,-0.00166752699683316,-0.00580801202733838),
(-0.000964259251890114,0.0016560910001121,-0.00580801202733838),(-0.000964259226106549,
0.001656091010792,-0.0058080121473908),(-0.000915100036425467,0.00223047401334696,
-0.0058080121473908),(-0.000915100036425467,0.00223047401334696,-0.00580801202733838),
(-0.000911925840585114,-0.00844737655274938,-0.001183731922375),(-0.000911925840585114,
-0.00844737655274938,-0.000386270416775),(-0.000911925840585114,-0.00844385755449055,
-0.00118732020010214),(-0.000911925840585114,-0.00844385755449055,-0.001183731922375),
(-0.000911925840585114,-0.00697353770417516,-0.00118732020010214),(-0.000911925840585114,
-0.00697353770417516,-0.000386270416775),(-0.000911925840585114,0.00696210170745411,
-0.00118732020010214),(-0.000911925840585114,0.00696210170745411,-0.000386270416775),
(-0.000911925840585114,0.00844737655274936,-0.00118732020010214),(-0.000911925840585114,
0.00844737655274936,-0.000386270416775),(-0.00089499164583101,-0.00349461208536053,
0.000993338187278377),(-0.00089499164583101,-0.00349461208536053,0.00484009332428176),
(-0.000877036899715114,-0.0065055735364781,0.000594607434478377),(-0.000877036899715114,
-0.0034841026392263,0.000594607434478377),(-0.000870274027416873,-0.00650945807115458,
0.000993338187278377),(-0.000843239214081276,0.00227045173940056,-0.0058080121473908),
(-0.00084323918523284,0.00227045175544957,-0.00580801202733838),(-0.000782731419055453,
0.00232613847003025,-0.0058080121473908),(-0.000782731394764687,0.00232613849238561,
-0.00580801202733838),(-0.000736938083333467,0.00239444064418968,-0.0058080121473908),
(-0.000736938064949801,0.00239444067160949,-0.00580801202733838),(-0.000708403308811663,
0.00247156374095124,-0.0058080121473908),(-0.000708403297356421,0.0024715637719122,
-0.00580801202733838),(-0.000698712249982764,0.00255322339857274,-0.0058080121473908),
(-0.000698712246092305,0.0025532234313549,-0.00580801202733838),(-0.000698712246092305,
0.00677270330470002,-0.0058080121473908),(-0.000698712246092305,0.00677270499860485,
-0.0058080121473908),(-0.000698712246092305,0.00677270499860485,-0.00580801202733838),
(-0.000677671523315114,-0.00199937176236053,0.00536183241463787),(-0.000677671523315114,
-0.00199937176236053,0.00879849267333838),(-0.000677671523315114,-0.000578893455510529,
0.00536183241463787),(-0.000677671523315114,-0.000578893455510529,0.00879849267333838),
(-0.000677671523315114,0.000567457458789472,0.00536183241463787),(-0.000677671523315114,
0.000567457458789472,0.00879849267333838),(-0.000677671523315114,0.00198793576563947,
0.00536183241463787),(-0.000677671523315114,0.00198793576563947,0.00879849267333838),
(-0.000666976567698136,-0.00660872637841972,0.000851568172245391),(-0.000555734974022529,
-0.00333967019927417,0.00484009332428176),(-0.000501459071956141,-0.00185922506922499,
-0.0058080121473908),(-0.000501459046172575,-0.00185922507990489,-0.00580801202733838),
(-0.000501459046172575,0.00184778908318382,-0.00580801202733838),(-0.000501459018503408,
0.00184778908682654,-0.0058080121473908),(-0.000478306146915114,-0.00180000638596053,
0.00899785804973838),(-0.000478306146915114,-0.000379528079110529,0.00899785804973838),
(-0.000478306146915114,0.000368092082389472,0.00899785804973838),(-0.000478306146915114,
0.00178857038923947,0.00899785804973838),(-0.000456309467158084,-0.00667984459358526,
0.000594607434478377),(-0.000456309467158084,-0.00330983168180184,0.000594607434478377),
(-0.000452541660909501,-0.00668084969413039,0.000748565552114889),(-0.000230576125758108,
-0.0067246145809231,0.000686062712325102),(-0.000191295365011393,-0.00326038717448355,
0.00484009332428176),(-4.81340563428079E-6,-0.00192460974256782,-0.0058080121473908),
(-4.8133779651136E-6,-0.00673928518119354,0.000594607434478377),(-4.8133779651136E-6,
-0.00673928518119354,0.000665111006188473),(-4.8133779651136E-6,-0.00325039109419354,
0.000594607434478377),(-4.8133779651136E-6,-0.00192460974621053,-0.00580801202733838),
(-4.8133779651136E-6,0.00191317374948947,-0.00580801202733838),(-4.81335029594642E-6,
0.00191317374584676,-0.0058080121473908),(0.000181668609081166,-0.00326038717448355,
0.00484009332428176),(0.000220949369827882,-0.0067246145809231,0.000686062712325102),
(0.000442914904979274,-0.00668084969413039,0.000748565552114889),(0.000446682711227858,
-0.00667984459358526,0.000594607434478377),(0.000446682711227858,-0.00330983168180184,
0.000594607434478377),(0.000468679390984887,-0.00180000638596053,0.00899785804973838),
(0.000468679390984887,-0.000379528079110529,0.00899785804973838),(0.000468679390984887,
0.000368092082389472,0.00899785804973838),(0.000468679390984887,0.00178857038923947,
0.00899785804973838),(0.000491832262573181,-0.0018592250835476,-0.0058080121473908),
(0.000491832290242348,-0.00185922507990489,-0.00580801202733838),(0.000491832290242348,
0.00184778908318382,-0.00580801202733838),(0.000491832316025915,0.00184778907250393,
-0.0058080121473908),(0.000546108218092302,-0.00333967019927417,0.00484009332428176),
(0.000657349811767909,-0.00660872637841972,0.000851568172245391),(0.000668044767384887,
-0.00199937176236053,0.00536183241463787),(0.000668044767384887,-0.00199937176236053,
0.00879849267333838),(0.000668044767384887,-0.000578893455510529,0.00536183241463787),
(0.000668044767384887,-0.000578893455510529,0.00879849267333838),(0.000668044767384887,
0.000567457458789472,0.00536183241463787),(0.000668044767384887,0.000567457458789472,
0.00879849267333838),(0.000668044767384887,0.00198793576563947,0.00536183241463787),
(0.000668044767384887,0.00198793576563947,0.00879849267333838),(0.000696845388707696,
0.0025532234313549,-0.0058080121473908),(0.000696845388707696,0.0025532234313549,
-0.00580801202733838),(0.000696845388707696,0.00677270499860485,-0.0058080121473908),
(0.000696845388707696,0.00677270499860485,-0.00580801202733838),(0.000696847285007973,
0.00677270499860485,-0.0058080121473908),(0.000706536436081353,0.00247156380469435,
-0.0058080121473908),(0.000706536439971812,0.0024715637719122,-0.00580801202733838),
(0.000735071196109949,0.00239444070257045,-0.0058080121473908),(0.000735071207565191,
0.00239444067160949,-0.00580801202733838),(0.00078086451899641,0.00232613851980542,
-0.0058080121473908),(0.000780864537380077,0.00232613849238561,-0.00580801202733838),
(0.000841372303557464,0.00227045177780493,-0.0058080121473908),(0.00084137232784823,
0.00227045175544957,-0.00580801202733838),(0.000860647271486647,-0.00650945807115458,
0.000993338187278377),(0.000867410143784887,-0.0065055735364781,0.000594607434478377),
(0.000867410143784887,-0.0034841026392263,0.000594607434478377),(0.000885364889900783,
-0.00349461208536053,0.000993338187278377),(0.000885364889900783,-0.00349461208536053,
0.00484009332428176),(0.000902299084654887,-0.00844737655274938,-0.001183731922375),
(0.000902299084654887,-0.00844737655274938,-0.000386270416775),(0.000902299084654887,
-0.00844385755449055,-0.00118732020010214),(0.000902299084654887,-0.00844385755449055,
-0.001183731922375),(0.000902299084654887,-0.00697353770417516,-0.00118732020010214),
(0.000902299084654887,-0.00697353770417516,-0.000386270416775),(0.000902299084654887,
0.00696210170745411,-0.00118732020010214),(0.000902299084654887,0.00696210170745411,
-0.000386270416775),(0.000902299084654887,0.00844737655274936,-0.00118732020010214),
(0.000902299084654887,0.00844737655274936,-0.000386270416775),(0.00091323324987507,
0.00223047402939597,-0.0058080121473908),(0.000913233278723545,0.00223047401334696,
-0.00580801202733838),(0.00091323345673971,0.00223047391749695,-0.0058080121473908),
(0.000954632470176322,-0.00166752700751306,-0.0058080121473908),(0.000954632495959887,
-0.00166752699683316,-0.00580801202733838),(0.000954632495959887,0.0016560910001121,
-0.0058080121473908),(0.000954632495959887,0.0016560910001121,-0.00580801202733838),
(0.000954632518100731,0.00165609098312283,-0.0058080121473908),(0.00109169619223489,
-0.00743152891796585,-0.00325539227434322),(0.00109169619223489,-0.00742625141740449,
-0.00302524548192319),(0.00109169619223489,-0.00735233201901785,-0.00298479853340723),
(0.00109169619223489,-0.00735233201901785,-0.00288710919992316),(0.00109169619223489,
-0.00698350617236053,-0.00245727784713551),(0.00109169619223489,-0.00697353770417516,
-0.002584273691585),(0.00109169619223489,-0.00697353770417516,-0.00245727784713551),
(0.00109169619223489,-0.00691040895678616,-0.00365885247228487),(0.00109169619223489,
-0.00687427916581344,-0.00427380344881917),(0.00109169619223489,0.00686284037797712,
-0.00427380853263627),(0.00109169619223489,0.00687860270304874,-0.00400551756148038),
(0.00109169619223489,0.00688780221897735,-0.00384898563683454),(0.00109169619223489,
0.00689897296006511,-0.00365885247228487),(0.00109169619223489,0.00696210170745411,
-0.002584273691585),(0.00109169619223489,0.00696210170745411,-0.00245727784713551),
(0.00109169619223489,0.00697207017563948,-0.00245727784713551),(0.00109169619223489,
0.00734089602229678,-0.00298479853340723),(0.00109169619223489,0.00734089602229678,
-0.00288710919992316),(0.00109169619223489,0.00741481542068344,-0.00302524548192319),
(0.00109169619223489,0.0074200929212448,-0.00325539227434322),(0.00122201466004746,
-0.00623499474794534,0.000993338187278377),(0.00122869698873363,-0.00622834850439229,
0.000594607434478377),(0.00122869698873363,-0.0037613277709948,0.000594607434478377),
(0.00124218355803365,-0.00377496346559636,0.000993338187278377),(0.00135204791354824,
-0.001362579329004,-0.0058080121473908),(0.00135204793568909,-0.00136257931201473,
-0.00580801202733838),(0.00135204793568909,0.00135114331529367,-0.0058080121473908),
(0.00135204793568909,0.00135114331529367,-0.00580801202733838),(0.00135666782955641,
0.00199171363983956,-0.00580801202733838),(0.00135666798384805,0.00199171350918327,
-0.0058080121473908),(0.00150036660492337,-0.00587661405208836,0.000993338187278377),
(0.00150592212050214,-0.00586706165944354,0.000594607434478377),(0.00150592212050214,
-0.00412261461594354,0.000594607434478377),(0.00151462202679748,-0.00413785998659416,
0.000993338187278377),(0.00165699560351824,-0.000965163894426373,-0.0058080121473908),
(0.00165699562050752,-0.000965163872285529,-0.00580801202733838),(0.00165699562050752,
0.000953727875564473,-0.00580801202733838),(0.00165699563118742,0.000953727849780907,
-0.0058080121473908),(0.00167686776313094,-0.00545856638923824,0.000993338187278377),
(0.0016801930779266,-0.00544633422688652,0.000594607434478377),(0.0016801930779266,
-0.00454334204850057,0.000594607434478377),(0.00168424507951925,-0.00455874531652929,
0.000993338187278377),(0.00173957505211423,-0.00500913971265229,0.000993338187278377),
(0.00173963366553489,-0.00499483813769354,0.000594607434478377),(0.00174100509995914,
0.00166625155683763,-0.0058080121473908),(0.00174100509995914,0.00166625155683763,
-0.00580801202733838),(0.00178947510931758,-0.000379528079110529,0.00899785804973838),
(0.00178947510931758,0.000368092082389472,0.00899785804973838),(0.00181439568168489,
-0.00743152891796585,-0.00325539227434322),(0.00181439568168489,-0.00742625141740449,
-0.00302524548192319),(0.00181439568168489,-0.00735233201901785,-0.00298479853340723),
(0.00181439568168489,-0.00735233201901785,-0.00288710919992316),(0.00181439568168489,
-0.00698350617236053,-0.00245727784713551),(0.00181439568168489,-0.00697353770417516,
-0.002584273691585),(0.00181439568168489,-0.00697353770417516,-0.00245727784713551),
(0.00181439568168489,-0.00691040895678616,-0.00365885247228487),(0.00181439568168489,
-0.00687427916581344,-0.00427380344881917),(0.00181439568168489,0.00686284037797712,
-0.00427380853263627),(0.00181439568168489,0.00688888058629829,-0.00383057663670852),
(0.00181439568168489,0.00689897296006511,-0.00365885247228487),(0.00181439568168489,
0.00696210170745411,-0.002584273691585),(0.00181439568168489,0.00696210170745411,
-0.00245727784713551),(0.00181439568168489,0.00697207017563948,-0.00245727784713551),
(0.00181439568168489,0.00734089602229678,-0.00298479853340723),(0.00181439568168489,
0.00734089602229678,-0.00288710919992316),(0.00181439568168489,0.00741481542068344,
-0.00302524548192319),(0.00181439568168489,0.0074200929212448,-0.00325539227434322),
(0.00184869369289934,-0.000502363692351556,-0.0058080121473908),(0.00184869370357924,
-0.00050236366656799,-0.00580801202733838),(0.00184869370357924,0.000490927669846933,
-0.00580801202733838),(0.00184869370722195,0.000490927642177766,-0.0058080121473908),
(0.00191407836624217,-5.71802602969678E-6,-0.0058080121473908),(0.00191407836988489,
-5.71799836052959E-6,-0.00580801202733838),(0.00198884048571758,-0.000578893455510529,
0.00536183241463787),(0.00198884048571758,-0.000578893455510529,0.00879849267333838),
(0.00198884048571758,0.000567457458789472,0.00536183241463787),(0.00198884048571758,
0.000567457458789472,0.00879849267333838),(0.00204956217104745,0.00126821495470418,
-0.0058080121473908),(0.0020495622949173,0.00126821479491289,-0.00580801202733838),
(0.00204956231727702,0.00126821476737763,-0.0058080121473908),(0.00210525989726636,
0.00119962503113355,-0.0058080121473908),(0.00210525989726636,0.00119962503113355,
-0.00580801202733838),(0.00217640180835186,0.0011472266477511,-0.0058080121473908),
(0.00217640183691169,0.00114722662671584,-0.00580801202733838),(0.00225842540492073,
0.00111438009763057,-0.0058080121473908),(0.00225842543784899,0.00111438008444438,
-0.00580801202733838),(0.00225842547303383,0.00111438007995294,-0.0058080121473908),
(0.00234607014557389,0.00110319199856887,-0.0058080121473908),(0.00234607014557389,
0.00110319199856887,-0.00580801202733838),(0.0028062383295922,-0.00788064747536258,
-0.001183731922375),(0.0028062383295922,-0.00788064747536258,-0.000386270416775),
(0.0028062383295922,-0.00780090441496592,-0.00118732020010214),(0.0028062383295922,
-0.00780090441496592,-0.001183731922375),(0.0028062383295922,-0.00697353770417516,
-0.00118732020010214),(0.0028062383295922,-0.00697353770417516,-0.000386270416775),
(0.0028062383295922,0.00696210170745411,-0.00118732020010214),(0.0028062383295922,
0.00696210170745411,-0.000386270416775),(0.0028062383295922,0.00758244501900658,
-0.001183731922375),(0.0028062383295922,0.00758347394371417,-0.00118732020010214),
(0.0028062383295922,0.00759010543422937,-0.001183731922375),(0.0028062383295922,
0.00759010543422937,-0.000386270416775),(0.0032847152329522,-0.00247784866572053,
0.00536183241463787),(0.0032847152329522,0.00246641266899947,0.00536183241463787),
(0.00349977056479219,-0.00277689673032053,0.00484009332428176),(0.00349977056479219,
-0.00277689673032053,0.00484386601498206),(0.00349977056479219,-0.00269290399756051,
0.00498934572125641),(0.0035837632975522,-0.00277689673032053,0.00484009332428176),
(0.0035837632975522,-0.00277689673032053,0.00484386601498206),(0.0035837632975522,
0.00276546073359947,0.00484009332428176),(0.0035837632975522,0.00276546073359947,
0.00484386601498206),(0.00398249415003489,-0.00650945807115458,0.000993338187278377),
(0.00398249415003489,-0.0038159310567928,0.00484009332428176),(0.00398249415003489,
-0.00349461208536053,0.000993338187278377),(0.00398249415003489,-0.00349461208536053,
0.00484009332428176),(0.00435132009637489,-0.00606642544092053,-0.00580801202733838),
(0.00435132011580293,-0.00606642564877564,-0.0058080121473908),(0.00435132012152349,
-0.00606642519226668,-0.0058080121473908),(0.00435951740255633,-0.0059583874494783,
-0.00580801202733838),(0.00435951740874538,-0.00595838745070555,-0.0058080121473908),
(0.00435951760192171,-0.00617446921395869,-0.00580801202733838),(0.0043595176443136,
-0.00617446938538893,-0.0058080121473908),(0.00438414326212909,-0.00585296617429266,
-0.0058080121473908),(0.00438414331289732,-0.00585296592923594,-0.00580801202733838),
(0.00438414710083947,-0.00627990359326784,-0.00580801202733838),(0.00438414715926585,
-0.00627990373141845,-0.0058080121473908),(0.00442525585816565,-0.00575296297977118,
-0.0058080121473908),(0.00442525594240509,-0.00575296276119337,-0.00580801202733838),
(0.00442525644081853,-0.00637988991493609,-0.00580801202733838),(0.00442525650817158,
-0.0063798900198578,-0.0058080121473908),(0.0044827170311911,-0.00647109508891811,
-0.00580801202733838),(0.00448271709781536,-0.00647109515879667,-0.0058080121473908),
(0.00448285199016804,-0.00566158940663745,-0.0058080121473908),(0.00448285210123361,
-0.00566158922315098,-0.00580801202733838),(0.00455616103927575,-0.00654976096580076,
-0.0058080121473908),(0.0045561611425204,-0.00654976107786879,-0.00580801202733838),
(0.00455645401025834,-0.00558283411787707,-0.00580801202733838),(0.00455645406120202,
-0.00558283408482477,-0.0058080121473908),(0.0046438833517874,-0.00661113061656092,
-0.0058080121473908),(0.00464388350305942,-0.00661113072485912,-0.00580801202733838),
(0.00464388369936113,-0.00661113079922315,-0.0058080121473908),(0.00464449749540894,
-0.00552138722618917,-0.0058080121473908),(0.00464449764810142,-0.00552138711712068,
-0.00580801202733838),(0.00474335366776817,-0.00665073994006345,-0.00580801202733838),
(0.00474335381079505,-0.00665073995885171,-0.0058080121473908),(0.00474414337558344,
-0.00548190507006467,-0.0058080121473908),(0.00474414355338947,-0.0054819049973438,
-0.00580801202733838),(0.00484919106418571,-0.00666452117138978,-0.00580801202733838),
(0.00484919113377307,-0.00666452116142284,-0.0058080121473908),(0.00484994954000266,
-0.00546832904316376,-0.0058080121473908),(0.0048499497491256,-0.00546832901267248,
-0.00580801202733838),(0.00484994995724838,-0.00546832904316376,-0.0058080121473908),
(0.00491371726318058,-0.00652411561299287,0.000972405022121754),(0.00491371726318058,
-0.0038159310567928,0.00484009332428176),(0.00491371726318058,-0.00297417584773919,
0.000972405022121754),(0.00491371726318058,-0.00297417584773919,0.00484009332428176),
(0.0049145271850222,-0.00546624305273919,5.53242906817529E-5),(0.0049145271850222,
-0.00546624305273919,0.000972405022121754),(0.0049145271850222,-0.00297417584773919,
5.53242906817529E-5),(0.0049145271850222,-0.00297417584773919,0.000972405022121754),
(0.0049145271850222,-0.00297417584773919,0.00484009332428176),(0.0049145271850222,
0.00280742006786082,5.53242906817529E-5),(0.0049145271850222,0.00280742006786082,
0.00484009332428176),(0.0049145271850222,0.00512871308445572,0.00484009332428176),
(0.0049145271850222,0.00523735884124791,0.00482810777690065),(0.0049145271850222,
0.00534077913184197,0.00479272750006052),(0.0049145271850222,0.00543400018882746,
0.00473565417693161),(0.0049145271850222,0.00577450468852683,0.00440901015629569),
(0.0049145271850222,0.00603913670692965,0.00401835748918204),(0.0049145271850222,
0.00621618412626855,0.00358098593849357),(0.0049145271850222,0.00629631415486083,
5.53242906817529E-5),(0.0049145271850222,0.00629631415486083,0.000902627140381754),
(0.0049145271850222,0.00698419119179383,0.000902627140381754),(0.00495502310191147,
-0.00665102425634032,-0.0058080121473908),(0.00495502327710345,-0.00665102423509019,
-0.00580801202733838),(0.00495502345560393,-0.00665102416218788,-0.0058080121473908),
(0.00495603864496546,-0.00548209040714386,-0.00580801202733838),(0.00495603882111748,
-0.00548209047943589,-0.0058080121473908),(0.00505462263057612,-0.00661165136753957,
-0.00580801202733838),(0.00505462275100088,-0.00661165128302669,-0.0058080121473908),
(0.00505548817535776,-0.00552167101341669,-0.00580801202733838),(0.00505548832685042,
-0.00552167112182856,-0.0058080121473908),(0.00514256887843283,-0.00655040433025574,
-0.00580801202733838),(0.00514256895400982,-0.00655040424847449,-0.0058080121473908),
(0.00514335088912176,-0.00558312618815347,-0.00580801202733838),(0.00514335102072066,
-0.00558312633312831,-0.0058080121473908),(0.0052162096686416,-0.00647179645666075,
-0.0058080121473908),(0.00521620976338864,-0.00647179635662959,-0.00580801202733838),
(0.00521681609486207,-0.00566184826135606,-0.0058080121473908),(0.00521681613318096,
-0.0056618482984576,-0.00580801202733838),(0.00521681619003703,-0.00566184839713885,
-0.0058080121473908),(0.00521681622176201,-0.00566184844239978,-0.0058080121473908),
(0.00527385936095833,-0.00638057198479019,-0.0058080121473908),(0.00527385945182072,
-0.00638057184420606,-0.00580801202733838),(0.00527431465825032,-0.00575315607836472,
-0.0058080121473908),(0.00527431470265773,-0.00575315614560849,-0.00580801202733838),
(0.00531511225855325,-0.00628055539657054,-0.0058080121473908),(0.00531511233487079,
-0.00628055521900059,-0.00580801202733838),(0.00531541004554743,-0.00585323916176971,
-0.0058080121473908),(0.00531541008706044,-0.00585323925916699,-0.00580801202733838),
(0.00533985691303757,-0.00617506034564426,-0.0058080121473908),(0.00533985696729343,
-0.00617506013293433,-0.00580801202733838),(0.00534000984883266,-0.00595877658078959,
-0.0058080121473908),(0.00534000988053713,-0.00595877671037573,-0.00580801202733838),
(0.00534814705271324,-0.00606694982121027,-0.0058080121473908),(0.00534814707805758,
-0.00606694957249509,-0.00580801202733838),(0.0054204885611436,0.00110319199856887,
-0.0058080121473908),(0.00542048979536497,0.00110319199856887,-0.0058080121473908),
(0.00542048979536497,0.00110319199856887,-0.00580801202733838),(0.00542048979536497,
0.00677270272258699,-0.0058080121473908),(0.00542048979536497,0.00677270499860485,
-0.0058080121473908),(0.00542048979536497,0.00677270499860485,-0.00580801202733838),
(0.00560024848414022,-0.00714757171584977,8.20174206106381E-5),(0.00595650085492143,
-0.00546624305273919,5.53242906817529E-5),(0.00595650085492143,-0.00546624305273919,
0.000972405022121754),(0.00595650085492143,-0.00297417584773919,5.53242906817529E-5),
(0.00595650085492143,-0.00297417584773919,0.000972405022121754),(0.00595650085492143,
0.00280742006786082,5.53242906817529E-5),(0.00595650085492143,0.00280742006786082,
0.000902627140381754),(0.00595650085492143,0.00629631415486083,5.53242906817529E-5),
(0.00595650085492143,0.00629631415486083,0.000902627140381754),(0.0063449737606922,
-0.00678414099532591,-0.00580801202733838),(0.0063449737606922,0.00677270499860485,
-0.00580801202733838),(0.00670189111468639,-0.00652411561299287,0.000972405022121754),
(0.00670189111468639,-0.00297417584773919,0.000972405022121754),(0.00673413736780952,
0.00280742006786082,0.000902627140381754),(0.00673413736780952,0.00698419119179383,
0.000902627140381754),(0.00696300632784952,-0.00697353770417516,-0.002584273691585),
(0.00696300632784952,-0.00697353770417516,-0.00118732020010214),(0.00696300632784952,
-0.00697353770417516,-0.000386270416775),(0.00696300632784952,-0.00697353770417516,
-0.000337425700191624),(0.00696300632784952,-0.00580725065096592,-0.00118732020010214),
(0.00696300632784952,-0.00580725065096592,-0.001183731922375),(0.00696300632784952,
-0.00580724756080258,-0.001183731922375),(0.00696300632784952,-0.00580724756080258,
-0.000386270416775),(0.00696300632784952,0.00579581465424485,-0.00118732020010214),
(0.00696300632784952,0.00579581465424485,-0.000386270416775),(0.00696300632784952,
0.00696210170745411,-0.002584273691585),(0.00696300632784952,0.00696210170745411,
-0.00118732020010214),(0.00696300632784952,0.00696210170745411,-0.000386270416775),
(0.00696300632784952,0.00696210170745411,-0.000337425700191624),(0.00705432902772093,
-0.00714757171584977,8.20173209279502E-5),(0.00711336350805749,-0.00714757171584977,
8.20173209279502E-5),(0.00725387841836335,0.00730668542211999,-0.000222043885744318),
(0.00726205459181489,-0.00727258596814054,-0.000337425700191624),(0.00726205459181489,
-0.00727258596814054,-0.000239736267024871),(0.00726205459181489,0.00726114997141949,
-0.000337425700191624),(0.00726205459181489,0.00726114997141949,-0.000239736267024871),
(0.00729195959764027,-0.00788064747536258,-0.001183731922375),(0.00729195959764027,
-0.00788064747536258,-0.000386270416775),(0.0073015863535705,0.00759010543422937,
-0.001183731922375),(0.0073015863535705,0.00759010543422937,-0.000386270416775),
(0.00733073536588856,0.00758925234978376,-0.001183731922375),(0.00735978459583574,
0.00758669588756218,-0.001183731922375),(0.00738262000573129,0.00758347394371417,
-0.00118732020010214),(0.00738666064349748,-0.00787156787770788,-0.001183731922375),
(0.0073886346597719,0.00758244501900658,-0.001183731922375),(0.00742095846602645,
-0.00786366443609125,-0.000386270416775),(0.00743058522195668,0.00757312239495805,
-0.000386270416775),(0.00747791137246801,-0.0078446601309513,-0.001183731922375),
(0.00749816908772939,0.00754969985402901,-0.00118732020010214),(0.00754116631814027,
-0.00781387273396998,-0.000386270416775),(0.0075507930740705,0.00752333069283676,
-0.000386270416775),(0.00756238716753504,-0.00780090441496592,-0.00118732020010214),
(0.00756238716753504,-0.00780090441496592,-0.001183731922375),(0.00760224977613278,
0.00748920611881989,-0.00118732020010214),(0.00764439113098277,-0.00773466556770509,
-0.000386270416775),(0.007654017886913,0.00744412352657188,-0.000386270416775),
(0.00765733173819952,-0.00772123123213368,-0.00118732020010214),(0.00768879009935511,
0.00740552190397985,-0.00118732020010214),(0.00772359829724767,-0.00763144075486258,
-0.000386270416775),(0.00772968133361239,-0.00762059428155953,-0.00118732020010214),
(0.0077332250531779,0.00734089871372937,-0.000386270416775),(0.00775274142828714,
0.0073035292688462,-0.00118732020010214),(0.00777338999936895,-0.00751123290274875,
-0.000386270416775),(0.00777496179599649,-0.00750521685315051,-0.00118732020010214),
(0.00778301675529917,0.00722069086161554,-0.000386270416775),(0.00779037263990952,
-0.00738223403436258,-0.000386270416775),(0.00779037263990952,-0.00580725065096592,
-0.001183731922375),(0.00779037263990952,-0.00580724756080258,-0.001183731922375),
(0.00779037263990952,-0.00580724756080258,-0.000386270416775),(0.00779037303864027,
-0.00738223403436258,-0.00118732020010214),(0.00779037303864027,-0.00580725065096592,
-0.00118732020010214),(0.00779037303864027,0.00579581465424485,-0.00118732020010214),
(0.00779037303864027,0.00579581465424485,-0.001183731922375),(0.00779037303864027,
0.00718917827307757,-0.00118732020010214),(0.00779037303864027,0.00718917827307757,
-0.001183731922375),(0.00779571353866059,0.00715691696786852,-0.001183731922375),
(0.00779892710916278,0.00712437475684414,-0.001183731922375),(0.0077999997945705,
0.00579581465424485,-0.001183731922375),(0.0077999997945705,0.00579581465424485,
-0.000386270416775),(0.0077999997945705,0.00709169199322937,-0.001183731922375),
(0.0077999997945705,0.00709169199322937,-0.000386270416775)));
#175=SHAPE_DEFINITION_REPRESENTATION(#379,#182);
#176=SHAPE_DEFINITION_REPRESENTATION(#98,#183);
#177=SHAPE_DEFINITION_REPRESENTATION(#99,#184);
#178=SHAPE_DEFINITION_REPRESENTATION(#100,#185);
#179=SHAPE_DEFINITION_REPRESENTATION(#101,#186);
#180=SHAPE_DEFINITION_REPRESENTATION(#102,#187);
#181=SHAPE_DEFINITION_REPRESENTATION(#103,#188);
#182=SHAPE_REPRESENTATION('cherry_ref',(#189),#374);
#183=SHAPE_REPRESENTATION($,(#173),$);
#184=SHAPE_REPRESENTATION($,(#72),$);
#185=SHAPE_REPRESENTATION($,(#73),$);
#186=SHAPE_REPRESENTATION($,(#74),$);
#187=SHAPE_REPRESENTATION($,(#75),$);
#188=SHAPE_REPRESENTATION($,(#76),$);
#189=AXIS2_PLACEMENT_3D('',#207,#195,#196);
#190=AXIS2_PLACEMENT_3D('',#208,#197,#198);
#191=AXIS2_PLACEMENT_3D('',#221,#199,#200);
#192=AXIS2_PLACEMENT_3D('',#255,#201,#202);
#193=AXIS2_PLACEMENT_3D('',#289,#203,#204);
#194=AXIS2_PLACEMENT_3D('',#360,#205,#206);
#195=DIRECTION('',(0.,0.,1.));
#196=DIRECTION('',(1.,0.,0.));
#197=DIRECTION('',(0.,0.,-1.));
#198=DIRECTION('',(-1.,0.,0.));
#199=DIRECTION('',(0.,0.,-1.));
#200=DIRECTION('',(-1.,0.,0.));
#201=DIRECTION('',(0.,0.,-1.));
#202=DIRECTION('',(-1.,0.,0.));
#203=DIRECTION('',(0.,0.,-1.));
#204=DIRECTION('',(-1.,0.,0.));
#205=DIRECTION('',(0.,0.,-1.));
#206=DIRECTION('',(-1.,0.,0.));
#207=CARTESIAN_POINT('',(0.,0.,0.));
#208=CARTESIAN_POINT('',(0.000160548889550147,0.032912140081857,-0.0058080121473908));
#209=CARTESIAN_POINT('',(0.00538851505497598,-0.00606482733531572,-0.0058080121473908));
#210=CARTESIAN_POINT('',(0.00526617583540914,-0.00562978973425491,-0.0058080121473908));
#211=CARTESIAN_POINT('',(0.00484767874360959,-0.00538710411049743,-0.0058080121473908));
#212=CARTESIAN_POINT('',(0.00443173968781018,-0.00563318805558113,-0.0058080121473908));
#213=CARTESIAN_POINT('',(0.00431090397425428,-0.00606803610462753,-0.0058080121473908));
#214=CARTESIAN_POINT('',(0.00443331222970578,-0.00650306851564708,-0.0058080121473908));
#215=CARTESIAN_POINT('',(0.00485179122047583,-0.00674569199676024,-0.0058080121473908));
#216=CARTESIAN_POINT('',(0.00526767104789482,-0.00649963238386628,-0.0058080121473908));
#217=CARTESIAN_POINT('',(0.00538851505497598,-0.00606482733531572,-0.0058080121473908));
#218=CARTESIAN_POINT('',(0.00526617583540914,-0.00562978973425491,-0.0058080121473908));
#219=CARTESIAN_POINT('',(0.00484767874360959,-0.00538710411049743,-0.0058080121473908));
#220=CARTESIAN_POINT('',(0.00521681619003702,-0.00566184839713885,-0.0058080121473908));
#221=CARTESIAN_POINT('',(0.000160548889550147,0.032912140081857,-0.0058080121473908));
#222=CARTESIAN_POINT('',(-0.00542235665274957,0.00677270499860485,-0.0058080121473908));
#223=CARTESIAN_POINT('',(-0.00542235665274957,0.0048828673319262,-0.0058080121473908));
#224=CARTESIAN_POINT('',(-0.00542235665274957,0.00299302966524755,-0.0058080121473908));
#225=CARTESIAN_POINT('',(-0.00542235665274957,0.0011031919985689,-0.0058080121473908));
#226=CARTESIAN_POINT('',(-0.00542235665274957,0.00677270499860485,-0.0058080121473908));
#227=CARTESIAN_POINT('',(-0.00542235665274957,0.00110319199856887,-0.0058080121473908));
#228=CARTESIAN_POINT('',(-0.000698712246092306,0.00677270499860485,-0.0058080121473908));
#229=CARTESIAN_POINT('',(-0.00227326038164473,0.00677270499860485,-0.0058080121473908));
#230=CARTESIAN_POINT('',(-0.00384780851719715,0.00677270499860485,-0.0058080121473908));
#231=CARTESIAN_POINT('',(-0.00542235665274957,0.00677270499860485,-0.0058080121473908));
#232=CARTESIAN_POINT('',(-0.000698712246092305,0.00677270499860485,-0.0058080121473908));
#233=CARTESIAN_POINT('',(-0.00542235665274957,0.0011031919985689,-0.0058080121473908));
#234=CARTESIAN_POINT('',(-0.00502363285895018,0.0011031919985689,-0.0058080121473908));
#235=CARTESIAN_POINT('',(-0.00442561795628745,0.00110296733461091,-0.0058080121473908));
#236=CARTESIAN_POINT('',(-0.00362798160059126,0.0011035664384989,-0.0058080121473908));
#237=CARTESIAN_POINT('',(-0.00313004877858524,0.00110206867877892,-0.0058080121473908));
#238=CARTESIAN_POINT('',(-0.00273035754828706,0.00110513908620487,-0.0058080121473908));
#239=CARTESIAN_POINT('',(-0.00243427010346107,0.00109575936595852,-0.0058080121473908));
#240=CARTESIAN_POINT('',(-0.00212413123339118,0.00113097544137447,-0.0058080121473908));
#241=CARTESIAN_POINT('',(-0.00195359555765387,0.00140012022624328,-0.0058080121473908));
#242=CARTESIAN_POINT('',(-0.00177943319490493,0.00163973900611735,-0.0058080121473908));
#243=CARTESIAN_POINT('',(-0.00154733210699412,0.00183019112358243,-0.0058080121473908));
#244=CARTESIAN_POINT('',(-0.00132027934457673,0.00202624584610555,-0.0058080121473908));
#245=CARTESIAN_POINT('',(-0.00105573984106561,0.00215887937771727,-0.0058080121473908));
#246=CARTESIAN_POINT('',(-0.00076114107978767,0.00228291398558961,-0.0058080121473908));
#247=CARTESIAN_POINT('',(-0.000682011293318197,0.00258721492510995,-0.0058080121473908));
#248=CARTESIAN_POINT('',(-0.000703087223493375,0.00288485729623492,-0.0058080121473908));
#249=CARTESIAN_POINT('',(-0.000696188644518389,0.00328403949367124,-0.0058080121473908));
#250=CARTESIAN_POINT('',(-0.000699549773252208,0.00378222089193256,-0.0058080121473908));
#251=CARTESIAN_POINT('',(-0.000698227361947099,0.00457975635456257,-0.0058080121473908));
#252=CARTESIAN_POINT('',(-0.000698888567599654,0.00557652188639717,-0.0058080121473908));
#253=CARTESIAN_POINT('',(-0.000698712246092305,0.00637398123510234,-0.0058080121473908));
#254=CARTESIAN_POINT('',(-0.000698712246092305,0.00677270499860485,-0.0058080121473908));
#255=CARTESIAN_POINT('',(0.000160548889550147,0.032912140081857,-0.0058080121473908));
#256=CARTESIAN_POINT('',(0.000696845388707695,0.00677270499860485,-0.0058080121473908));
#257=CARTESIAN_POINT('',(0.000696845388707695,0.00637398120534433,-0.0058080121473908));
#258=CARTESIAN_POINT('',(0.000697021710178888,0.00557652190237396,-0.0058080121473908));
#259=CARTESIAN_POINT('',(0.000696360504661915,0.00457975635578804,-0.0058080121473908));
#260=CARTESIAN_POINT('',(0.000697682915695863,0.00378222089605161,-0.0058080121473908));
#261=CARTESIAN_POINT('',(0.000694321787651244,0.00328403949889512,-0.0058080121473908));
#262=CARTESIAN_POINT('',(0.000701220365211675,0.00288485730041782,-0.0058080121473908));
#263=CARTESIAN_POINT('',(0.000680144439358121,0.00258721493476831,-0.0058080121473908));
#264=CARTESIAN_POINT('',(0.000759274209602015,0.00228291397670822,-0.0058080121473908));
#265=CARTESIAN_POINT('',(0.00105387300475472,0.00215887942821068,-0.0058080121473908));
#266=CARTESIAN_POINT('',(0.00131841247824769,0.00202624584292989,-0.0058080121473908));
#267=CARTESIAN_POINT('',(0.00154546524488857,0.00183019112861304,-0.0058080121473908));
#268=CARTESIAN_POINT('',(0.00177756633530116,0.00163973901479911,-0.0058080121473908));
#269=CARTESIAN_POINT('',(0.00195172868819044,0.00140012021966256,-0.0058080121473908));
#270=CARTESIAN_POINT('',(0.00212226439961612,0.00113097549389901,-0.0058080121473908));
#271=CARTESIAN_POINT('',(0.00243240324499211,0.00109575935190714,-0.0058080121473908));
#272=CARTESIAN_POINT('',(0.00272849069588415,0.00110513908988584,-0.0058080121473908));
#273=CARTESIAN_POINT('',(0.00312818192352143,0.00110206867665529,-0.0058080121473908));
#274=CARTESIAN_POINT('',(0.00362611474591871,0.00110356643920678,-0.0058080121473908));
#275=CARTESIAN_POINT('',(0.00442375109994749,0.00110296733418618,-0.0058080121473908));
#276=CARTESIAN_POINT('',(0.00502176600275847,0.0011031919985689,-0.0058080121473908));
#277=CARTESIAN_POINT('',(0.00542048979536497,0.0011031919985689,-0.0058080121473908));
#278=CARTESIAN_POINT('',(0.000696845388707696,0.00677270499860485,-0.0058080121473908));
#279=CARTESIAN_POINT('',(0.00542048979536496,0.00110319199856887,-0.0058080121473908));
#280=CARTESIAN_POINT('',(0.00542048979536497,0.00677270499860485,-0.0058080121473908));
#281=CARTESIAN_POINT('',(0.00384594165981255,0.00677270499860485,-0.0058080121473908));
#282=CARTESIAN_POINT('',(0.00227139352426012,0.00677270499860485,-0.0058080121473908));
#283=CARTESIAN_POINT('',(0.000696845388707696,0.00677270499860485,-0.0058080121473908));
#284=CARTESIAN_POINT('',(0.00542048979536496,0.00677270499860485,-0.0058080121473908));
#285=CARTESIAN_POINT('',(0.00542048979536497,0.0011031919985689,-0.0058080121473908));
#286=CARTESIAN_POINT('',(0.00542048979536497,0.00299302966524755,-0.0058080121473908));
#287=CARTESIAN_POINT('',(0.00542048979536497,0.0048828673319262,-0.0058080121473908));
#288=CARTESIAN_POINT('',(0.00542048979536497,0.00677270499860485,-0.0058080121473908));
#289=CARTESIAN_POINT('',(0.000160548889550147,0.032912140081857,-0.0058080121473908));
#290=CARTESIAN_POINT('',(0.00095463251256552,0.00165609098737015,-0.0058080121473908));
#291=CARTESIAN_POINT('',(0.000904955567969215,0.00169420976816985,-0.0058080121473908));
#292=CARTESIAN_POINT('',(0.000777126940705972,0.00172084389152679,-0.0058080121473908));
#293=CARTESIAN_POINT('',(0.000609117105103,0.00180359831696904,-0.0058080121473908));
#294=CARTESIAN_POINT('',(0.000431599046152135,0.00186395006711905,-0.0058080121473908));
#295=CARTESIAN_POINT('',(0.000242996630899788,0.00187637435673519,-0.0058080121473908));
#296=CARTESIAN_POINT('',(5.74714793813418E-5,0.00191344096284492,-0.0058080121473908));
#297=CARTESIAN_POINT('',(-0.000129278370771228,0.00189986576351412,-0.0058080121473908));
#298=CARTESIAN_POINT('',(-0.000314206690121199,0.00186806149061912,-0.0058080121473908));
#299=CARTESIAN_POINT('',(-0.000505196434047444,0.0018617382668057,-0.0058080121473908));
#300=CARTESIAN_POINT('',(-0.000673761879865473,0.00177171992319932,-0.0058080121473908));
#301=CARTESIAN_POINT('',(-0.000849810814643989,0.00170679584088584,-0.0058080121473908));
#302=CARTESIAN_POINT('',(-0.00101834997196951,0.00162518987679168,-0.0058080121473908));
#303=CARTESIAN_POINT('',(-0.00116040624330969,0.00150028000050351,-0.0058080121473908));
#304=CARTESIAN_POINT('',(-0.00131782674914856,0.00139539317189983,-0.0058080121473908));
#305=CARTESIAN_POINT('',(-0.00144027320297803,0.00125371806475214,-0.0058080121473908));
#306=CARTESIAN_POINT('',(-0.00154855002541297,0.00110047141916247,-0.0058080121473908));
#307=CARTESIAN_POINT('',(-0.00167912857969427,0.000960948360143756,-0.0058080121473908));
#308=CARTESIAN_POINT('',(-0.00173466983798469,0.000778102493283417,-0.0058080121473908));
#309=CARTESIAN_POINT('',(-0.0018132469158883,0.000607708693877893,-0.0058080121473908));
#310=CARTESIAN_POINT('',(-0.00187471798293782,0.000430829416102722,-0.0058080121473908));
#311=CARTESIAN_POINT('',(-0.00188684235249466,0.000242055839950205,-0.0058080121473908));
#312=CARTESIAN_POINT('',(-0.00192398932194208,5.65765508567421E-5,-0.0058080121473908));
#313=CARTESIAN_POINT('',(-0.00191039258931983,-0.000130185588095546,-0.0058080121473908));
#314=CARTESIAN_POINT('',(-0.00187859408625288,-0.000315110614671587,-0.0058080121473908));
#315=CARTESIAN_POINT('',(-0.00187226931641865,-0.000506101240893961,-0.0058080121473908));
#316=CARTESIAN_POINT('',(-0.00178225138706732,-0.000674666450301432,-0.0058080121473908));
#317=CARTESIAN_POINT('',(-0.00171732719375455,-0.000850715448425972,-0.0058080121473908));
#318=CARTESIAN_POINT('',(-0.00163572125940256,-0.00101925458877795,-0.0058080121473908));
#319=CARTESIAN_POINT('',(-0.00151081137514499,-0.0011613108646662,-0.0058080121473908));
#320=CARTESIAN_POINT('',(-0.00140592454867671,-0.00131873136928643,-0.0058080121473908));
#321=CARTESIAN_POINT('',(-0.00126424944095686,-0.00144117782344243,-0.0058080121473908));
#322=CARTESIAN_POINT('',(-0.00111100279552052,-0.00154945464578988,-0.0058080121473908));
#323=CARTESIAN_POINT('',(-0.000971479736460645,-0.00168003320009464,-0.0058080121473908));
#324=CARTESIAN_POINT('',(-0.000788633869611382,-0.00173557445837877,-0.0058080121473908));
#325=CARTESIAN_POINT('',(-0.000618240070202896,-0.00181415153628407,-0.0058080121473908));
#326=CARTESIAN_POINT('',(-0.0004413607924285,-0.00187562260333314,-0.0058080121473908));
#327=CARTESIAN_POINT('',(-0.00025258721627578,-0.00188774697289009,-0.0058080121473908));
#328=CARTESIAN_POINT('',(-6.71079271823676E-5,-0.0019248939423375,-0.0058080121473908));
#329=CARTESIAN_POINT('',(0.000119654211769947,-0.00191129720971522,-0.0058080121473908));
#330=CARTESIAN_POINT('',(0.000304579238345956,-0.0018794987066483,-0.0058080121473908));
#331=CARTESIAN_POINT('',(0.000495569864568323,-0.00187317393681404,-0.0058080121473908));
#332=CARTESIAN_POINT('',(0.00066413507397582,-0.00178315600746273,-0.0058080121473908));
#333=CARTESIAN_POINT('',(0.000840184072100345,-0.00171823181414996,-0.0058080121473908));
#334=CARTESIAN_POINT('',(0.00100872321245237,-0.00163662587979793,-0.0058080121473908));
#335=CARTESIAN_POINT('',(0.00115077948834052,-0.00151171599554039,-0.0058080121473908));
#336=CARTESIAN_POINT('',(0.00130819999296102,-0.00140682916907201,-0.0058080121473908));
#337=CARTESIAN_POINT('',(0.00143064644711598,-0.00126515406135252,-0.0058080121473908));
#338=CARTESIAN_POINT('',(0.00153892326946732,-0.00111190741591505,-0.0058080121473908));
#339=CARTESIAN_POINT('',(0.00166950182375755,-0.000972384356859256,-0.0058080121473908));
#340=CARTESIAN_POINT('',(0.00172504308209585,-0.000789538489994849,-0.0058080121473908));
#341=CARTESIAN_POINT('',(0.001803620159799,-0.000619144690642717,-0.0058080121473908));
#342=CARTESIAN_POINT('',(0.0018650912276025,-0.000442265412658168,-0.0058080121473908));
#343=CARTESIAN_POINT('',(0.00187721559434387,-0.000253491837289604,-0.0058080121473908));
#344=CARTESIAN_POINT('',(0.00191436257429916,-6.80125452696275E-5,-0.0058080121473908));
#345=CARTESIAN_POINT('',(0.00190076580246092,0.000118749582760436,-0.0058080121473908));
#346=CARTESIAN_POINT('',(0.0018689674457501,0.000303674650098906,-0.0058080121473908));
#347=CARTESIAN_POINT('',(0.00186264212970732,0.000494665124193705,-0.0058080121473908));
#348=CARTESIAN_POINT('',(0.00177262623883406,0.000663230901348919,-0.0058080121473908));
#349=CARTESIAN_POINT('',(0.00170769443781755,0.000839277780610231,-0.0058080121473908));
#350=CARTESIAN_POINT('',(0.00162611689580246,0.00100782482866746,-0.0058080121473908));
#351=CARTESIAN_POINT('',(0.001501101049901,0.0011498515925979,-0.0058080121473908));
#352=CARTESIAN_POINT('',(0.00139660967767142,0.00130738223734404,-0.0058080121473908));
#353=CARTESIAN_POINT('',(0.00125345871464065,0.00142941764295424,-0.0058080121473908));
#354=CARTESIAN_POINT('',(0.00113034314928122,0.0015209267066248,-0.0058080121473908));
#355=CARTESIAN_POINT('',(0.00103876333144436,0.00159156414941407,-0.0058080121473908));
#356=CARTESIAN_POINT('',(0.000996834230819583,0.00162370265207525,-0.0058080121473908));
#357=CARTESIAN_POINT('',(0.000956093598911807,0.00165496986161035,-0.0058080121473908));
#358=CARTESIAN_POINT('',(0.00095463251256552,0.00165609098737015,-0.0058080121473908));
#359=CARTESIAN_POINT('',(0.000954632518100731,0.00165609098312282,-0.0058080121473908));
#360=CARTESIAN_POINT('',(0.000160548889550147,0.032912140081857,-0.0058080121473908));
#361=CARTESIAN_POINT('',(-0.00432768384363226,-0.00595369948553223,-0.0058080121473908));
#362=CARTESIAN_POINT('',(-0.00451961358188335,-0.005534672525135,-0.0058080121473908));
#363=CARTESIAN_POINT('',(-0.00498831896357634,-0.00540636814464334,-0.0058080121473908));
#364=CARTESIAN_POINT('',(-0.00533278261326331,-0.005737612747382,-0.0058080121473908));
#365=CARTESIAN_POINT('',(-0.00539106587108355,-0.00617917137138385,-0.0058080121473908));
#366=CARTESIAN_POINT('',(-0.00519908916166911,-0.00659817671569091,-0.0058080121473908));
#367=CARTESIAN_POINT('',(-0.00473040508144242,-0.00672644029638562,-0.0058080121473908));
#368=CARTESIAN_POINT('',(-0.00438601459107439,-0.00639521076362968,-0.0058080121473908));
#369=CARTESIAN_POINT('',(-0.00432768384363226,-0.00595369948553223,-0.0058080121473908));
#370=CARTESIAN_POINT('',(-0.00451961358188335,-0.005534672525135,-0.0058080121473908));
#371=CARTESIAN_POINT('',(-0.00498831896357634,-0.00540636814464334,-0.0058080121473908));
#372=CARTESIAN_POINT('',(-0.00456574280995935,-0.00558312633312831,-0.0058080121473908));
#373=MECHANICAL_DESIGN_GEOMETRIC_PRESENTATION_REPRESENTATION('',(#114,#115,
#116,#117,#118,#119,#120,#121),#374);
#374=(
GEOMETRIC_REPRESENTATION_CONTEXT(3)
GLOBAL_UNCERTAINTY_ASSIGNED_CONTEXT((#375))
GLOBAL_UNIT_ASSIGNED_CONTEXT((#378,#377,#376))
REPRESENTATION_CONTEXT('cherry_ref','TOP_LEVEL_ASSEMBLY_PART')
);
#375=UNCERTAINTY_MEASURE_WITH_UNIT(LENGTH_MEASURE(2.E-5),#378,
'DISTANCE_ACCURACY_VALUE','Maximum Tolerance applied to model');
#376=(
NAMED_UNIT(*)
SI_UNIT($,.STERADIAN.)
SOLID_ANGLE_UNIT()
);
#377=(
NAMED_UNIT(*)
PLANE_ANGLE_UNIT()
SI_UNIT($,.RADIAN.)
);
#378=(
LENGTH_UNIT()
NAMED_UNIT(*)
SI_UNIT($,.METRE.)
);
#379=PRODUCT_DEFINITION_SHAPE('','',#380);
#380=PRODUCT_DEFINITION('','',#382,#381);
#381=PRODUCT_DEFINITION_CONTEXT('',#388,'design');
#382=PRODUCT_DEFINITION_FORMATION_WITH_SPECIFIED_SOURCE('','',#384,
 .NOT_KNOWN.);
#383=PRODUCT_RELATED_PRODUCT_CATEGORY('','',(#384));
#384=PRODUCT('cherry_ref','cherry_ref','cherry_ref',(#386));
#385=PRODUCT_CATEGORY('','');
#386=PRODUCT_CONTEXT('',#388,'mechanical');
#387=APPLICATION_PROTOCOL_DEFINITION('international standard',
'ap242_managed_model_based_3d_engineering',2020,#388);
#388=APPLICATION_CONTEXT('managed model based 3d engineering');
ENDSEC;
END-ISO-10303-21;
