ISO-10303-21;
HEADER;
/* Generated by software containing ST-Developer
 * from STEP Tools, Inc. (www.steptools.com) 
 */
/* OPTION: using custom renumber hook */

FILE_DESCRIPTION(
/* description */ ('STEP AP242 Edition 2',
'CAx-IF Rec.Pracs.---Representation and Presentation of Product Manufa
cturing Information (PMI)---4.0---2014-10-13',
'CAx-IF Rec.Pracs.---3D Tessellated Geometry---0.4---2014-09-14','2;1',
'CAx-IF Rec.Pracs.---User Defined Attributes---1.5---2016-08-15'),
/* implementation_level */ '2;1');

FILE_NAME(
/* name */ '6aa2e1d7e57c4f179aaac55c',
/* time_stamp */ '2026-09-10T16:59:04Z',
/* author */ (''),
/* organization */ (''),
/* preprocessor_version */ 'ST-DEVELOPER v20',
/* originating_system */ 'ONSHAPE BY PTC INC, 1.220',
/* authorisation */ '  ');

FILE_SCHEMA (('AP242_MANAGED_MODEL_BASED_3D_ENGINEERING_MIM_LF { 1 0 10303 442 3 1 4 }'));
ENDSEC;

DATA;
#10=SPHERICAL_SURFACE('',#1188,0.0001);
#11=SPHERICAL_SURFACE('',#1193,0.0001);
#12=SPHERICAL_SURFACE('',#1209,0.0001);
#13=SPHERICAL_SURFACE('',#1221,0.0001);
#14=SPHERICAL_SURFACE('',#1234,0.0001);
#15=SPHERICAL_SURFACE('',#1235,0.0001);
#16=SPHERICAL_SURFACE('',#1239,0.0001);
#17=SPHERICAL_SURFACE('',#1243,0.0001);
#18=B_SPLINE_CURVE_WITH_KNOTS('',3,(#1716,#1717,#1718,#1719),
 .UNSPECIFIED.,.F.,.F.,(4,4),(0.,1.),.UNSPECIFIED.);
#19=B_SPLINE_CURVE_WITH_KNOTS('',3,(#1723,#1724,#1725,#1726),
 .UNSPECIFIED.,.F.,.F.,(4,4),(0.,1.),.UNSPECIFIED.);
#20=B_SPLINE_CURVE_WITH_KNOTS('',3,(#1732,#1733,#1734,#1735),
 .UNSPECIFIED.,.F.,.F.,(4,4),(0.,1.),.UNSPECIFIED.);
#21=B_SPLINE_CURVE_WITH_KNOTS('',3,(#1741,#1742,#1743,#1744),
 .UNSPECIFIED.,.F.,.F.,(4,4),(0.,1.),.UNSPECIFIED.);
#22=B_SPLINE_CURVE_WITH_KNOTS('',3,(#1748,#1749,#1750,#1751),
 .UNSPECIFIED.,.F.,.F.,(4,4),(0.,1.),.UNSPECIFIED.);
#23=B_SPLINE_CURVE_WITH_KNOTS('',3,(#1757,#1758,#1759,#1760),
 .UNSPECIFIED.,.F.,.F.,(4,4),(0.,1.),.UNSPECIFIED.);
#24=B_SPLINE_CURVE_WITH_KNOTS('',3,(#1764,#1765,#1766,#1767),
 .UNSPECIFIED.,.F.,.F.,(4,4),(0.,1.),.UNSPECIFIED.);
#25=B_SPLINE_CURVE_WITH_KNOTS('',3,(#1771,#1772,#1773,#1774),
 .UNSPECIFIED.,.F.,.F.,(4,4),(0.,1.),.UNSPECIFIED.);
#26=B_SPLINE_CURVE_WITH_KNOTS('',3,(#1795,#1796,#1797,#1798),
 .UNSPECIFIED.,.F.,.F.,(4,4),(0.,1.),.UNSPECIFIED.);
#27=B_SPLINE_CURVE_WITH_KNOTS('',3,(#1800,#1801,#1802,#1803),
 .UNSPECIFIED.,.F.,.F.,(4,4),(0.,1.),.UNSPECIFIED.);
#28=B_SPLINE_CURVE_WITH_KNOTS('',3,(#1806,#1807,#1808,#1809),
 .UNSPECIFIED.,.F.,.F.,(4,4),(0.,1.),.UNSPECIFIED.);
#29=B_SPLINE_CURVE_WITH_KNOTS('',3,(#1811,#1812,#1813,#1814),
 .UNSPECIFIED.,.F.,.F.,(4,4),(0.,1.),.UNSPECIFIED.);
#30=B_SPLINE_CURVE_WITH_KNOTS('',3,(#1817,#1818,#1819,#1820),
 .UNSPECIFIED.,.F.,.F.,(4,4),(0.,1.),.UNSPECIFIED.);
#31=B_SPLINE_CURVE_WITH_KNOTS('',3,(#1830,#1831,#1832,#1833),
 .UNSPECIFIED.,.F.,.F.,(4,4),(0.,1.),.UNSPECIFIED.);
#32=B_SPLINE_CURVE_WITH_KNOTS('',3,(#1836,#1837,#1838,#1839),
 .UNSPECIFIED.,.F.,.F.,(4,4),(0.,1.),.UNSPECIFIED.);
#33=B_SPLINE_CURVE_WITH_KNOTS('',3,(#1841,#1842,#1843,#1844),
 .UNSPECIFIED.,.F.,.F.,(4,4),(0.,1.),.UNSPECIFIED.);
#34=B_SPLINE_CURVE_WITH_KNOTS('',3,(#1845,#1846,#1847,#1848),
 .UNSPECIFIED.,.F.,.F.,(4,4),(0.,1.),.UNSPECIFIED.);
#35=B_SPLINE_CURVE_WITH_KNOTS('',3,(#1850,#1851,#1852,#1853),
 .UNSPECIFIED.,.F.,.F.,(4,4),(0.,1.),.UNSPECIFIED.);
#36=B_SPLINE_CURVE_WITH_KNOTS('',3,(#1860,#1861,#1862,#1863),
 .UNSPECIFIED.,.F.,.F.,(4,4),(0.,1.),.UNSPECIFIED.);
#37=B_SPLINE_CURVE_WITH_KNOTS('',3,(#1866,#1867,#1868,#1869),
 .UNSPECIFIED.,.F.,.F.,(4,4),(0.,1.),.UNSPECIFIED.);
#38=B_SPLINE_CURVE_WITH_KNOTS('',3,(#1871,#1872,#1873,#1874),
 .UNSPECIFIED.,.F.,.F.,(4,4),(0.,1.),.UNSPECIFIED.);
#39=B_SPLINE_CURVE_WITH_KNOTS('',3,(#1881,#1882,#1883,#1884),
 .UNSPECIFIED.,.F.,.F.,(4,4),(0.,1.),.UNSPECIFIED.);
#40=B_SPLINE_CURVE_WITH_KNOTS('',3,(#1926,#1927,#1928,#1929),
 .UNSPECIFIED.,.F.,.F.,(4,4),(0.,1.),.UNSPECIFIED.);
#41=B_SPLINE_CURVE_WITH_KNOTS('',3,(#1942,#1943,#1944,#1945),
 .UNSPECIFIED.,.F.,.F.,(4,4),(0.,1.),.UNSPECIFIED.);
#42=CONTEXT_DEPENDENT_SHAPE_REPRESENTATION(#120,#1996);
#43=CONTEXT_DEPENDENT_SHAPE_REPRESENTATION(#121,#1997);
#44=CONTEXT_DEPENDENT_SHAPE_REPRESENTATION(#122,#1998);
#45=CONTEXT_DEPENDENT_SHAPE_REPRESENTATION(#123,#1999);
#46=CONTEXT_DEPENDENT_SHAPE_REPRESENTATION(#124,#2000);
#47=CONTEXT_DEPENDENT_SHAPE_REPRESENTATION(#125,#2001);
#48=CONTEXT_DEPENDENT_SHAPE_REPRESENTATION(#126,#2002);
#49=CONTEXT_DEPENDENT_SHAPE_REPRESENTATION(#127,#2003);
#50=CONTEXT_DEPENDENT_SHAPE_REPRESENTATION(#128,#2004);
#51=CONTEXT_DEPENDENT_SHAPE_REPRESENTATION(#129,#2005);
#52=CONTEXT_DEPENDENT_SHAPE_REPRESENTATION(#130,#2006);
#53=CONTEXT_DEPENDENT_SHAPE_REPRESENTATION(#131,#2007);
#54=CONTEXT_DEPENDENT_SHAPE_REPRESENTATION(#132,#2008);
#55=CONTEXT_DEPENDENT_SHAPE_REPRESENTATION(#133,#2009);
#56=CONTEXT_DEPENDENT_SHAPE_REPRESENTATION(#134,#2010);
#57=CONTEXT_DEPENDENT_SHAPE_REPRESENTATION(#135,#2011);
#58=CONTEXT_DEPENDENT_SHAPE_REPRESENTATION(#136,#2012);
#59=CONTEXT_DEPENDENT_SHAPE_REPRESENTATION(#137,#2013);
#60=CONTEXT_DEPENDENT_SHAPE_REPRESENTATION(#138,#2014);
#61=CONTEXT_DEPENDENT_SHAPE_REPRESENTATION(#139,#2015);
#62=CONTEXT_DEPENDENT_SHAPE_REPRESENTATION(#140,#2016);
#63=CONTEXT_DEPENDENT_SHAPE_REPRESENTATION(#141,#2017);
#64=CONTEXT_DEPENDENT_SHAPE_REPRESENTATION(#142,#2018);
#65=CONTEXT_DEPENDENT_SHAPE_REPRESENTATION(#143,#2019);
#66=CONTEXT_DEPENDENT_SHAPE_REPRESENTATION(#144,#2020);
#67=CONTEXT_DEPENDENT_SHAPE_REPRESENTATION(#145,#2022);
#68=CONTEXT_DEPENDENT_SHAPE_REPRESENTATION(#146,#2023);
#69=CONTEXT_DEPENDENT_SHAPE_REPRESENTATION(#147,#2024);
#70=CONTEXT_DEPENDENT_SHAPE_REPRESENTATION(#148,#2025);
#71=CONTEXT_DEPENDENT_SHAPE_REPRESENTATION(#149,#2026);
#72=CONTEXT_DEPENDENT_SHAPE_REPRESENTATION(#150,#2027);
#73=CONTEXT_DEPENDENT_SHAPE_REPRESENTATION(#151,#2028);
#74=CONTEXT_DEPENDENT_SHAPE_REPRESENTATION(#152,#2029);
#75=CONTEXT_DEPENDENT_SHAPE_REPRESENTATION(#153,#2030);
#76=CONTEXT_DEPENDENT_SHAPE_REPRESENTATION(#154,#2031);
#77=CONTEXT_DEPENDENT_SHAPE_REPRESENTATION(#155,#2032);
#78=CONTEXT_DEPENDENT_SHAPE_REPRESENTATION(#156,#2033);
#79=CONTEXT_DEPENDENT_SHAPE_REPRESENTATION(#157,#2034);
#80=CONTEXT_DEPENDENT_SHAPE_REPRESENTATION(#158,#2035);
#81=NEXT_ASSEMBLY_USAGE_OCCURRENCE('NAUO1','LEAD-TSSOP','LEAD-TSSOP',#2036,
#2037,'');
#82=NEXT_ASSEMBLY_USAGE_OCCURRENCE('NAUO2','LEAD-TSSOP','LEAD-TSSOP',#2036,
#2037,'');
#83=NEXT_ASSEMBLY_USAGE_OCCURRENCE('NAUO3','LEAD-TSSOP','LEAD-TSSOP',#2036,
#2037,'');
#84=NEXT_ASSEMBLY_USAGE_OCCURRENCE('NAUO4','LEAD-TSSOP','LEAD-TSSOP',#2036,
#2037,'');
#85=NEXT_ASSEMBLY_USAGE_OCCURRENCE('NAUO5','LEAD-TSSOP','LEAD-TSSOP',#2036,
#2037,'');
#86=NEXT_ASSEMBLY_USAGE_OCCURRENCE('NAUO6','LEAD-TSSOP','LEAD-TSSOP',#2036,
#2037,'');
#87=NEXT_ASSEMBLY_USAGE_OCCURRENCE('NAUO7','LEAD-TSSOP','LEAD-TSSOP',#2036,
#2037,'');
#88=NEXT_ASSEMBLY_USAGE_OCCURRENCE('NAUO8','LEAD-TSSOP','LEAD-TSSOP',#2036,
#2037,'');
#89=NEXT_ASSEMBLY_USAGE_OCCURRENCE('NAUO9','LEAD-TSSOP','LEAD-TSSOP',#2036,
#2037,'');
#90=NEXT_ASSEMBLY_USAGE_OCCURRENCE('NAUO10','LEAD-TSSOP','LEAD-TSSOP',#2036,
#2037,'');
#91=NEXT_ASSEMBLY_USAGE_OCCURRENCE('NAUO11','LEAD-TSSOP','LEAD-TSSOP',#2036,
#2037,'');
#92=NEXT_ASSEMBLY_USAGE_OCCURRENCE('NAUO12','LEAD-TSSOP','LEAD-TSSOP',#2036,
#2037,'');
#93=NEXT_ASSEMBLY_USAGE_OCCURRENCE('NAUO13','LEAD-TSSOP','LEAD-TSSOP',#2036,
#2037,'');
#94=NEXT_ASSEMBLY_USAGE_OCCURRENCE('NAUO14','LEAD-TSSOP','LEAD-TSSOP',#2036,
#2037,'');
#95=NEXT_ASSEMBLY_USAGE_OCCURRENCE('NAUO15','LEAD-TSSOP','LEAD-TSSOP',#2036,
#2037,'');
#96=NEXT_ASSEMBLY_USAGE_OCCURRENCE('NAUO16','LEAD-TSSOP','LEAD-TSSOP',#2036,
#2037,'');
#97=NEXT_ASSEMBLY_USAGE_OCCURRENCE('NAUO17','LEAD-TSSOP','LEAD-TSSOP',#2036,
#2037,'');
#98=NEXT_ASSEMBLY_USAGE_OCCURRENCE('NAUO18','LEAD-TSSOP','LEAD-TSSOP',#2036,
#2037,'');
#99=NEXT_ASSEMBLY_USAGE_OCCURRENCE('NAUO19','LEAD-TSSOP','LEAD-TSSOP',#2036,
#2037,'');
#100=NEXT_ASSEMBLY_USAGE_OCCURRENCE('NAUO20','LEAD-TSSOP','LEAD-TSSOP',
#2036,#2037,'');
#101=NEXT_ASSEMBLY_USAGE_OCCURRENCE('NAUO21','LEAD-TSSOP','LEAD-TSSOP',
#2036,#2037,'');
#102=NEXT_ASSEMBLY_USAGE_OCCURRENCE('NAUO22','LEAD-TSSOP','LEAD-TSSOP',
#2036,#2037,'');
#103=NEXT_ASSEMBLY_USAGE_OCCURRENCE('NAUO23','LEAD-TSSOP','LEAD-TSSOP',
#2036,#2037,'');
#104=NEXT_ASSEMBLY_USAGE_OCCURRENCE('NAUO24','LEAD-TSSOP','LEAD-TSSOP',
#2036,#2037,'');
#105=NEXT_ASSEMBLY_USAGE_OCCURRENCE('NAUO25','LEAD-TSSOP','LEAD-TSSOP',
#2036,#2037,'');
#106=NEXT_ASSEMBLY_USAGE_OCCURRENCE('NAUO26','BODY-TSSOP','BODY-TSSOP',
#2036,#2038,'');
#107=NEXT_ASSEMBLY_USAGE_OCCURRENCE('NAUO27','LEAD-TSSOP','LEAD-TSSOP',
#2036,#2037,'');
#108=NEXT_ASSEMBLY_USAGE_OCCURRENCE('NAUO28','LEAD-TSSOP','LEAD-TSSOP',
#2036,#2037,'');
#109=NEXT_ASSEMBLY_USAGE_OCCURRENCE('NAUO29','LEAD-TSSOP','LEAD-TSSOP',
#2036,#2037,'');
#110=NEXT_ASSEMBLY_USAGE_OCCURRENCE('NAUO30','LEAD-TSSOP','LEAD-TSSOP',
#2036,#2037,'');
#111=NEXT_ASSEMBLY_USAGE_OCCURRENCE('NAUO31','LEAD-TSSOP','LEAD-TSSOP',
#2036,#2037,'');
#112=NEXT_ASSEMBLY_USAGE_OCCURRENCE('NAUO32','LEAD-TSSOP','LEAD-TSSOP',
#2036,#2037,'');
#113=NEXT_ASSEMBLY_USAGE_OCCURRENCE('NAUO33','LEAD-TSSOP','LEAD-TSSOP',
#2036,#2037,'');
#114=NEXT_ASSEMBLY_USAGE_OCCURRENCE('NAUO34','LEAD-TSSOP','LEAD-TSSOP',
#2036,#2037,'');
#115=NEXT_ASSEMBLY_USAGE_OCCURRENCE('NAUO35','LEAD-TSSOP','LEAD-TSSOP',
#2036,#2037,'');
#116=NEXT_ASSEMBLY_USAGE_OCCURRENCE('NAUO36','LEAD-TSSOP','LEAD-TSSOP',
#2036,#2037,'');
#117=NEXT_ASSEMBLY_USAGE_OCCURRENCE('NAUO37','LEAD-TSSOP','LEAD-TSSOP',
#2036,#2037,'');
#118=NEXT_ASSEMBLY_USAGE_OCCURRENCE('NAUO38','LEAD-TSSOP','LEAD-TSSOP',
#2036,#2037,'');
#119=NEXT_ASSEMBLY_USAGE_OCCURRENCE('NAUO39','LEAD-TSSOP','LEAD-TSSOP',
#2036,#2037,'');
#120=(
REPRESENTATION_RELATIONSHIP(' ',' ',#1124,#1123)
REPRESENTATION_RELATIONSHIP_WITH_TRANSFORMATION(#159)
SHAPE_REPRESENTATION_RELATIONSHIP()
);
#121=(
REPRESENTATION_RELATIONSHIP(' ',' ',#1124,#1123)
REPRESENTATION_RELATIONSHIP_WITH_TRANSFORMATION(#160)
SHAPE_REPRESENTATION_RELATIONSHIP()
);
#122=(
REPRESENTATION_RELATIONSHIP(' ',' ',#1124,#1123)
REPRESENTATION_RELATIONSHIP_WITH_TRANSFORMATION(#161)
SHAPE_REPRESENTATION_RELATIONSHIP()
);
#123=(
REPRESENTATION_RELATIONSHIP(' ',' ',#1124,#1123)
REPRESENTATION_RELATIONSHIP_WITH_TRANSFORMATION(#162)
SHAPE_REPRESENTATION_RELATIONSHIP()
);
#124=(
REPRESENTATION_RELATIONSHIP(' ',' ',#1124,#1123)
REPRESENTATION_RELATIONSHIP_WITH_TRANSFORMATION(#163)
SHAPE_REPRESENTATION_RELATIONSHIP()
);
#125=(
REPRESENTATION_RELATIONSHIP(' ',' ',#1124,#1123)
REPRESENTATION_RELATIONSHIP_WITH_TRANSFORMATION(#164)
SHAPE_REPRESENTATION_RELATIONSHIP()
);
#126=(
REPRESENTATION_RELATIONSHIP(' ',' ',#1124,#1123)
REPRESENTATION_RELATIONSHIP_WITH_TRANSFORMATION(#165)
SHAPE_REPRESENTATION_RELATIONSHIP()
);
#127=(
REPRESENTATION_RELATIONSHIP(' ',' ',#1124,#1123)
REPRESENTATION_RELATIONSHIP_WITH_TRANSFORMATION(#166)
SHAPE_REPRESENTATION_RELATIONSHIP()
);
#128=(
REPRESENTATION_RELATIONSHIP(' ',' ',#1124,#1123)
REPRESENTATION_RELATIONSHIP_WITH_TRANSFORMATION(#167)
SHAPE_REPRESENTATION_RELATIONSHIP()
);
#129=(
REPRESENTATION_RELATIONSHIP(' ',' ',#1124,#1123)
REPRESENTATION_RELATIONSHIP_WITH_TRANSFORMATION(#168)
SHAPE_REPRESENTATION_RELATIONSHIP()
);
#130=(
REPRESENTATION_RELATIONSHIP(' ',' ',#1124,#1123)
REPRESENTATION_RELATIONSHIP_WITH_TRANSFORMATION(#169)
SHAPE_REPRESENTATION_RELATIONSHIP()
);
#131=(
REPRESENTATION_RELATIONSHIP(' ',' ',#1124,#1123)
REPRESENTATION_RELATIONSHIP_WITH_TRANSFORMATION(#170)
SHAPE_REPRESENTATION_RELATIONSHIP()
);
#132=(
REPRESENTATION_RELATIONSHIP(' ',' ',#1124,#1123)
REPRESENTATION_RELATIONSHIP_WITH_TRANSFORMATION(#171)
SHAPE_REPRESENTATION_RELATIONSHIP()
);
#133=(
REPRESENTATION_RELATIONSHIP(' ',' ',#1124,#1123)
REPRESENTATION_RELATIONSHIP_WITH_TRANSFORMATION(#172)
SHAPE_REPRESENTATION_RELATIONSHIP()
);
#134=(
REPRESENTATION_RELATIONSHIP(' ',' ',#1124,#1123)
REPRESENTATION_RELATIONSHIP_WITH_TRANSFORMATION(#173)
SHAPE_REPRESENTATION_RELATIONSHIP()
);
#135=(
REPRESENTATION_RELATIONSHIP(' ',' ',#1124,#1123)
REPRESENTATION_RELATIONSHIP_WITH_TRANSFORMATION(#174)
SHAPE_REPRESENTATION_RELATIONSHIP()
);
#136=(
REPRESENTATION_RELATIONSHIP(' ',' ',#1124,#1123)
REPRESENTATION_RELATIONSHIP_WITH_TRANSFORMATION(#175)
SHAPE_REPRESENTATION_RELATIONSHIP()
);
#137=(
REPRESENTATION_RELATIONSHIP(' ',' ',#1124,#1123)
REPRESENTATION_RELATIONSHIP_WITH_TRANSFORMATION(#176)
SHAPE_REPRESENTATION_RELATIONSHIP()
);
#138=(
REPRESENTATION_RELATIONSHIP(' ',' ',#1124,#1123)
REPRESENTATION_RELATIONSHIP_WITH_TRANSFORMATION(#177)
SHAPE_REPRESENTATION_RELATIONSHIP()
);
#139=(
REPRESENTATION_RELATIONSHIP(' ',' ',#1124,#1123)
REPRESENTATION_RELATIONSHIP_WITH_TRANSFORMATION(#178)
SHAPE_REPRESENTATION_RELATIONSHIP()
);
#140=(
REPRESENTATION_RELATIONSHIP(' ',' ',#1124,#1123)
REPRESENTATION_RELATIONSHIP_WITH_TRANSFORMATION(#179)
SHAPE_REPRESENTATION_RELATIONSHIP()
);
#141=(
REPRESENTATION_RELATIONSHIP(' ',' ',#1124,#1123)
REPRESENTATION_RELATIONSHIP_WITH_TRANSFORMATION(#180)
SHAPE_REPRESENTATION_RELATIONSHIP()
);
#142=(
REPRESENTATION_RELATIONSHIP(' ',' ',#1124,#1123)
REPRESENTATION_RELATIONSHIP_WITH_TRANSFORMATION(#181)
SHAPE_REPRESENTATION_RELATIONSHIP()
);
#143=(
REPRESENTATION_RELATIONSHIP(' ',' ',#1124,#1123)
REPRESENTATION_RELATIONSHIP_WITH_TRANSFORMATION(#182)
SHAPE_REPRESENTATION_RELATIONSHIP()
);
#144=(
REPRESENTATION_RELATIONSHIP(' ',' ',#1124,#1123)
REPRESENTATION_RELATIONSHIP_WITH_TRANSFORMATION(#183)
SHAPE_REPRESENTATION_RELATIONSHIP()
);
#145=(
REPRESENTATION_RELATIONSHIP(' ',' ',#1125,#1123)
REPRESENTATION_RELATIONSHIP_WITH_TRANSFORMATION(#184)
SHAPE_REPRESENTATION_RELATIONSHIP()
);
#146=(
REPRESENTATION_RELATIONSHIP(' ',' ',#1124,#1123)
REPRESENTATION_RELATIONSHIP_WITH_TRANSFORMATION(#185)
SHAPE_REPRESENTATION_RELATIONSHIP()
);
#147=(
REPRESENTATION_RELATIONSHIP(' ',' ',#1124,#1123)
REPRESENTATION_RELATIONSHIP_WITH_TRANSFORMATION(#186)
SHAPE_REPRESENTATION_RELATIONSHIP()
);
#148=(
REPRESENTATION_RELATIONSHIP(' ',' ',#1124,#1123)
REPRESENTATION_RELATIONSHIP_WITH_TRANSFORMATION(#187)
SHAPE_REPRESENTATION_RELATIONSHIP()
);
#149=(
REPRESENTATION_RELATIONSHIP(' ',' ',#1124,#1123)
REPRESENTATION_RELATIONSHIP_WITH_TRANSFORMATION(#188)
SHAPE_REPRESENTATION_RELATIONSHIP()
);
#150=(
REPRESENTATION_RELATIONSHIP(' ',' ',#1124,#1123)
REPRESENTATION_RELATIONSHIP_WITH_TRANSFORMATION(#189)
SHAPE_REPRESENTATION_RELATIONSHIP()
);
#151=(
REPRESENTATION_RELATIONSHIP(' ',' ',#1124,#1123)
REPRESENTATION_RELATIONSHIP_WITH_TRANSFORMATION(#190)
SHAPE_REPRESENTATION_RELATIONSHIP()
);
#152=(
REPRESENTATION_RELATIONSHIP(' ',' ',#1124,#1123)
REPRESENTATION_RELATIONSHIP_WITH_TRANSFORMATION(#191)
SHAPE_REPRESENTATION_RELATIONSHIP()
);
#153=(
REPRESENTATION_RELATIONSHIP(' ',' ',#1124,#1123)
REPRESENTATION_RELATIONSHIP_WITH_TRANSFORMATION(#192)
SHAPE_REPRESENTATION_RELATIONSHIP()
);
#154=(
REPRESENTATION_RELATIONSHIP(' ',' ',#1124,#1123)
REPRESENTATION_RELATIONSHIP_WITH_TRANSFORMATION(#193)
SHAPE_REPRESENTATION_RELATIONSHIP()
);
#155=(
REPRESENTATION_RELATIONSHIP(' ',' ',#1124,#1123)
REPRESENTATION_RELATIONSHIP_WITH_TRANSFORMATION(#194)
SHAPE_REPRESENTATION_RELATIONSHIP()
);
#156=(
REPRESENTATION_RELATIONSHIP(' ',' ',#1124,#1123)
REPRESENTATION_RELATIONSHIP_WITH_TRANSFORMATION(#195)
SHAPE_REPRESENTATION_RELATIONSHIP()
);
#157=(
REPRESENTATION_RELATIONSHIP(' ',' ',#1124,#1123)
REPRESENTATION_RELATIONSHIP_WITH_TRANSFORMATION(#196)
SHAPE_REPRESENTATION_RELATIONSHIP()
);
#158=(
REPRESENTATION_RELATIONSHIP(' ',' ',#1124,#1123)
REPRESENTATION_RELATIONSHIP_WITH_TRANSFORMATION(#197)
SHAPE_REPRESENTATION_RELATIONSHIP()
);
#159=ITEM_DEFINED_TRANSFORMATION(' ',' ',#1126,#1149);
#160=ITEM_DEFINED_TRANSFORMATION(' ',' ',#1126,#1150);
#161=ITEM_DEFINED_TRANSFORMATION(' ',' ',#1126,#1151);
#162=ITEM_DEFINED_TRANSFORMATION(' ',' ',#1126,#1152);
#163=ITEM_DEFINED_TRANSFORMATION(' ',' ',#1126,#1153);
#164=ITEM_DEFINED_TRANSFORMATION(' ',' ',#1126,#1154);
#165=ITEM_DEFINED_TRANSFORMATION(' ',' ',#1126,#1155);
#166=ITEM_DEFINED_TRANSFORMATION(' ',' ',#1126,#1156);
#167=ITEM_DEFINED_TRANSFORMATION(' ',' ',#1126,#1157);
#168=ITEM_DEFINED_TRANSFORMATION(' ',' ',#1126,#1158);
#169=ITEM_DEFINED_TRANSFORMATION(' ',' ',#1126,#1159);
#170=ITEM_DEFINED_TRANSFORMATION(' ',' ',#1126,#1160);
#171=ITEM_DEFINED_TRANSFORMATION(' ',' ',#1126,#1161);
#172=ITEM_DEFINED_TRANSFORMATION(' ',' ',#1126,#1162);
#173=ITEM_DEFINED_TRANSFORMATION(' ',' ',#1126,#1163);
#174=ITEM_DEFINED_TRANSFORMATION(' ',' ',#1126,#1164);
#175=ITEM_DEFINED_TRANSFORMATION(' ',' ',#1126,#1165);
#176=ITEM_DEFINED_TRANSFORMATION(' ',' ',#1126,#1166);
#177=ITEM_DEFINED_TRANSFORMATION(' ',' ',#1126,#1167);
#178=ITEM_DEFINED_TRANSFORMATION(' ',' ',#1126,#1168);
#179=ITEM_DEFINED_TRANSFORMATION(' ',' ',#1126,#1169);
#180=ITEM_DEFINED_TRANSFORMATION(' ',' ',#1126,#1170);
#181=ITEM_DEFINED_TRANSFORMATION(' ',' ',#1126,#1171);
#182=ITEM_DEFINED_TRANSFORMATION(' ',' ',#1126,#1172);
#183=ITEM_DEFINED_TRANSFORMATION(' ',' ',#1126,#1173);
#184=ITEM_DEFINED_TRANSFORMATION(' ',' ',#1126,#1244);
#185=ITEM_DEFINED_TRANSFORMATION(' ',' ',#1126,#1245);
#186=ITEM_DEFINED_TRANSFORMATION(' ',' ',#1126,#1246);
#187=ITEM_DEFINED_TRANSFORMATION(' ',' ',#1126,#1247);
#188=ITEM_DEFINED_TRANSFORMATION(' ',' ',#1126,#1248);
#189=ITEM_DEFINED_TRANSFORMATION(' ',' ',#1126,#1249);
#190=ITEM_DEFINED_TRANSFORMATION(' ',' ',#1126,#1250);
#191=ITEM_DEFINED_TRANSFORMATION(' ',' ',#1126,#1251);
#192=ITEM_DEFINED_TRANSFORMATION(' ',' ',#1126,#1252);
#193=ITEM_DEFINED_TRANSFORMATION(' ',' ',#1126,#1253);
#194=ITEM_DEFINED_TRANSFORMATION(' ',' ',#1126,#1254);
#195=ITEM_DEFINED_TRANSFORMATION(' ',' ',#1126,#1255);
#196=ITEM_DEFINED_TRANSFORMATION(' ',' ',#1126,#1256);
#197=ITEM_DEFINED_TRANSFORMATION(' ',' ',#1126,#1257);
#198=SHAPE_REPRESENTATION_RELATIONSHIP('','',#1124,#200);
#199=SHAPE_REPRESENTATION_RELATIONSHIP('','',#1125,#201);
#200=ADVANCED_BREP_SHAPE_REPRESENTATION('',(#1118),#1986);
#201=ADVANCED_BREP_SHAPE_REPRESENTATION('',(#1119),#1987);
#202=CYLINDRICAL_SURFACE('',#1132,0.0003);
#203=CYLINDRICAL_SURFACE('',#1137,0.00015);
#204=CYLINDRICAL_SURFACE('',#1140,0.0003);
#205=CYLINDRICAL_SURFACE('',#1145,0.00015);
#206=CYLINDRICAL_SURFACE('',#1175,0.0001);
#207=CYLINDRICAL_SURFACE('',#1179,0.0001);
#208=CYLINDRICAL_SURFACE('',#1182,0.0001);
#209=CYLINDRICAL_SURFACE('',#1185,0.0001);
#210=CYLINDRICAL_SURFACE('',#1191,0.0001);
#211=CYLINDRICAL_SURFACE('',#1195,0.0001);
#212=CYLINDRICAL_SURFACE('',#1196,0.0001);
#213=CYLINDRICAL_SURFACE('',#1198,0.0001);
#214=CYLINDRICAL_SURFACE('',#1200,0.0001);
#215=CYLINDRICAL_SURFACE('',#1203,0.0001);
#216=CYLINDRICAL_SURFACE('',#1206,0.0001);
#217=CYLINDRICAL_SURFACE('',#1212,0.0001);
#218=CYLINDRICAL_SURFACE('',#1215,0.0001);
#219=CYLINDRICAL_SURFACE('',#1218,0.0001);
#220=CYLINDRICAL_SURFACE('',#1224,0.0001);
#221=CYLINDRICAL_SURFACE('',#1225,0.0001);
#222=CYLINDRICAL_SURFACE('',#1227,0.0001);
#223=CYLINDRICAL_SURFACE('',#1231,0.0004);
#224=CYLINDRICAL_SURFACE('',#1236,0.0001);
#225=CYLINDRICAL_SURFACE('',#1237,0.0001);
#226=CYLINDRICAL_SURFACE('',#1241,0.0001);
#227=CIRCLE('',#1128,0.00015);
#228=CIRCLE('',#1129,0.0003);
#229=CIRCLE('',#1130,0.00015);
#230=CIRCLE('',#1131,0.0003);
#231=CIRCLE('',#1133,0.0003);
#232=CIRCLE('',#1138,0.00015);
#233=CIRCLE('',#1141,0.0003);
#234=CIRCLE('',#1146,0.00015);
#235=CIRCLE('',#1176,0.0001);
#236=CIRCLE('',#1177,0.0001);
#237=CIRCLE('',#1180,0.0001);
#238=CIRCLE('',#1183,0.0001);
#239=CIRCLE('',#1186,0.0001);
#240=CIRCLE('',#1187,0.0001);
#241=CIRCLE('',#1189,0.0001);
#242=CIRCLE('',#1190,0.0001);
#243=CIRCLE('',#1192,0.0001);
#244=CIRCLE('',#1194,0.0001);
#245=CIRCLE('',#1204,0.0001);
#246=CIRCLE('',#1207,0.0001);
#247=CIRCLE('',#1208,0.0001);
#248=CIRCLE('',#1210,0.0001);
#249=CIRCLE('',#1211,0.0001);
#250=CIRCLE('',#1213,0.0001);
#251=CIRCLE('',#1216,0.0001);
#252=CIRCLE('',#1219,0.0001);
#253=CIRCLE('',#1220,0.0001);
#254=CIRCLE('',#1222,0.0001);
#255=CIRCLE('',#1223,0.0001);
#256=CIRCLE('',#1228,0.0001);
#257=CIRCLE('',#1230,0.0004);
#258=CIRCLE('',#1232,0.0004);
#259=CIRCLE('',#1240,0.0001);
#260=CIRCLE('',#1242,0.0001);
#261=ORIENTED_EDGE('',*,*,#529,.F.);
#262=ORIENTED_EDGE('',*,*,#530,.F.);
#263=ORIENTED_EDGE('',*,*,#531,.F.);
#264=ORIENTED_EDGE('',*,*,#532,.T.);
#265=ORIENTED_EDGE('',*,*,#533,.F.);
#266=ORIENTED_EDGE('',*,*,#534,.T.);
#267=ORIENTED_EDGE('',*,*,#535,.F.);
#268=ORIENTED_EDGE('',*,*,#536,.F.);
#269=ORIENTED_EDGE('',*,*,#537,.F.);
#270=ORIENTED_EDGE('',*,*,#538,.T.);
#271=ORIENTED_EDGE('',*,*,#539,.F.);
#272=ORIENTED_EDGE('',*,*,#540,.T.);
#273=ORIENTED_EDGE('',*,*,#541,.F.);
#274=ORIENTED_EDGE('',*,*,#542,.F.);
#275=ORIENTED_EDGE('',*,*,#543,.T.);
#276=ORIENTED_EDGE('',*,*,#540,.F.);
#277=ORIENTED_EDGE('',*,*,#544,.F.);
#278=ORIENTED_EDGE('',*,*,#545,.F.);
#279=ORIENTED_EDGE('',*,*,#529,.T.);
#280=ORIENTED_EDGE('',*,*,#543,.F.);
#281=ORIENTED_EDGE('',*,*,#545,.T.);
#282=ORIENTED_EDGE('',*,*,#546,.F.);
#283=ORIENTED_EDGE('',*,*,#547,.F.);
#284=ORIENTED_EDGE('',*,*,#530,.T.);
#285=ORIENTED_EDGE('',*,*,#531,.T.);
#286=ORIENTED_EDGE('',*,*,#547,.T.);
#287=ORIENTED_EDGE('',*,*,#548,.F.);
#288=ORIENTED_EDGE('',*,*,#549,.F.);
#289=ORIENTED_EDGE('',*,*,#550,.F.);
#290=ORIENTED_EDGE('',*,*,#551,.F.);
#291=ORIENTED_EDGE('',*,*,#532,.F.);
#292=ORIENTED_EDGE('',*,*,#549,.T.);
#293=ORIENTED_EDGE('',*,*,#533,.T.);
#294=ORIENTED_EDGE('',*,*,#551,.T.);
#295=ORIENTED_EDGE('',*,*,#552,.T.);
#296=ORIENTED_EDGE('',*,*,#553,.T.);
#297=ORIENTED_EDGE('',*,*,#553,.F.);
#298=ORIENTED_EDGE('',*,*,#554,.F.);
#299=ORIENTED_EDGE('',*,*,#555,.T.);
#300=ORIENTED_EDGE('',*,*,#534,.F.);
#301=ORIENTED_EDGE('',*,*,#556,.F.);
#302=ORIENTED_EDGE('',*,*,#557,.F.);
#303=ORIENTED_EDGE('',*,*,#535,.T.);
#304=ORIENTED_EDGE('',*,*,#555,.F.);
#305=ORIENTED_EDGE('',*,*,#557,.T.);
#306=ORIENTED_EDGE('',*,*,#558,.F.);
#307=ORIENTED_EDGE('',*,*,#559,.F.);
#308=ORIENTED_EDGE('',*,*,#536,.T.);
#309=ORIENTED_EDGE('',*,*,#537,.T.);
#310=ORIENTED_EDGE('',*,*,#559,.T.);
#311=ORIENTED_EDGE('',*,*,#560,.F.);
#312=ORIENTED_EDGE('',*,*,#561,.F.);
#313=ORIENTED_EDGE('',*,*,#562,.F.);
#314=ORIENTED_EDGE('',*,*,#563,.F.);
#315=ORIENTED_EDGE('',*,*,#538,.F.);
#316=ORIENTED_EDGE('',*,*,#561,.T.);
#317=ORIENTED_EDGE('',*,*,#539,.T.);
#318=ORIENTED_EDGE('',*,*,#563,.T.);
#319=ORIENTED_EDGE('',*,*,#564,.T.);
#320=ORIENTED_EDGE('',*,*,#541,.T.);
#321=ORIENTED_EDGE('',*,*,#564,.F.);
#322=ORIENTED_EDGE('',*,*,#562,.T.);
#323=ORIENTED_EDGE('',*,*,#560,.T.);
#324=ORIENTED_EDGE('',*,*,#558,.T.);
#325=ORIENTED_EDGE('',*,*,#556,.T.);
#326=ORIENTED_EDGE('',*,*,#554,.T.);
#327=ORIENTED_EDGE('',*,*,#552,.F.);
#328=ORIENTED_EDGE('',*,*,#550,.T.);
#329=ORIENTED_EDGE('',*,*,#548,.T.);
#330=ORIENTED_EDGE('',*,*,#546,.T.);
#331=ORIENTED_EDGE('',*,*,#544,.T.);
#332=ORIENTED_EDGE('',*,*,#542,.T.);
#333=ORIENTED_EDGE('',*,*,#565,.T.);
#334=ORIENTED_EDGE('',*,*,#566,.T.);
#335=ORIENTED_EDGE('',*,*,#567,.T.);
#336=ORIENTED_EDGE('',*,*,#568,.T.);
#337=ORIENTED_EDGE('',*,*,#569,.F.);
#338=ORIENTED_EDGE('',*,*,#568,.F.);
#339=ORIENTED_EDGE('',*,*,#570,.F.);
#340=ORIENTED_EDGE('',*,*,#571,.T.);
#341=ORIENTED_EDGE('',*,*,#572,.F.);
#342=ORIENTED_EDGE('',*,*,#573,.T.);
#343=ORIENTED_EDGE('',*,*,#574,.F.);
#344=ORIENTED_EDGE('',*,*,#575,.T.);
#345=ORIENTED_EDGE('',*,*,#576,.T.);
#346=ORIENTED_EDGE('',*,*,#571,.F.);
#347=ORIENTED_EDGE('',*,*,#577,.F.);
#348=ORIENTED_EDGE('',*,*,#576,.F.);
#349=ORIENTED_EDGE('',*,*,#578,.T.);
#350=ORIENTED_EDGE('',*,*,#579,.T.);
#351=ORIENTED_EDGE('',*,*,#580,.F.);
#352=ORIENTED_EDGE('',*,*,#579,.F.);
#353=ORIENTED_EDGE('',*,*,#581,.T.);
#354=ORIENTED_EDGE('',*,*,#582,.F.);
#355=ORIENTED_EDGE('',*,*,#583,.T.);
#356=ORIENTED_EDGE('',*,*,#584,.T.);
#357=ORIENTED_EDGE('',*,*,#585,.F.);
#358=ORIENTED_EDGE('',*,*,#584,.F.);
#359=ORIENTED_EDGE('',*,*,#586,.T.);
#360=ORIENTED_EDGE('',*,*,#587,.T.);
#361=ORIENTED_EDGE('',*,*,#588,.T.);
#362=ORIENTED_EDGE('',*,*,#589,.F.);
#363=ORIENTED_EDGE('',*,*,#590,.T.);
#364=ORIENTED_EDGE('',*,*,#591,.T.);
#365=ORIENTED_EDGE('',*,*,#592,.F.);
#366=ORIENTED_EDGE('',*,*,#587,.F.);
#367=ORIENTED_EDGE('',*,*,#593,.F.);
#368=ORIENTED_EDGE('',*,*,#592,.T.);
#369=ORIENTED_EDGE('',*,*,#594,.F.);
#370=ORIENTED_EDGE('',*,*,#566,.F.);
#371=ORIENTED_EDGE('',*,*,#594,.T.);
#372=ORIENTED_EDGE('',*,*,#595,.T.);
#373=ORIENTED_EDGE('',*,*,#596,.T.);
#374=ORIENTED_EDGE('',*,*,#596,.F.);
#375=ORIENTED_EDGE('',*,*,#597,.T.);
#376=ORIENTED_EDGE('',*,*,#598,.F.);
#377=ORIENTED_EDGE('',*,*,#567,.F.);
#378=ORIENTED_EDGE('',*,*,#599,.T.);
#379=ORIENTED_EDGE('',*,*,#570,.T.);
#380=ORIENTED_EDGE('',*,*,#598,.T.);
#381=ORIENTED_EDGE('',*,*,#599,.F.);
#382=ORIENTED_EDGE('',*,*,#600,.F.);
#383=ORIENTED_EDGE('',*,*,#601,.T.);
#384=ORIENTED_EDGE('',*,*,#572,.T.);
#385=ORIENTED_EDGE('',*,*,#602,.F.);
#386=ORIENTED_EDGE('',*,*,#603,.F.);
#387=ORIENTED_EDGE('',*,*,#604,.F.);
#388=ORIENTED_EDGE('',*,*,#605,.T.);
#389=ORIENTED_EDGE('',*,*,#573,.F.);
#390=ORIENTED_EDGE('',*,*,#601,.F.);
#391=ORIENTED_EDGE('',*,*,#606,.F.);
#392=ORIENTED_EDGE('',*,*,#607,.F.);
#393=ORIENTED_EDGE('',*,*,#608,.F.);
#394=ORIENTED_EDGE('',*,*,#607,.T.);
#395=ORIENTED_EDGE('',*,*,#609,.T.);
#396=ORIENTED_EDGE('',*,*,#610,.F.);
#397=ORIENTED_EDGE('',*,*,#611,.F.);
#398=ORIENTED_EDGE('',*,*,#612,.F.);
#399=ORIENTED_EDGE('',*,*,#613,.F.);
#400=ORIENTED_EDGE('',*,*,#610,.T.);
#401=ORIENTED_EDGE('',*,*,#614,.F.);
#402=ORIENTED_EDGE('',*,*,#615,.F.);
#403=ORIENTED_EDGE('',*,*,#590,.F.);
#404=ORIENTED_EDGE('',*,*,#616,.F.);
#405=ORIENTED_EDGE('',*,*,#617,.F.);
#406=ORIENTED_EDGE('',*,*,#616,.T.);
#407=ORIENTED_EDGE('',*,*,#589,.T.);
#408=ORIENTED_EDGE('',*,*,#618,.F.);
#409=ORIENTED_EDGE('',*,*,#619,.F.);
#410=ORIENTED_EDGE('',*,*,#620,.F.);
#411=ORIENTED_EDGE('',*,*,#621,.F.);
#412=ORIENTED_EDGE('',*,*,#618,.T.);
#413=ORIENTED_EDGE('',*,*,#588,.F.);
#414=ORIENTED_EDGE('',*,*,#586,.F.);
#415=ORIENTED_EDGE('',*,*,#583,.F.);
#416=ORIENTED_EDGE('',*,*,#622,.F.);
#417=ORIENTED_EDGE('',*,*,#582,.T.);
#418=ORIENTED_EDGE('',*,*,#623,.F.);
#419=ORIENTED_EDGE('',*,*,#624,.F.);
#420=ORIENTED_EDGE('',*,*,#622,.T.);
#421=ORIENTED_EDGE('',*,*,#624,.T.);
#422=ORIENTED_EDGE('',*,*,#625,.T.);
#423=ORIENTED_EDGE('',*,*,#626,.F.);
#424=ORIENTED_EDGE('',*,*,#627,.F.);
#425=ORIENTED_EDGE('',*,*,#628,.T.);
#426=ORIENTED_EDGE('',*,*,#619,.T.);
#427=ORIENTED_EDGE('',*,*,#629,.F.);
#428=ORIENTED_EDGE('',*,*,#630,.T.);
#429=ORIENTED_EDGE('',*,*,#620,.T.);
#430=ORIENTED_EDGE('',*,*,#628,.F.);
#431=ORIENTED_EDGE('',*,*,#631,.T.);
#432=ORIENTED_EDGE('',*,*,#611,.T.);
#433=ORIENTED_EDGE('',*,*,#617,.T.);
#434=ORIENTED_EDGE('',*,*,#621,.T.);
#435=ORIENTED_EDGE('',*,*,#630,.F.);
#436=ORIENTED_EDGE('',*,*,#632,.F.);
#437=ORIENTED_EDGE('',*,*,#633,.F.);
#438=ORIENTED_EDGE('',*,*,#634,.F.);
#439=ORIENTED_EDGE('',*,*,#635,.F.);
#440=ORIENTED_EDGE('',*,*,#632,.T.);
#441=ORIENTED_EDGE('',*,*,#636,.T.);
#442=ORIENTED_EDGE('',*,*,#635,.T.);
#443=ORIENTED_EDGE('',*,*,#637,.T.);
#444=ORIENTED_EDGE('',*,*,#637,.F.);
#445=ORIENTED_EDGE('',*,*,#638,.F.);
#446=ORIENTED_EDGE('',*,*,#639,.F.);
#447=ORIENTED_EDGE('',*,*,#640,.T.);
#448=ORIENTED_EDGE('',*,*,#641,.F.);
#449=ORIENTED_EDGE('',*,*,#640,.F.);
#450=ORIENTED_EDGE('',*,*,#642,.T.);
#451=ORIENTED_EDGE('',*,*,#602,.T.);
#452=ORIENTED_EDGE('',*,*,#608,.T.);
#453=ORIENTED_EDGE('',*,*,#613,.T.);
#454=ORIENTED_EDGE('',*,*,#643,.F.);
#455=ORIENTED_EDGE('',*,*,#644,.T.);
#456=ORIENTED_EDGE('',*,*,#603,.T.);
#457=ORIENTED_EDGE('',*,*,#642,.F.);
#458=ORIENTED_EDGE('',*,*,#645,.T.);
#459=ORIENTED_EDGE('',*,*,#646,.T.);
#460=ORIENTED_EDGE('',*,*,#647,.T.);
#461=ORIENTED_EDGE('',*,*,#604,.T.);
#462=ORIENTED_EDGE('',*,*,#644,.F.);
#463=ORIENTED_EDGE('',*,*,#648,.F.);
#464=ORIENTED_EDGE('',*,*,#649,.F.);
#465=ORIENTED_EDGE('',*,*,#650,.F.);
#466=ORIENTED_EDGE('',*,*,#651,.F.);
#467=ORIENTED_EDGE('',*,*,#648,.T.);
#468=ORIENTED_EDGE('',*,*,#651,.T.);
#469=ORIENTED_EDGE('',*,*,#652,.T.);
#470=ORIENTED_EDGE('',*,*,#653,.T.);
#471=ORIENTED_EDGE('',*,*,#653,.F.);
#472=ORIENTED_EDGE('',*,*,#626,.T.);
#473=ORIENTED_EDGE('',*,*,#654,.T.);
#474=ORIENTED_EDGE('',*,*,#645,.F.);
#475=ORIENTED_EDGE('',*,*,#646,.F.);
#476=ORIENTED_EDGE('',*,*,#654,.F.);
#477=ORIENTED_EDGE('',*,*,#625,.F.);
#478=ORIENTED_EDGE('',*,*,#623,.T.);
#479=ORIENTED_EDGE('',*,*,#581,.F.);
#480=ORIENTED_EDGE('',*,*,#578,.F.);
#481=ORIENTED_EDGE('',*,*,#575,.F.);
#482=ORIENTED_EDGE('',*,*,#655,.F.);
#483=ORIENTED_EDGE('',*,*,#574,.T.);
#484=ORIENTED_EDGE('',*,*,#605,.F.);
#485=ORIENTED_EDGE('',*,*,#647,.F.);
#486=ORIENTED_EDGE('',*,*,#655,.T.);
#487=ORIENTED_EDGE('',*,*,#656,.F.);
#488=ORIENTED_EDGE('',*,*,#627,.T.);
#489=ORIENTED_EDGE('',*,*,#652,.F.);
#490=ORIENTED_EDGE('',*,*,#657,.F.);
#491=ORIENTED_EDGE('',*,*,#638,.T.);
#492=ORIENTED_EDGE('',*,*,#634,.T.);
#493=ORIENTED_EDGE('',*,*,#657,.T.);
#494=ORIENTED_EDGE('',*,*,#650,.T.);
#495=ORIENTED_EDGE('',*,*,#658,.T.);
#496=ORIENTED_EDGE('',*,*,#659,.T.);
#497=ORIENTED_EDGE('',*,*,#658,.F.);
#498=ORIENTED_EDGE('',*,*,#659,.F.);
#499=ORIENTED_EDGE('',*,*,#633,.T.);
#500=ORIENTED_EDGE('',*,*,#629,.T.);
#501=ORIENTED_EDGE('',*,*,#656,.T.);
#502=ORIENTED_EDGE('',*,*,#639,.T.);
#503=ORIENTED_EDGE('',*,*,#649,.T.);
#504=ORIENTED_EDGE('',*,*,#643,.T.);
#505=ORIENTED_EDGE('',*,*,#636,.F.);
#506=ORIENTED_EDGE('',*,*,#641,.T.);
#507=ORIENTED_EDGE('',*,*,#612,.T.);
#508=ORIENTED_EDGE('',*,*,#631,.F.);
#509=ORIENTED_EDGE('',*,*,#595,.F.);
#510=ORIENTED_EDGE('',*,*,#591,.F.);
#511=ORIENTED_EDGE('',*,*,#615,.T.);
#512=ORIENTED_EDGE('',*,*,#660,.T.);
#513=ORIENTED_EDGE('',*,*,#614,.T.);
#514=ORIENTED_EDGE('',*,*,#609,.F.);
#515=ORIENTED_EDGE('',*,*,#606,.T.);
#516=ORIENTED_EDGE('',*,*,#600,.T.);
#517=ORIENTED_EDGE('',*,*,#597,.F.);
#518=ORIENTED_EDGE('',*,*,#660,.F.);
#519=ORIENTED_EDGE('',*,*,#661,.T.);
#520=ORIENTED_EDGE('',*,*,#585,.T.);
#521=ORIENTED_EDGE('',*,*,#593,.T.);
#522=ORIENTED_EDGE('',*,*,#661,.F.);
#523=ORIENTED_EDGE('',*,*,#565,.F.);
#524=ORIENTED_EDGE('',*,*,#662,.F.);
#525=ORIENTED_EDGE('',*,*,#580,.T.);
#526=ORIENTED_EDGE('',*,*,#569,.T.);
#527=ORIENTED_EDGE('',*,*,#577,.T.);
#528=ORIENTED_EDGE('',*,*,#662,.T.);
#529=EDGE_CURVE('',#663,#664,#745,.T.);
#530=EDGE_CURVE('',#665,#663,#746,.T.);
#531=EDGE_CURVE('',#666,#665,#747,.T.);
#532=EDGE_CURVE('',#666,#667,#227,.T.);
#533=EDGE_CURVE('',#668,#667,#748,.T.);
#534=EDGE_CURVE('',#668,#669,#228,.T.);
#535=EDGE_CURVE('',#670,#669,#749,.T.);
#536=EDGE_CURVE('',#671,#670,#750,.T.);
#537=EDGE_CURVE('',#672,#671,#751,.T.);
#538=EDGE_CURVE('',#672,#673,#229,.T.);
#539=EDGE_CURVE('',#674,#673,#752,.T.);
#540=EDGE_CURVE('',#674,#664,#230,.T.);
#541=EDGE_CURVE('',#675,#674,#753,.F.);
#542=EDGE_CURVE('',#676,#675,#231,.F.);
#543=EDGE_CURVE('',#676,#664,#754,.T.);
#544=EDGE_CURVE('',#677,#676,#755,.F.);
#545=EDGE_CURVE('',#663,#677,#756,.T.);
#546=EDGE_CURVE('',#678,#677,#757,.T.);
#547=EDGE_CURVE('',#665,#678,#758,.T.);
#548=EDGE_CURVE('',#679,#678,#759,.T.);
#549=EDGE_CURVE('',#666,#679,#760,.T.);
#550=EDGE_CURVE('',#680,#679,#232,.F.);
#551=EDGE_CURVE('',#667,#680,#761,.T.);
#552=EDGE_CURVE('',#680,#681,#762,.F.);
#553=EDGE_CURVE('',#681,#668,#763,.F.);
#554=EDGE_CURVE('',#682,#681,#233,.F.);
#555=EDGE_CURVE('',#682,#669,#764,.T.);
#556=EDGE_CURVE('',#683,#682,#765,.T.);
#557=EDGE_CURVE('',#670,#683,#766,.T.);
#558=EDGE_CURVE('',#684,#683,#767,.T.);
#559=EDGE_CURVE('',#671,#684,#768,.T.);
#560=EDGE_CURVE('',#685,#684,#769,.T.);
#561=EDGE_CURVE('',#672,#685,#770,.T.);
#562=EDGE_CURVE('',#686,#685,#234,.F.);
#563=EDGE_CURVE('',#673,#686,#771,.T.);
#564=EDGE_CURVE('',#686,#675,#772,.F.);
#565=EDGE_CURVE('',#687,#688,#773,.T.);
#566=EDGE_CURVE('',#688,#689,#774,.F.);
#567=EDGE_CURVE('',#689,#690,#775,.F.);
#568=EDGE_CURVE('',#690,#687,#776,.T.);
#569=EDGE_CURVE('',#687,#691,#235,.T.);
#570=EDGE_CURVE('',#692,#690,#236,.F.);
#571=EDGE_CURVE('',#692,#691,#777,.T.);
#572=EDGE_CURVE('',#693,#692,#778,.T.);
#573=EDGE_CURVE('',#693,#694,#18,.T.);
#574=EDGE_CURVE('',#695,#694,#779,.T.);
#575=EDGE_CURVE('',#695,#696,#19,.T.);
#576=EDGE_CURVE('',#696,#691,#780,.T.);
#577=EDGE_CURVE('',#691,#697,#237,.T.);
#578=EDGE_CURVE('',#696,#698,#20,.T.);
#579=EDGE_CURVE('',#698,#697,#781,.T.);
#580=EDGE_CURVE('',#697,#699,#782,.T.);
#581=EDGE_CURVE('',#698,#700,#21,.T.);
#582=EDGE_CURVE('',#701,#700,#783,.T.);
#583=EDGE_CURVE('',#701,#702,#22,.T.);
#584=EDGE_CURVE('',#702,#699,#784,.T.);
#585=EDGE_CURVE('',#699,#703,#238,.F.);
#586=EDGE_CURVE('',#702,#704,#23,.T.);
#587=EDGE_CURVE('',#704,#703,#785,.T.);
#588=EDGE_CURVE('',#704,#705,#24,.T.);
#589=EDGE_CURVE('',#706,#705,#786,.T.);
#590=EDGE_CURVE('',#706,#707,#25,.T.);
#591=EDGE_CURVE('',#707,#708,#787,.T.);
#592=EDGE_CURVE('',#703,#708,#788,.T.);
#593=EDGE_CURVE('',#703,#688,#239,.F.);
#594=EDGE_CURVE('',#689,#708,#240,.T.);
#595=EDGE_CURVE('',#708,#709,#241,.F.);
#596=EDGE_CURVE('',#709,#689,#242,.F.);
#597=EDGE_CURVE('',#709,#710,#789,.T.);
#598=EDGE_CURVE('',#690,#710,#243,.T.);
#599=EDGE_CURVE('',#710,#692,#244,.F.);
#600=EDGE_CURVE('',#711,#710,#790,.T.);
#601=EDGE_CURVE('',#711,#693,#26,.T.);
#602=EDGE_CURVE('',#712,#713,#27,.T.);
#603=EDGE_CURVE('',#714,#712,#28,.T.);
#604=EDGE_CURVE('',#715,#714,#29,.T.);
#605=EDGE_CURVE('',#715,#694,#791,.T.);
#606=EDGE_CURVE('',#716,#711,#30,.T.);
#607=EDGE_CURVE('',#713,#716,#792,.F.);
#608=EDGE_CURVE('',#713,#717,#793,.T.);
#609=EDGE_CURVE('',#716,#718,#794,.T.);
#610=EDGE_CURVE('',#717,#718,#795,.T.);
#611=EDGE_CURVE('',#719,#720,#31,.T.);
#612=EDGE_CURVE('',#721,#719,#32,.T.);
#613=EDGE_CURVE('',#717,#721,#33,.T.);
#614=EDGE_CURVE('',#722,#718,#34,.T.);
#615=EDGE_CURVE('',#707,#722,#35,.T.);
#616=EDGE_CURVE('',#720,#706,#796,.F.);
#617=EDGE_CURVE('',#720,#723,#797,.T.);
#618=EDGE_CURVE('',#723,#705,#798,.T.);
#619=EDGE_CURVE('',#724,#725,#36,.T.);
#620=EDGE_CURVE('',#726,#724,#37,.T.);
#621=EDGE_CURVE('',#723,#726,#38,.T.);
#622=EDGE_CURVE('',#725,#701,#799,.F.);
#623=EDGE_CURVE('',#727,#700,#800,.T.);
#624=EDGE_CURVE('',#725,#727,#801,.T.);
#625=EDGE_CURVE('',#727,#728,#39,.T.);
#626=EDGE_CURVE('',#729,#728,#802,.T.);
#627=EDGE_CURVE('',#730,#729,#803,.T.);
#628=EDGE_CURVE('',#730,#724,#804,.T.);
#629=EDGE_CURVE('',#731,#730,#245,.F.);
#630=EDGE_CURVE('',#731,#726,#805,.T.);
#631=EDGE_CURVE('',#732,#719,#806,.T.);
#632=EDGE_CURVE('',#732,#731,#807,.T.);
#633=EDGE_CURVE('',#733,#731,#246,.T.);
#634=EDGE_CURVE('',#734,#733,#808,.T.);
#635=EDGE_CURVE('',#732,#734,#247,.F.);
#636=EDGE_CURVE('',#735,#732,#248,.F.);
#637=EDGE_CURVE('',#734,#735,#249,.T.);
#638=EDGE_CURVE('',#736,#734,#809,.T.);
#639=EDGE_CURVE('',#737,#736,#250,.F.);
#640=EDGE_CURVE('',#737,#735,#810,.T.);
#641=EDGE_CURVE('',#735,#721,#811,.T.);
#642=EDGE_CURVE('',#737,#712,#812,.T.);
#643=EDGE_CURVE('',#738,#737,#251,.F.);
#644=EDGE_CURVE('',#738,#714,#813,.T.);
#645=EDGE_CURVE('',#739,#740,#814,.T.);
#646=EDGE_CURVE('',#740,#741,#40,.T.);
#647=EDGE_CURVE('',#741,#715,#815,.T.);
#648=EDGE_CURVE('',#739,#738,#816,.T.);
#649=EDGE_CURVE('',#736,#738,#252,.T.);
#650=EDGE_CURVE('',#742,#736,#817,.F.);
#651=EDGE_CURVE('',#739,#742,#253,.F.);
#652=EDGE_CURVE('',#742,#729,#254,.T.);
#653=EDGE_CURVE('',#729,#739,#255,.F.);
#654=EDGE_CURVE('',#728,#740,#41,.T.);
#655=EDGE_CURVE('',#741,#695,#818,.F.);
#656=EDGE_CURVE('',#730,#733,#256,.F.);
#657=EDGE_CURVE('',#733,#742,#819,.F.);
#658=EDGE_CURVE('',#743,#743,#257,.T.);
#659=EDGE_CURVE('',#744,#744,#258,.T.);
#660=EDGE_CURVE('',#722,#709,#820,.T.);
#661=EDGE_CURVE('',#688,#699,#259,.T.);
#662=EDGE_CURVE('',#697,#687,#260,.F.);
#663=VERTEX_POINT('',#1601);
#664=VERTEX_POINT('',#1602);
#665=VERTEX_POINT('',#1604);
#666=VERTEX_POINT('',#1606);
#667=VERTEX_POINT('',#1608);
#668=VERTEX_POINT('',#1610);
#669=VERTEX_POINT('',#1612);
#670=VERTEX_POINT('',#1614);
#671=VERTEX_POINT('',#1616);
#672=VERTEX_POINT('',#1618);
#673=VERTEX_POINT('',#1620);
#674=VERTEX_POINT('',#1622);
#675=VERTEX_POINT('',#1626);
#676=VERTEX_POINT('',#1628);
#677=VERTEX_POINT('',#1632);
#678=VERTEX_POINT('',#1636);
#679=VERTEX_POINT('',#1640);
#680=VERTEX_POINT('',#1644);
#681=VERTEX_POINT('',#1648);
#682=VERTEX_POINT('',#1652);
#683=VERTEX_POINT('',#1656);
#684=VERTEX_POINT('',#1660);
#685=VERTEX_POINT('',#1664);
#686=VERTEX_POINT('',#1668);
#687=VERTEX_POINT('',#1700);
#688=VERTEX_POINT('',#1701);
#689=VERTEX_POINT('',#1703);
#690=VERTEX_POINT('',#1705);
#691=VERTEX_POINT('',#1709);
#692=VERTEX_POINT('',#1711);
#693=VERTEX_POINT('',#1715);
#694=VERTEX_POINT('',#1720);
#695=VERTEX_POINT('',#1722);
#696=VERTEX_POINT('',#1727);
#697=VERTEX_POINT('',#1731);
#698=VERTEX_POINT('',#1736);
#699=VERTEX_POINT('',#1740);
#700=VERTEX_POINT('',#1745);
#701=VERTEX_POINT('',#1747);
#702=VERTEX_POINT('',#1752);
#703=VERTEX_POINT('',#1756);
#704=VERTEX_POINT('',#1761);
#705=VERTEX_POINT('',#1768);
#706=VERTEX_POINT('',#1770);
#707=VERTEX_POINT('',#1775);
#708=VERTEX_POINT('',#1777);
#709=VERTEX_POINT('',#1784);
#710=VERTEX_POINT('',#1788);
#711=VERTEX_POINT('',#1794);
#712=VERTEX_POINT('',#1804);
#713=VERTEX_POINT('',#1805);
#714=VERTEX_POINT('',#1810);
#715=VERTEX_POINT('',#1815);
#716=VERTEX_POINT('',#1821);
#717=VERTEX_POINT('',#1825);
#718=VERTEX_POINT('',#1827);
#719=VERTEX_POINT('',#1834);
#720=VERTEX_POINT('',#1835);
#721=VERTEX_POINT('',#1840);
#722=VERTEX_POINT('',#1849);
#723=VERTEX_POINT('',#1857);
#724=VERTEX_POINT('',#1864);
#725=VERTEX_POINT('',#1865);
#726=VERTEX_POINT('',#1870);
#727=VERTEX_POINT('',#1878);
#728=VERTEX_POINT('',#1885);
#729=VERTEX_POINT('',#1887);
#730=VERTEX_POINT('',#1889);
#731=VERTEX_POINT('',#1893);
#732=VERTEX_POINT('',#1897);
#733=VERTEX_POINT('',#1901);
#734=VERTEX_POINT('',#1903);
#735=VERTEX_POINT('',#1907);
#736=VERTEX_POINT('',#1911);
#737=VERTEX_POINT('',#1913);
#738=VERTEX_POINT('',#1920);
#739=VERTEX_POINT('',#1924);
#740=VERTEX_POINT('',#1925);
#741=VERTEX_POINT('',#1930);
#742=VERTEX_POINT('',#1936);
#743=VERTEX_POINT('',#1954);
#744=VERTEX_POINT('',#1957);
#745=LINE('',#1600,#821);
#746=LINE('',#1603,#822);
#747=LINE('',#1605,#823);
#748=LINE('',#1609,#824);
#749=LINE('',#1613,#825);
#750=LINE('',#1615,#826);
#751=LINE('',#1617,#827);
#752=LINE('',#1621,#828);
#753=LINE('',#1625,#829);
#754=LINE('',#1629,#830);
#755=LINE('',#1631,#831);
#756=LINE('',#1633,#832);
#757=LINE('',#1635,#833);
#758=LINE('',#1637,#834);
#759=LINE('',#1639,#835);
#760=LINE('',#1641,#836);
#761=LINE('',#1645,#837);
#762=LINE('',#1647,#838);
#763=LINE('',#1649,#839);
#764=LINE('',#1653,#840);
#765=LINE('',#1655,#841);
#766=LINE('',#1657,#842);
#767=LINE('',#1659,#843);
#768=LINE('',#1661,#844);
#769=LINE('',#1663,#845);
#770=LINE('',#1665,#846);
#771=LINE('',#1669,#847);
#772=LINE('',#1671,#848);
#773=LINE('',#1699,#849);
#774=LINE('',#1702,#850);
#775=LINE('',#1704,#851);
#776=LINE('',#1706,#852);
#777=LINE('',#1712,#853);
#778=LINE('',#1714,#854);
#779=LINE('',#1721,#855);
#780=LINE('',#1728,#856);
#781=LINE('',#1737,#857);
#782=LINE('',#1739,#858);
#783=LINE('',#1746,#859);
#784=LINE('',#1753,#860);
#785=LINE('',#1762,#861);
#786=LINE('',#1769,#862);
#787=LINE('',#1776,#863);
#788=LINE('',#1778,#864);
#789=LINE('',#1787,#865);
#790=LINE('',#1793,#866);
#791=LINE('',#1816,#867);
#792=LINE('',#1822,#868);
#793=LINE('',#1824,#869);
#794=LINE('',#1826,#870);
#795=LINE('',#1828,#871);
#796=LINE('',#1854,#872);
#797=LINE('',#1856,#873);
#798=LINE('',#1858,#874);
#799=LINE('',#1875,#875);
#800=LINE('',#1877,#876);
#801=LINE('',#1879,#877);
#802=LINE('',#1886,#878);
#803=LINE('',#1888,#879);
#804=LINE('',#1890,#880);
#805=LINE('',#1894,#881);
#806=LINE('',#1896,#882);
#807=LINE('',#1898,#883);
#808=LINE('',#1902,#884);
#809=LINE('',#1910,#885);
#810=LINE('',#1914,#886);
#811=LINE('',#1916,#887);
#812=LINE('',#1917,#888);
#813=LINE('',#1921,#889);
#814=LINE('',#1923,#890);
#815=LINE('',#1931,#891);
#816=LINE('',#1932,#892);
#817=LINE('',#1935,#893);
#818=LINE('',#1947,#894);
#819=LINE('',#1951,#895);
#820=LINE('',#1963,#896);
#821=VECTOR('',#1262,1.);
#822=VECTOR('',#1263,1.);
#823=VECTOR('',#1264,1.);
#824=VECTOR('',#1267,1.);
#825=VECTOR('',#1270,1.);
#826=VECTOR('',#1271,1.);
#827=VECTOR('',#1272,1.);
#828=VECTOR('',#1275,1.);
#829=VECTOR('',#1280,1.);
#830=VECTOR('',#1283,1.);
#831=VECTOR('',#1286,1.);
#832=VECTOR('',#1287,1.);
#833=VECTOR('',#1290,1.);
#834=VECTOR('',#1291,1.);
#835=VECTOR('',#1294,1.);
#836=VECTOR('',#1295,1.);
#837=VECTOR('',#1300,1.);
#838=VECTOR('',#1303,1.);
#839=VECTOR('',#1304,1.);
#840=VECTOR('',#1309,1.);
#841=VECTOR('',#1312,1.);
#842=VECTOR('',#1313,1.);
#843=VECTOR('',#1316,1.);
#844=VECTOR('',#1317,1.);
#845=VECTOR('',#1320,1.);
#846=VECTOR('',#1321,1.);
#847=VECTOR('',#1326,1.);
#848=VECTOR('',#1329,1.);
#849=VECTOR('',#1384,1.);
#850=VECTOR('',#1385,1.);
#851=VECTOR('',#1386,1.);
#852=VECTOR('',#1387,1.);
#853=VECTOR('',#1394,1.);
#854=VECTOR('',#1397,1.);
#855=VECTOR('',#1398,1.);
#856=VECTOR('',#1399,1.);
#857=VECTOR('',#1404,1.);
#858=VECTOR('',#1407,1.);
#859=VECTOR('',#1408,1.);
#860=VECTOR('',#1409,1.);
#861=VECTOR('',#1414,1.);
#862=VECTOR('',#1417,1.);
#863=VECTOR('',#1418,1.);
#864=VECTOR('',#1419,1.);
#865=VECTOR('',#1434,1.);
#866=VECTOR('',#1443,1.);
#867=VECTOR('',#1446,1.);
#868=VECTOR('',#1447,1.);
#869=VECTOR('',#1450,1.);
#870=VECTOR('',#1451,1.);
#871=VECTOR('',#1452,1.);
#872=VECTOR('',#1455,1.);
#873=VECTOR('',#1458,1.);
#874=VECTOR('',#1459,1.);
#875=VECTOR('',#1462,1.);
#876=VECTOR('',#1465,1.);
#877=VECTOR('',#1466,1.);
#878=VECTOR('',#1469,1.);
#879=VECTOR('',#1470,1.);
#880=VECTOR('',#1471,1.);
#881=VECTOR('',#1476,1.);
#882=VECTOR('',#1479,1.);
#883=VECTOR('',#1480,1.);
#884=VECTOR('',#1485,1.);
#885=VECTOR('',#1496,1.);
#886=VECTOR('',#1499,1.);
#887=VECTOR('',#1502,1.);
#888=VECTOR('',#1503,1.);
#889=VECTOR('',#1508,1.);
#890=VECTOR('',#1511,1.);
#891=VECTOR('',#1512,1.);
#892=VECTOR('',#1513,1.);
#893=VECTOR('',#1518,1.);
#894=VECTOR('',#1531,1.);
#895=VECTOR('',#1538,1.);
#896=VECTOR('',#1557,1.);
#897=EDGE_LOOP('',(#261,#262,#263,#264,#265,#266,#267,#268,#269,#270,#271,
#272));
#898=EDGE_LOOP('',(#273,#274,#275,#276));
#899=EDGE_LOOP('',(#277,#278,#279,#280));
#900=EDGE_LOOP('',(#281,#282,#283,#284));
#901=EDGE_LOOP('',(#285,#286,#287,#288));
#902=EDGE_LOOP('',(#289,#290,#291,#292));
#903=EDGE_LOOP('',(#293,#294,#295,#296));
#904=EDGE_LOOP('',(#297,#298,#299,#300));
#905=EDGE_LOOP('',(#301,#302,#303,#304));
#906=EDGE_LOOP('',(#305,#306,#307,#308));
#907=EDGE_LOOP('',(#309,#310,#311,#312));
#908=EDGE_LOOP('',(#313,#314,#315,#316));
#909=EDGE_LOOP('',(#317,#318,#319,#320));
#910=EDGE_LOOP('',(#321,#322,#323,#324,#325,#326,#327,#328,#329,#330,#331,
#332));
#911=EDGE_LOOP('',(#333,#334,#335,#336));
#912=EDGE_LOOP('',(#337,#338,#339,#340));
#913=EDGE_LOOP('',(#341,#342,#343,#344,#345,#346));
#914=EDGE_LOOP('',(#347,#348,#349,#350));
#915=EDGE_LOOP('',(#351,#352,#353,#354,#355,#356));
#916=EDGE_LOOP('',(#357,#358,#359,#360));
#917=EDGE_LOOP('',(#361,#362,#363,#364,#365,#366));
#918=EDGE_LOOP('',(#367,#368,#369,#370));
#919=EDGE_LOOP('',(#371,#372,#373));
#920=EDGE_LOOP('',(#374,#375,#376,#377));
#921=EDGE_LOOP('',(#378,#379,#380));
#922=EDGE_LOOP('',(#381,#382,#383,#384));
#923=EDGE_LOOP('',(#385,#386,#387,#388,#389,#390,#391,#392));
#924=EDGE_LOOP('',(#393,#394,#395,#396));
#925=EDGE_LOOP('',(#397,#398,#399,#400,#401,#402,#403,#404));
#926=EDGE_LOOP('',(#405,#406,#407,#408));
#927=EDGE_LOOP('',(#409,#410,#411,#412,#413,#414,#415,#416));
#928=EDGE_LOOP('',(#417,#418,#419,#420));
#929=EDGE_LOOP('',(#421,#422,#423,#424,#425,#426));
#930=EDGE_LOOP('',(#427,#428,#429,#430));
#931=EDGE_LOOP('',(#431,#432,#433,#434,#435,#436));
#932=EDGE_LOOP('',(#437,#438,#439,#440));
#933=EDGE_LOOP('',(#441,#442,#443));
#934=EDGE_LOOP('',(#444,#445,#446,#447));
#935=EDGE_LOOP('',(#448,#449,#450,#451,#452,#453));
#936=EDGE_LOOP('',(#454,#455,#456,#457));
#937=EDGE_LOOP('',(#458,#459,#460,#461,#462,#463));
#938=EDGE_LOOP('',(#464,#465,#466,#467));
#939=EDGE_LOOP('',(#468,#469,#470));
#940=EDGE_LOOP('',(#471,#472,#473,#474));
#941=EDGE_LOOP('',(#475,#476,#477,#478,#479,#480,#481,#482));
#942=EDGE_LOOP('',(#483,#484,#485,#486));
#943=EDGE_LOOP('',(#487,#488,#489,#490));
#944=EDGE_LOOP('',(#491,#492,#493,#494));
#945=EDGE_LOOP('',(#495));
#946=EDGE_LOOP('',(#496));
#947=EDGE_LOOP('',(#497));
#948=EDGE_LOOP('',(#498));
#949=EDGE_LOOP('',(#499,#500,#501));
#950=EDGE_LOOP('',(#502,#503,#504));
#951=EDGE_LOOP('',(#505,#506,#507,#508));
#952=EDGE_LOOP('',(#509,#510,#511,#512));
#953=EDGE_LOOP('',(#513,#514,#515,#516,#517,#518));
#954=EDGE_LOOP('',(#519,#520,#521));
#955=EDGE_LOOP('',(#522,#523,#524,#525));
#956=EDGE_LOOP('',(#526,#527,#528));
#957=FACE_BOUND('',#897,.T.);
#958=FACE_BOUND('',#898,.T.);
#959=FACE_BOUND('',#899,.T.);
#960=FACE_BOUND('',#900,.T.);
#961=FACE_BOUND('',#901,.T.);
#962=FACE_BOUND('',#902,.T.);
#963=FACE_BOUND('',#903,.T.);
#964=FACE_BOUND('',#904,.T.);
#965=FACE_BOUND('',#905,.T.);
#966=FACE_BOUND('',#906,.T.);
#967=FACE_BOUND('',#907,.T.);
#968=FACE_BOUND('',#908,.T.);
#969=FACE_BOUND('',#909,.T.);
#970=FACE_BOUND('',#910,.T.);
#971=FACE_BOUND('',#911,.T.);
#972=FACE_BOUND('',#912,.T.);
#973=FACE_BOUND('',#913,.T.);
#974=FACE_BOUND('',#914,.T.);
#975=FACE_BOUND('',#915,.T.);
#976=FACE_BOUND('',#916,.T.);
#977=FACE_BOUND('',#917,.T.);
#978=FACE_BOUND('',#918,.T.);
#979=FACE_BOUND('',#919,.T.);
#980=FACE_BOUND('',#920,.T.);
#981=FACE_BOUND('',#921,.T.);
#982=FACE_BOUND('',#922,.T.);
#983=FACE_BOUND('',#923,.T.);
#984=FACE_BOUND('',#924,.T.);
#985=FACE_BOUND('',#925,.T.);
#986=FACE_BOUND('',#926,.T.);
#987=FACE_BOUND('',#927,.T.);
#988=FACE_BOUND('',#928,.T.);
#989=FACE_BOUND('',#929,.T.);
#990=FACE_BOUND('',#930,.T.);
#991=FACE_BOUND('',#931,.T.);
#992=FACE_BOUND('',#932,.T.);
#993=FACE_BOUND('',#933,.T.);
#994=FACE_BOUND('',#934,.T.);
#995=FACE_BOUND('',#935,.T.);
#996=FACE_BOUND('',#936,.T.);
#997=FACE_BOUND('',#937,.T.);
#998=FACE_BOUND('',#938,.T.);
#999=FACE_BOUND('',#939,.T.);
#1000=FACE_BOUND('',#940,.T.);
#1001=FACE_BOUND('',#941,.T.);
#1002=FACE_BOUND('',#942,.T.);
#1003=FACE_BOUND('',#943,.T.);
#1004=FACE_BOUND('',#944,.T.);
#1005=FACE_BOUND('',#945,.T.);
#1006=FACE_BOUND('',#946,.T.);
#1007=FACE_BOUND('',#947,.T.);
#1008=FACE_BOUND('',#948,.T.);
#1009=FACE_BOUND('',#949,.T.);
#1010=FACE_BOUND('',#950,.T.);
#1011=FACE_BOUND('',#951,.T.);
#1012=FACE_BOUND('',#952,.T.);
#1013=FACE_BOUND('',#953,.T.);
#1014=FACE_BOUND('',#954,.T.);
#1015=FACE_BOUND('',#955,.T.);
#1016=FACE_BOUND('',#956,.T.);
#1017=PLANE('',#1127);
#1018=PLANE('',#1134);
#1019=PLANE('',#1135);
#1020=PLANE('',#1136);
#1021=PLANE('',#1139);
#1022=PLANE('',#1142);
#1023=PLANE('',#1143);
#1024=PLANE('',#1144);
#1025=PLANE('',#1147);
#1026=PLANE('',#1148);
#1027=PLANE('',#1174);
#1028=PLANE('',#1178);
#1029=PLANE('',#1181);
#1030=PLANE('',#1184);
#1031=PLANE('',#1197);
#1032=PLANE('',#1199);
#1033=PLANE('',#1201);
#1034=PLANE('',#1202);
#1035=PLANE('',#1205);
#1036=PLANE('',#1214);
#1037=PLANE('',#1217);
#1038=PLANE('',#1226);
#1039=PLANE('',#1229);
#1040=PLANE('',#1233);
#1041=PLANE('',#1238);
#1042=ADVANCED_FACE('',(#957),#1017,.F.);
#1043=ADVANCED_FACE('',(#958),#202,.T.);
#1044=ADVANCED_FACE('',(#959),#1018,.T.);
#1045=ADVANCED_FACE('',(#960),#1019,.T.);
#1046=ADVANCED_FACE('',(#961),#1020,.T.);
#1047=ADVANCED_FACE('',(#962),#203,.F.);
#1048=ADVANCED_FACE('',(#963),#1021,.T.);
#1049=ADVANCED_FACE('',(#964),#204,.T.);
#1050=ADVANCED_FACE('',(#965),#1022,.T.);
#1051=ADVANCED_FACE('',(#966),#1023,.T.);
#1052=ADVANCED_FACE('',(#967),#1024,.T.);
#1053=ADVANCED_FACE('',(#968),#205,.F.);
#1054=ADVANCED_FACE('',(#969),#1025,.T.);
#1055=ADVANCED_FACE('',(#970),#1026,.T.);
#1056=ADVANCED_FACE('',(#971),#1027,.F.);
#1057=ADVANCED_FACE('',(#972),#206,.T.);
#1058=ADVANCED_FACE('',(#973),#1028,.T.);
#1059=ADVANCED_FACE('',(#974),#207,.T.);
#1060=ADVANCED_FACE('',(#975),#1029,.T.);
#1061=ADVANCED_FACE('',(#976),#208,.T.);
#1062=ADVANCED_FACE('',(#977),#1030,.T.);
#1063=ADVANCED_FACE('',(#978),#209,.T.);
#1064=ADVANCED_FACE('',(#979),#10,.T.);
#1065=ADVANCED_FACE('',(#980),#210,.T.);
#1066=ADVANCED_FACE('',(#981),#11,.T.);
#1067=ADVANCED_FACE('',(#982),#211,.T.);
#1068=ADVANCED_FACE('',(#983),#212,.T.);
#1069=ADVANCED_FACE('',(#984),#1031,.T.);
#1070=ADVANCED_FACE('',(#985),#213,.T.);
#1071=ADVANCED_FACE('',(#986),#1032,.T.);
#1072=ADVANCED_FACE('',(#987),#214,.T.);
#1073=ADVANCED_FACE('',(#988),#1033,.T.);
#1074=ADVANCED_FACE('',(#989),#1034,.T.);
#1075=ADVANCED_FACE('',(#990),#215,.T.);
#1076=ADVANCED_FACE('',(#991),#1035,.T.);
#1077=ADVANCED_FACE('',(#992),#216,.T.);
#1078=ADVANCED_FACE('',(#993),#12,.T.);
#1079=ADVANCED_FACE('',(#994),#217,.T.);
#1080=ADVANCED_FACE('',(#995),#1036,.T.);
#1081=ADVANCED_FACE('',(#996),#218,.T.);
#1082=ADVANCED_FACE('',(#997),#1037,.T.);
#1083=ADVANCED_FACE('',(#998),#219,.T.);
#1084=ADVANCED_FACE('',(#999),#13,.T.);
#1085=ADVANCED_FACE('',(#1000),#220,.T.);
#1086=ADVANCED_FACE('',(#1001),#221,.T.);
#1087=ADVANCED_FACE('',(#1002),#1038,.T.);
#1088=ADVANCED_FACE('',(#1003),#222,.T.);
#1089=ADVANCED_FACE('',(#1004,#1005),#1039,.T.);
#1090=ADVANCED_FACE('',(#1006,#1007),#223,.F.);
#1091=ADVANCED_FACE('',(#1008),#1040,.F.);
#1092=ADVANCED_FACE('',(#1009),#14,.T.);
#1093=ADVANCED_FACE('',(#1010),#15,.T.);
#1094=ADVANCED_FACE('',(#1011),#224,.T.);
#1095=ADVANCED_FACE('',(#1012),#225,.T.);
#1096=ADVANCED_FACE('',(#1013),#1041,.T.);
#1097=ADVANCED_FACE('',(#1014),#16,.T.);
#1098=ADVANCED_FACE('',(#1015),#226,.T.);
#1099=ADVANCED_FACE('',(#1016),#17,.T.);
#1100=CLOSED_SHELL('',(#1042,#1043,#1044,#1045,#1046,#1047,#1048,#1049,
#1050,#1051,#1052,#1053,#1054,#1055));
#1101=CLOSED_SHELL('',(#1056,#1057,#1058,#1059,#1060,#1061,#1062,#1063,
#1064,#1065,#1066,#1067,#1068,#1069,#1070,#1071,#1072,#1073,#1074,#1075,
#1076,#1077,#1078,#1079,#1080,#1081,#1082,#1083,#1084,#1085,#1086,#1087,
#1088,#1089,#1090,#1091,#1092,#1093,#1094,#1095,#1096,#1097,#1098,#1099));
#1102=STYLED_ITEM('',(#1104),#1118);
#1103=STYLED_ITEM('',(#1105),#1119);
#1104=PRESENTATION_STYLE_ASSIGNMENT((#1106));
#1105=PRESENTATION_STYLE_ASSIGNMENT((#1107));
#1106=SURFACE_STYLE_USAGE(.BOTH.,#1108);
#1107=SURFACE_STYLE_USAGE(.BOTH.,#1109);
#1108=SURFACE_SIDE_STYLE('',(#1110));
#1109=SURFACE_SIDE_STYLE('',(#1111));
#1110=SURFACE_STYLE_FILL_AREA(#1112);
#1111=SURFACE_STYLE_FILL_AREA(#1113);
#1112=FILL_AREA_STYLE('',(#1114));
#1113=FILL_AREA_STYLE('',(#1115));
#1114=FILL_AREA_STYLE_COLOUR('',#1116);
#1115=FILL_AREA_STYLE_COLOUR('',#1117);
#1116=COLOUR_RGB('',0.882352941176471,0.882352941176471,0.882352941176471);
#1117=COLOUR_RGB('',0.0980392156862745,0.0980392156862745,0.0980392156862745);
#1118=MANIFOLD_SOLID_BREP('LEAD-TSSOP',#1100);
#1119=MANIFOLD_SOLID_BREP('BODY-TSSOP',#1101);
#1120=SHAPE_DEFINITION_REPRESENTATION(#1994,#1123);
#1121=SHAPE_DEFINITION_REPRESENTATION(#1995,#1124);
#1122=SHAPE_DEFINITION_REPRESENTATION(#2021,#1125);
#1123=SHAPE_REPRESENTATION('DBT0038A_ASM',(#1126,#1149,#1150,#1151,#1152,
#1153,#1154,#1155,#1156,#1157,#1158,#1159,#1160,#1161,#1162,#1163,#1164,
#1165,#1166,#1167,#1168,#1169,#1170,#1171,#1172,#1173,#1244,#1245,#1246,
#1247,#1248,#1249,#1250,#1251,#1252,#1253,#1254,#1255,#1256,#1257),#1985);
#1124=SHAPE_REPRESENTATION('LEAD-TSSOP',(#1126),#1986);
#1125=SHAPE_REPRESENTATION('BODY-TSSOP',(#1126),#1987);
#1126=AXIS2_PLACEMENT_3D('',#1598,#1258,#1259);
#1127=AXIS2_PLACEMENT_3D('',#1599,#1260,#1261);
#1128=AXIS2_PLACEMENT_3D('',#1607,#1265,#1266);
#1129=AXIS2_PLACEMENT_3D('',#1611,#1268,#1269);
#1130=AXIS2_PLACEMENT_3D('',#1619,#1273,#1274);
#1131=AXIS2_PLACEMENT_3D('',#1623,#1276,#1277);
#1132=AXIS2_PLACEMENT_3D('',#1624,#1278,#1279);
#1133=AXIS2_PLACEMENT_3D('',#1627,#1281,#1282);
#1134=AXIS2_PLACEMENT_3D('',#1630,#1284,#1285);
#1135=AXIS2_PLACEMENT_3D('',#1634,#1288,#1289);
#1136=AXIS2_PLACEMENT_3D('',#1638,#1292,#1293);
#1137=AXIS2_PLACEMENT_3D('',#1642,#1296,#1297);
#1138=AXIS2_PLACEMENT_3D('',#1643,#1298,#1299);
#1139=AXIS2_PLACEMENT_3D('',#1646,#1301,#1302);
#1140=AXIS2_PLACEMENT_3D('',#1650,#1305,#1306);
#1141=AXIS2_PLACEMENT_3D('',#1651,#1307,#1308);
#1142=AXIS2_PLACEMENT_3D('',#1654,#1310,#1311);
#1143=AXIS2_PLACEMENT_3D('',#1658,#1314,#1315);
#1144=AXIS2_PLACEMENT_3D('',#1662,#1318,#1319);
#1145=AXIS2_PLACEMENT_3D('',#1666,#1322,#1323);
#1146=AXIS2_PLACEMENT_3D('',#1667,#1324,#1325);
#1147=AXIS2_PLACEMENT_3D('',#1670,#1327,#1328);
#1148=AXIS2_PLACEMENT_3D('',#1672,#1330,#1331);
#1149=AXIS2_PLACEMENT_3D('',#1673,#1332,#1333);
#1150=AXIS2_PLACEMENT_3D('',#1674,#1334,#1335);
#1151=AXIS2_PLACEMENT_3D('',#1675,#1336,#1337);
#1152=AXIS2_PLACEMENT_3D('',#1676,#1338,#1339);
#1153=AXIS2_PLACEMENT_3D('',#1677,#1340,#1341);
#1154=AXIS2_PLACEMENT_3D('',#1678,#1342,#1343);
#1155=AXIS2_PLACEMENT_3D('',#1679,#1344,#1345);
#1156=AXIS2_PLACEMENT_3D('',#1680,#1346,#1347);
#1157=AXIS2_PLACEMENT_3D('',#1681,#1348,#1349);
#1158=AXIS2_PLACEMENT_3D('',#1682,#1350,#1351);
#1159=AXIS2_PLACEMENT_3D('',#1683,#1352,#1353);
#1160=AXIS2_PLACEMENT_3D('',#1684,#1354,#1355);
#1161=AXIS2_PLACEMENT_3D('',#1685,#1356,#1357);
#1162=AXIS2_PLACEMENT_3D('',#1686,#1358,#1359);
#1163=AXIS2_PLACEMENT_3D('',#1687,#1360,#1361);
#1164=AXIS2_PLACEMENT_3D('',#1688,#1362,#1363);
#1165=AXIS2_PLACEMENT_3D('',#1689,#1364,#1365);
#1166=AXIS2_PLACEMENT_3D('',#1690,#1366,#1367);
#1167=AXIS2_PLACEMENT_3D('',#1691,#1368,#1369);
#1168=AXIS2_PLACEMENT_3D('',#1692,#1370,#1371);
#1169=AXIS2_PLACEMENT_3D('',#1693,#1372,#1373);
#1170=AXIS2_PLACEMENT_3D('',#1694,#1374,#1375);
#1171=AXIS2_PLACEMENT_3D('',#1695,#1376,#1377);
#1172=AXIS2_PLACEMENT_3D('',#1696,#1378,#1379);
#1173=AXIS2_PLACEMENT_3D('',#1697,#1380,#1381);
#1174=AXIS2_PLACEMENT_3D('',#1698,#1382,#1383);
#1175=AXIS2_PLACEMENT_3D('',#1707,#1388,#1389);
#1176=AXIS2_PLACEMENT_3D('',#1708,#1390,#1391);
#1177=AXIS2_PLACEMENT_3D('',#1710,#1392,#1393);
#1178=AXIS2_PLACEMENT_3D('',#1713,#1395,#1396);
#1179=AXIS2_PLACEMENT_3D('',#1729,#1400,#1401);
#1180=AXIS2_PLACEMENT_3D('',#1730,#1402,#1403);
#1181=AXIS2_PLACEMENT_3D('',#1738,#1405,#1406);
#1182=AXIS2_PLACEMENT_3D('',#1754,#1410,#1411);
#1183=AXIS2_PLACEMENT_3D('',#1755,#1412,#1413);
#1184=AXIS2_PLACEMENT_3D('',#1763,#1415,#1416);
#1185=AXIS2_PLACEMENT_3D('',#1779,#1420,#1421);
#1186=AXIS2_PLACEMENT_3D('',#1780,#1422,#1423);
#1187=AXIS2_PLACEMENT_3D('',#1781,#1424,#1425);
#1188=AXIS2_PLACEMENT_3D('',#1782,#1426,#1427);
#1189=AXIS2_PLACEMENT_3D('',#1783,#1428,#1429);
#1190=AXIS2_PLACEMENT_3D('',#1785,#1430,#1431);
#1191=AXIS2_PLACEMENT_3D('',#1786,#1432,#1433);
#1192=AXIS2_PLACEMENT_3D('',#1789,#1435,#1436);
#1193=AXIS2_PLACEMENT_3D('',#1790,#1437,#1438);
#1194=AXIS2_PLACEMENT_3D('',#1791,#1439,#1440);
#1195=AXIS2_PLACEMENT_3D('',#1792,#1441,#1442);
#1196=AXIS2_PLACEMENT_3D('',#1799,#1444,#1445);
#1197=AXIS2_PLACEMENT_3D('',#1823,#1448,#1449);
#1198=AXIS2_PLACEMENT_3D('',#1829,#1453,#1454);
#1199=AXIS2_PLACEMENT_3D('',#1855,#1456,#1457);
#1200=AXIS2_PLACEMENT_3D('',#1859,#1460,#1461);
#1201=AXIS2_PLACEMENT_3D('',#1876,#1463,#1464);
#1202=AXIS2_PLACEMENT_3D('',#1880,#1467,#1468);
#1203=AXIS2_PLACEMENT_3D('',#1891,#1472,#1473);
#1204=AXIS2_PLACEMENT_3D('',#1892,#1474,#1475);
#1205=AXIS2_PLACEMENT_3D('',#1895,#1477,#1478);
#1206=AXIS2_PLACEMENT_3D('',#1899,#1481,#1482);
#1207=AXIS2_PLACEMENT_3D('',#1900,#1483,#1484);
#1208=AXIS2_PLACEMENT_3D('',#1904,#1486,#1487);
#1209=AXIS2_PLACEMENT_3D('',#1905,#1488,#1489);
#1210=AXIS2_PLACEMENT_3D('',#1906,#1490,#1491);
#1211=AXIS2_PLACEMENT_3D('',#1908,#1492,#1493);
#1212=AXIS2_PLACEMENT_3D('',#1909,#1494,#1495);
#1213=AXIS2_PLACEMENT_3D('',#1912,#1497,#1498);
#1214=AXIS2_PLACEMENT_3D('',#1915,#1500,#1501);
#1215=AXIS2_PLACEMENT_3D('',#1918,#1504,#1505);
#1216=AXIS2_PLACEMENT_3D('',#1919,#1506,#1507);
#1217=AXIS2_PLACEMENT_3D('',#1922,#1509,#1510);
#1218=AXIS2_PLACEMENT_3D('',#1933,#1514,#1515);
#1219=AXIS2_PLACEMENT_3D('',#1934,#1516,#1517);
#1220=AXIS2_PLACEMENT_3D('',#1937,#1519,#1520);
#1221=AXIS2_PLACEMENT_3D('',#1938,#1521,#1522);
#1222=AXIS2_PLACEMENT_3D('',#1939,#1523,#1524);
#1223=AXIS2_PLACEMENT_3D('',#1940,#1525,#1526);
#1224=AXIS2_PLACEMENT_3D('',#1941,#1527,#1528);
#1225=AXIS2_PLACEMENT_3D('',#1946,#1529,#1530);
#1226=AXIS2_PLACEMENT_3D('',#1948,#1532,#1533);
#1227=AXIS2_PLACEMENT_3D('',#1949,#1534,#1535);
#1228=AXIS2_PLACEMENT_3D('',#1950,#1536,#1537);
#1229=AXIS2_PLACEMENT_3D('',#1952,#1539,#1540);
#1230=AXIS2_PLACEMENT_3D('',#1953,#1541,#1542);
#1231=AXIS2_PLACEMENT_3D('',#1955,#1543,#1544);
#1232=AXIS2_PLACEMENT_3D('',#1956,#1545,#1546);
#1233=AXIS2_PLACEMENT_3D('',#1958,#1547,#1548);
#1234=AXIS2_PLACEMENT_3D('',#1959,#1549,#1550);
#1235=AXIS2_PLACEMENT_3D('',#1960,#1551,#1552);
#1236=AXIS2_PLACEMENT_3D('',#1961,#1553,#1554);
#1237=AXIS2_PLACEMENT_3D('',#1962,#1555,#1556);
#1238=AXIS2_PLACEMENT_3D('',#1964,#1558,#1559);
#1239=AXIS2_PLACEMENT_3D('',#1965,#1560,#1561);
#1240=AXIS2_PLACEMENT_3D('',#1966,#1562,#1563);
#1241=AXIS2_PLACEMENT_3D('',#1967,#1564,#1565);
#1242=AXIS2_PLACEMENT_3D('',#1968,#1566,#1567);
#1243=AXIS2_PLACEMENT_3D('',#1969,#1568,#1569);
#1244=AXIS2_PLACEMENT_3D('',#1970,#1570,#1571);
#1245=AXIS2_PLACEMENT_3D('',#1971,#1572,#1573);
#1246=AXIS2_PLACEMENT_3D('',#1972,#1574,#1575);
#1247=AXIS2_PLACEMENT_3D('',#1973,#1576,#1577);
#1248=AXIS2_PLACEMENT_3D('',#1974,#1578,#1579);
#1249=AXIS2_PLACEMENT_3D('',#1975,#1580,#1581);
#1250=AXIS2_PLACEMENT_3D('',#1976,#1582,#1583);
#1251=AXIS2_PLACEMENT_3D('',#1977,#1584,#1585);
#1252=AXIS2_PLACEMENT_3D('',#1978,#1586,#1587);
#1253=AXIS2_PLACEMENT_3D('',#1979,#1588,#1589);
#1254=AXIS2_PLACEMENT_3D('',#1980,#1590,#1591);
#1255=AXIS2_PLACEMENT_3D('',#1981,#1592,#1593);
#1256=AXIS2_PLACEMENT_3D('',#1982,#1594,#1595);
#1257=AXIS2_PLACEMENT_3D('',#1983,#1596,#1597);
#1258=DIRECTION('',(0.,0.,1.));
#1259=DIRECTION('',(1.,0.,0.));
#1260=DIRECTION('',(1.,0.,0.));
#1261=DIRECTION('',(0.,0.,-1.));
#1262=DIRECTION('',(0.,0.,1.));
#1263=DIRECTION('',(0.,1.,0.));
#1264=DIRECTION('',(0.,0.,-1.));
#1265=DIRECTION('',(1.,0.,0.));
#1266=DIRECTION('',(0.,0.,-1.));
#1267=DIRECTION('',(0.,0.987688340595142,-0.156434465040206));
#1268=DIRECTION('',(-1.,0.,0.));
#1269=DIRECTION('',(0.,0.,1.));
#1270=DIRECTION('',(0.,0.0697564737441317,-0.997564050259824));
#1271=DIRECTION('',(0.,-0.997564050259825,-0.0697564737441217));
#1272=DIRECTION('',(0.,-0.0697564737441317,0.997564050259824));
#1273=DIRECTION('',(1.,0.,0.));
#1274=DIRECTION('',(0.,0.,-1.));
#1275=DIRECTION('',(0.,-0.987688340595142,0.156434465040206));
#1276=DIRECTION('',(-1.,0.,0.));
#1277=DIRECTION('',(0.,0.,1.));
#1278=DIRECTION('',(-1.,0.,0.));
#1279=DIRECTION('',(0.,0.156434465040206,0.987688340595142));
#1280=DIRECTION('',(1.,0.,0.));
#1281=DIRECTION('',(-1.,0.,0.));
#1282=DIRECTION('',(0.,0.,1.));
#1283=DIRECTION('',(-1.,0.,0.));
#1284=DIRECTION('',(0.,1.,0.));
#1285=DIRECTION('',(0.,0.,1.));
#1286=DIRECTION('',(0.,0.,-1.));
#1287=DIRECTION('',(1.,0.,0.));
#1288=DIRECTION('',(0.,0.,-1.));
#1289=DIRECTION('',(0.,1.,0.));
#1290=DIRECTION('',(0.,1.,0.));
#1291=DIRECTION('',(1.,0.,0.));
#1292=DIRECTION('',(0.,-1.,0.));
#1293=DIRECTION('',(0.,0.,-1.));
#1294=DIRECTION('',(0.,0.,-1.));
#1295=DIRECTION('',(1.,0.,0.));
#1296=DIRECTION('',(1.,0.,0.));
#1297=DIRECTION('',(0.,1.,0.));
#1298=DIRECTION('',(1.,0.,0.));
#1299=DIRECTION('',(0.,0.,-1.));
#1300=DIRECTION('',(1.,0.,0.));
#1301=DIRECTION('',(0.,-0.156434465040206,-0.987688340595142));
#1302=DIRECTION('',(0.,0.987688340595142,-0.156434465040206));
#1303=DIRECTION('',(0.,0.987688340595142,-0.156434465040206));
#1304=DIRECTION('',(1.,0.,0.));
#1305=DIRECTION('',(-1.,0.,0.));
#1306=DIRECTION('',(0.,-0.156434465040206,-0.987688340595142));
#1307=DIRECTION('',(-1.,0.,0.));
#1308=DIRECTION('',(0.,0.,1.));
#1309=DIRECTION('',(-1.,0.,0.));
#1310=DIRECTION('',(0.,-0.997564050259824,-0.0697564737441317));
#1311=DIRECTION('',(0.,0.0697564737441317,-0.997564050259824));
#1312=DIRECTION('',(0.,0.0697564737441544,-0.997564050259822));
#1313=DIRECTION('',(1.,0.,0.));
#1314=DIRECTION('',(0.,-0.0697564737441217,0.997564050259825));
#1315=DIRECTION('',(0.,-0.997564050259825,-0.0697564737441217));
#1316=DIRECTION('',(0.,-0.997564050259834,-0.0697564737439887));
#1317=DIRECTION('',(1.,0.,0.));
#1318=DIRECTION('',(0.,0.997564050259824,0.0697564737441317));
#1319=DIRECTION('',(0.,-0.0697564737441317,0.997564050259824));
#1320=DIRECTION('',(0.,-0.0697564737440457,0.99756405025983));
#1321=DIRECTION('',(1.,0.,0.));
#1322=DIRECTION('',(1.,0.,0.));
#1323=DIRECTION('',(0.,-0.997564050259824,-0.0697564737441317));
#1324=DIRECTION('',(1.,0.,0.));
#1325=DIRECTION('',(0.,0.,-1.));
#1326=DIRECTION('',(1.,0.,0.));
#1327=DIRECTION('',(0.,0.156434465040206,0.987688340595142));
#1328=DIRECTION('',(0.,-0.987688340595142,0.156434465040206));
#1329=DIRECTION('',(0.,-0.987688340595142,0.156434465040206));
#1330=DIRECTION('',(1.,0.,0.));
#1331=DIRECTION('',(0.,0.,-1.));
#1332=DIRECTION('',(-1.,0.,0.));
#1333=DIRECTION('',(0.,-1.,0.));
#1334=DIRECTION('',(1.,0.,0.));
#1335=DIRECTION('',(0.,1.,0.));
#1336=DIRECTION('',(-1.,0.,0.));
#1337=DIRECTION('',(0.,-1.,0.));
#1338=DIRECTION('',(-1.,0.,0.));
#1339=DIRECTION('',(0.,-1.,0.));
#1340=DIRECTION('',(-1.,0.,0.));
#1341=DIRECTION('',(0.,-1.,0.));
#1342=DIRECTION('',(-1.,0.,0.));
#1343=DIRECTION('',(0.,-1.,0.));
#1344=DIRECTION('',(1.,0.,0.));
#1345=DIRECTION('',(0.,1.,0.));
#1346=DIRECTION('',(-1.,0.,0.));
#1347=DIRECTION('',(0.,-1.,0.));
#1348=DIRECTION('',(1.,0.,0.));
#1349=DIRECTION('',(0.,1.,0.));
#1350=DIRECTION('',(1.,0.,0.));
#1351=DIRECTION('',(0.,1.,0.));
#1352=DIRECTION('',(1.,0.,0.));
#1353=DIRECTION('',(0.,1.,0.));
#1354=DIRECTION('',(1.,0.,0.));
#1355=DIRECTION('',(0.,1.,0.));
#1356=DIRECTION('',(1.,0.,0.));
#1357=DIRECTION('',(0.,1.,0.));
#1358=DIRECTION('',(-1.,0.,0.));
#1359=DIRECTION('',(0.,-1.,0.));
#1360=DIRECTION('',(1.,0.,0.));
#1361=DIRECTION('',(0.,1.,0.));
#1362=DIRECTION('',(1.,0.,0.));
#1363=DIRECTION('',(0.,1.,0.));
#1364=DIRECTION('',(-1.,0.,0.));
#1365=DIRECTION('',(0.,-1.,0.));
#1366=DIRECTION('',(1.,0.,0.));
#1367=DIRECTION('',(0.,1.,0.));
#1368=DIRECTION('',(-1.,0.,0.));
#1369=DIRECTION('',(0.,-1.,0.));
#1370=DIRECTION('',(-1.,0.,0.));
#1371=DIRECTION('',(0.,-1.,0.));
#1372=DIRECTION('',(1.,0.,0.));
#1373=DIRECTION('',(0.,1.,0.));
#1374=DIRECTION('',(1.,0.,0.));
#1375=DIRECTION('',(0.,1.,0.));
#1376=DIRECTION('',(-1.,0.,0.));
#1377=DIRECTION('',(0.,-1.,0.));
#1378=DIRECTION('',(-1.,0.,0.));
#1379=DIRECTION('',(0.,-1.,0.));
#1380=DIRECTION('',(1.,0.,0.));
#1381=DIRECTION('',(0.,1.,0.));
#1382=DIRECTION('',(0.,1.,0.));
#1383=DIRECTION('',(1.,0.,0.));
#1384=DIRECTION('',(1.,0.,0.));
#1385=DIRECTION('',(0.,0.,-1.));
#1386=DIRECTION('',(1.,0.,0.));
#1387=DIRECTION('',(0.,0.,-1.));
#1388=DIRECTION('',(0.,0.,-1.));
#1389=DIRECTION('',(0.,-1.,0.));
#1390=DIRECTION('',(0.,0.,-1.));
#1391=DIRECTION('',(-1.,0.,0.));
#1392=DIRECTION('',(0.,0.,-1.));
#1393=DIRECTION('',(-1.,0.,0.));
#1394=DIRECTION('',(0.,0.,-1.));
#1395=DIRECTION('',(-0.978147600733797,-0.2079116908178,0.));
#1396=DIRECTION('',(0.,0.,1.));
#1397=DIRECTION('',(0.203558594952793,-0.957667894857967,-0.203558594952793));
#1398=DIRECTION('',(0.,0.,1.));
#1399=DIRECTION('',(0.203558594952728,-0.957667894857542,0.203558594954854));
#1400=DIRECTION('',(0.203558594952793,-0.957667894857967,0.203558594952793));
#1401=DIRECTION('',(-0.978147600733802,-0.207911690817775,-5.12784259498744E-15));
#1402=DIRECTION('',(0.203558594952793,-0.957667894857967,0.203558594952793));
#1403=DIRECTION('',(0.,-0.207911690817774,-0.978147600733803));
#1404=DIRECTION('',(0.203558594952793,-0.957667894857967,0.203558594952793));
#1405=DIRECTION('',(0.,-0.2079116908178,-0.978147600733797));
#1406=DIRECTION('',(-1.,0.,0.));
#1407=DIRECTION('',(1.,0.,0.));
#1408=DIRECTION('',(-1.,0.,0.));
#1409=DIRECTION('',(-0.203558594954854,-0.957667894857542,0.20355859495273));
#1410=DIRECTION('',(-0.203558594952793,-0.957667894857967,0.203558594952793));
#1411=DIRECTION('',(5.12784259498744E-15,-0.207911690817775,-0.978147600733802));
#1412=DIRECTION('',(0.203558594952749,0.957667894857979,-0.203558594952778));
#1413=DIRECTION('',(0.,0.207911690817757,0.978147600733806));
#1414=DIRECTION('',(-0.203558594952793,-0.957667894857967,0.203558594952793));
#1415=DIRECTION('',(0.978147600733797,-0.2079116908178,0.));
#1416=DIRECTION('',(0.,0.,-1.));
#1417=DIRECTION('',(0.,0.,-1.));
#1418=DIRECTION('',(-0.203558594952728,-0.957667894857542,-0.203558594954854));
#1419=DIRECTION('',(0.,0.,1.));
#1420=DIRECTION('',(0.,0.,1.));
#1421=DIRECTION('',(0.,-1.,0.));
#1422=DIRECTION('',(0.,0.,1.));
#1423=DIRECTION('',(1.,0.,0.));
#1424=DIRECTION('',(0.,0.,1.));
#1425=DIRECTION('',(1.,0.,0.));
#1426=DIRECTION('',(0.707106781186548,0.,-0.707106781186548));
#1427=DIRECTION('',(0.677173462578723,-0.28787532571981,0.677173462578723));
#1428=DIRECTION('',(0.203558594952763,0.957667894857979,0.203558594952763));
#1429=DIRECTION('',(0.,-0.207911690817743,0.978147600733809));
#1430=DIRECTION('',(-1.,0.,0.));
#1431=DIRECTION('',(0.,0.,1.));
#1432=DIRECTION('',(-1.,0.,0.));
#1433=DIRECTION('',(0.,-1.,0.));
#1434=DIRECTION('',(-1.,0.,0.));
#1435=DIRECTION('',(-1.,0.,0.));
#1436=DIRECTION('',(0.,0.,1.));
#1437=DIRECTION('',(0.707106781186598,0.,0.707106781186498));
#1438=DIRECTION('',(-0.677173462578675,-0.28787532571981,0.67717346257877));
#1439=DIRECTION('',(-0.203558594952749,0.957667894857979,0.203558594952778));
#1440=DIRECTION('',(0.,-0.207911690817757,0.978147600733806));
#1441=DIRECTION('',(0.203558594952793,-0.957667894857967,-0.203558594952793));
#1442=DIRECTION('',(-5.12784259498744E-15,-0.207911690817775,0.978147600733802));
#1443=DIRECTION('',(0.203558594954854,-0.957667894857542,-0.20355859495273));
#1444=DIRECTION('',(0.,-1.,0.));
#1445=DIRECTION('',(0.,0.,1.));
#1446=DIRECTION('',(0.,-1.,0.));
#1447=DIRECTION('',(0.,1.,0.));
#1448=DIRECTION('',(0.,0.,1.));
#1449=DIRECTION('',(1.,0.,0.));
#1450=DIRECTION('',(1.,0.,0.));
#1451=DIRECTION('',(1.,0.,0.));
#1452=DIRECTION('',(0.,-1.,0.));
#1453=DIRECTION('',(0.,-1.,0.));
#1454=DIRECTION('',(1.,0.,0.));
#1455=DIRECTION('',(0.,1.,0.));
#1456=DIRECTION('',(1.,0.,0.));
#1457=DIRECTION('',(0.,0.,-1.));
#1458=DIRECTION('',(0.,0.,-1.));
#1459=DIRECTION('',(0.,-1.,0.));
#1460=DIRECTION('',(0.,-1.,0.));
#1461=DIRECTION('',(0.,0.,-1.));
#1462=DIRECTION('',(0.,1.,0.));
#1463=DIRECTION('',(0.,0.,-1.));
#1464=DIRECTION('',(-1.,0.,0.));
#1465=DIRECTION('',(0.,-1.,0.));
#1466=DIRECTION('',(-1.,0.,0.));
#1467=DIRECTION('',(0.,0.2079116908178,-0.978147600733797));
#1468=DIRECTION('',(-1.,0.,0.));
#1469=DIRECTION('',(-0.203558594952793,-0.957667894857967,-0.203558594952793));
#1470=DIRECTION('',(-1.,0.,0.));
#1471=DIRECTION('',(0.203558594953268,-0.957667894857865,-0.203558594952798));
#1472=DIRECTION('',(0.203558594952793,-0.957667894857967,-0.203558594952793));
#1473=DIRECTION('',(5.12784259498744E-15,0.207911690817775,-0.978147600733802));
#1474=DIRECTION('',(0.203558594952793,-0.957667894857967,-0.203558594952793));
#1475=DIRECTION('',(0.,0.207911690817774,-0.978147600733803));
#1476=DIRECTION('',(0.203558594952793,-0.957667894857967,-0.203558594952793));
#1477=DIRECTION('',(0.978147600733797,0.2079116908178,0.));
#1478=DIRECTION('',(0.,0.,-1.));
#1479=DIRECTION('',(0.203558594952796,-0.957667894857865,0.20355859495327));
#1480=DIRECTION('',(0.,0.,-1.));
#1481=DIRECTION('',(0.,0.,-1.));
#1482=DIRECTION('',(0.,1.,0.));
#1483=DIRECTION('',(0.,0.,-1.));
#1484=DIRECTION('',(-1.,0.,0.));
#1485=DIRECTION('',(0.,0.,-1.));
#1486=DIRECTION('',(0.,0.,-1.));
#1487=DIRECTION('',(-1.,0.,0.));
#1488=DIRECTION('',(0.777145961457001,-0.629320391049801,0.));
#1489=DIRECTION('',(0.629320391049801,0.777145961457001,0.));
#1490=DIRECTION('',(0.203558594952793,-0.957667894857967,0.203558594952793));
#1491=DIRECTION('',(0.,-0.207911690817774,-0.978147600733803));
#1492=DIRECTION('',(1.,0.,0.));
#1493=DIRECTION('',(0.,0.,-1.));
#1494=DIRECTION('',(1.,0.,0.));
#1495=DIRECTION('',(0.,1.,0.));
#1496=DIRECTION('',(1.,0.,0.));
#1497=DIRECTION('',(1.,0.,0.));
#1498=DIRECTION('',(0.,0.,-1.));
#1499=DIRECTION('',(1.,0.,0.));
#1500=DIRECTION('',(0.,0.2079116908178,0.978147600733797));
#1501=DIRECTION('',(1.,0.,0.));
#1502=DIRECTION('',(0.203558594952793,-0.957667894857967,0.203558594952793));
#1503=DIRECTION('',(-0.203558594953268,-0.957667894857865,0.203558594952798));
#1504=DIRECTION('',(-0.203558594952793,-0.957667894857967,0.203558594952793));
#1505=DIRECTION('',(-5.12784259498744E-15,0.207911690817775,0.978147600733802));
#1506=DIRECTION('',(-0.203558594952793,-0.957667894857967,0.203558594952793));
#1507=DIRECTION('',(0.,-0.207911690817774,-0.978147600733803));
#1508=DIRECTION('',(-0.203558594952793,-0.957667894857967,0.203558594952793));
#1509=DIRECTION('',(-0.978147600733797,0.2079116908178,0.));
#1510=DIRECTION('',(0.,0.,1.));
#1511=DIRECTION('',(-0.203558594952797,-0.957667894857865,-0.20355859495327));
#1512=DIRECTION('',(0.,0.,1.));
#1513=DIRECTION('',(0.,0.,1.));
#1514=DIRECTION('',(0.,0.,1.));
#1515=DIRECTION('',(0.,1.,0.));
#1516=DIRECTION('',(0.,0.,1.));
#1517=DIRECTION('',(1.,0.,0.));
#1518=DIRECTION('',(0.,0.,-1.));
#1519=DIRECTION('',(0.,0.,1.));
#1520=DIRECTION('',(1.,0.,0.));
#1521=DIRECTION('',(0.707106781186548,0.,-0.707106781186548));
#1522=DIRECTION('',(-0.677173462578723,0.28787532571981,-0.677173462578723));
#1523=DIRECTION('',(-1.,0.,0.));
#1524=DIRECTION('',(0.,0.,1.));
#1525=DIRECTION('',(-0.20355859495324,-0.957667894857777,-0.20355859495324));
#1526=DIRECTION('',(0.,0.207911690818251,-0.978147600733701));
#1527=DIRECTION('',(-0.203558594952793,-0.957667894857967,-0.203558594952793));
#1528=DIRECTION('',(-0.978147600733802,0.207911690817775,-5.12784259498744E-15));
#1529=DIRECTION('',(0.,-1.,0.));
#1530=DIRECTION('',(-1.,0.,0.));
#1531=DIRECTION('',(0.,1.,0.));
#1532=DIRECTION('',(-1.,0.,0.));
#1533=DIRECTION('',(0.,0.,1.));
#1534=DIRECTION('',(-1.,0.,0.));
#1535=DIRECTION('',(0.,1.,0.));
#1536=DIRECTION('',(-1.,0.,0.));
#1537=DIRECTION('',(0.,0.,1.));
#1538=DIRECTION('',(1.,0.,0.));
#1539=DIRECTION('',(0.,1.,0.));
#1540=DIRECTION('',(1.,0.,0.));
#1541=DIRECTION('',(0.,-1.,0.));
#1542=DIRECTION('',(0.,0.,-1.));
#1543=DIRECTION('',(0.,-1.,0.));
#1544=DIRECTION('',(1.,0.,0.));
#1545=DIRECTION('',(0.,-1.,0.));
#1546=DIRECTION('',(0.,0.,-1.));
#1547=DIRECTION('',(0.,-1.,0.));
#1548=DIRECTION('',(1.,0.,0.));
#1549=DIRECTION('',(0.,-0.629320391049801,-0.777145961457001));
#1550=DIRECTION('',(0.,0.777145961457001,-0.629320391049801));
#1551=DIRECTION('',(0.,-0.629320391049801,0.777145961457001));
#1552=DIRECTION('',(0.,0.777145961457001,0.629320391049801));
#1553=DIRECTION('',(0.203558594952793,-0.957667894857967,0.203558594952793));
#1554=DIRECTION('',(0.978147600733802,0.207911690817775,5.12784259498744E-15));
#1555=DIRECTION('',(-0.203558594952793,-0.957667894857967,-0.203558594952793));
#1556=DIRECTION('',(0.978147600733802,-0.207911690817775,5.12784259498744E-15));
#1557=DIRECTION('',(-0.203558594952793,-0.957667894857967,-0.203558594952793));
#1558=DIRECTION('',(0.,-0.2079116908178,0.978147600733797));
#1559=DIRECTION('',(1.,0.,0.));
#1560=DIRECTION('',(-0.707106781186598,0.,-0.707106781186498));
#1561=DIRECTION('',(0.677173462578675,-0.28787532571981,-0.67717346257877));
#1562=DIRECTION('',(1.,0.,0.));
#1563=DIRECTION('',(0.,0.,-1.));
#1564=DIRECTION('',(1.,0.,0.));
#1565=DIRECTION('',(0.,-1.,0.));
#1566=DIRECTION('',(1.,0.,0.));
#1567=DIRECTION('',(0.,0.,-1.));
#1568=DIRECTION('',(0.,0.629320391049801,-0.777145961457001));
#1569=DIRECTION('',(0.,-0.777145961457001,-0.629320391049801));
#1570=DIRECTION('',(0.,-1.,0.));
#1571=DIRECTION('',(1.,0.,0.));
#1572=DIRECTION('',(-1.,0.,0.));
#1573=DIRECTION('',(0.,-1.,0.));
#1574=DIRECTION('',(1.,0.,0.));
#1575=DIRECTION('',(0.,1.,0.));
#1576=DIRECTION('',(-1.,0.,0.));
#1577=DIRECTION('',(0.,-1.,0.));
#1578=DIRECTION('',(1.,0.,0.));
#1579=DIRECTION('',(0.,1.,0.));
#1580=DIRECTION('',(1.,0.,0.));
#1581=DIRECTION('',(0.,1.,0.));
#1582=DIRECTION('',(-1.,0.,0.));
#1583=DIRECTION('',(0.,-1.,0.));
#1584=DIRECTION('',(1.,0.,0.));
#1585=DIRECTION('',(0.,1.,0.));
#1586=DIRECTION('',(-1.,0.,0.));
#1587=DIRECTION('',(0.,-1.,0.));
#1588=DIRECTION('',(1.,0.,0.));
#1589=DIRECTION('',(0.,1.,0.));
#1590=DIRECTION('',(1.,0.,0.));
#1591=DIRECTION('',(0.,1.,0.));
#1592=DIRECTION('',(-1.,0.,0.));
#1593=DIRECTION('',(0.,-1.,0.));
#1594=DIRECTION('',(-1.,0.,0.));
#1595=DIRECTION('',(0.,-1.,0.));
#1596=DIRECTION('',(-1.,0.,0.));
#1597=DIRECTION('',(0.,-1.,0.));
#1598=CARTESIAN_POINT('',(0.,0.,0.));
#1599=CARTESIAN_POINT('',(-0.00011,0.,0.));
#1600=CARTESIAN_POINT('',(-0.00011,0.00043,-0.000375));
#1601=CARTESIAN_POINT('',(-0.00011,0.00043,-0.000375));
#1602=CARTESIAN_POINT('',(-0.00011,0.00043,-0.0001724597461104));
#1603=CARTESIAN_POINT('',(-0.00011,0.00028,-0.000375));
#1604=CARTESIAN_POINT('',(-0.00011,0.00028,-0.000375));
#1605=CARTESIAN_POINT('',(-0.00011,0.00028,-4.434764329087E-5));
#1606=CARTESIAN_POINT('',(-0.00011,0.00028,-0.0001724597461104));
#1607=CARTESIAN_POINT('',(-0.00011,0.00013,-0.0001724597461104));
#1608=CARTESIAN_POINT('',(-0.00011,0.000153465169756017,-2.43064950211121E-5));
#1609=CARTESIAN_POINT('',(-0.00011,-0.0002093459933608,3.315714799263E-5));
#1610=CARTESIAN_POINT('',(-0.00011,2.63468408142509E-5,-4.17292963668326E-6));
#1611=CARTESIAN_POINT('',(-0.00011,7.327718032632E-5,0.0002921335725419));
#1612=CARTESIAN_POINT('',(-0.00011,-0.000225992034751625,0.000271206630418646));
#1613=CARTESIAN_POINT('',(-0.00011,-0.00025,0.0006145365289384));
#1614=CARTESIAN_POINT('',(-0.00011,-0.00025,0.00061453652893838));
#1615=CARTESIAN_POINT('',(-0.00011,-0.000100365392461,0.000625));
#1616=CARTESIAN_POINT('',(-0.00011,-0.000100365392461028,0.000625));
#1617=CARTESIAN_POINT('',(-0.00011,-6.803440651722E-5,0.0001626453602672));
#1618=CARTESIAN_POINT('',(-0.00011,-7.63574272126533E-5,0.00028167010148028));
#1619=CARTESIAN_POINT('',(-0.00011,7.327718032632E-5,0.0002921335725419));
#1620=CARTESIAN_POINT('',(-0.00011,4.98120105702895E-5,0.000143980321452614));
#1621=CARTESIAN_POINT('',(-0.00011,2.346516975603E-5,0.0001481532510893));
#1622=CARTESIAN_POINT('',(-0.00011,0.000176930339512083,0.000123846756068181));
#1623=CARTESIAN_POINT('',(-0.00011,0.00013,-0.0001724597461104));
#1624=CARTESIAN_POINT('',(0.000492984,0.00013,-0.0001724597461104));
#1625=CARTESIAN_POINT('',(-0.00011,0.000176930339512096,0.000123846756068179));
#1626=CARTESIAN_POINT('',(0.00011,0.000176930339512083,0.000123846756068181));
#1627=CARTESIAN_POINT('',(0.00011,0.00013,-0.0001724597461104));
#1628=CARTESIAN_POINT('',(0.00011,0.00043,-0.0001724597461104));
#1629=CARTESIAN_POINT('',(0.000492984,0.00043,-0.0001724597461104));
#1630=CARTESIAN_POINT('',(-0.00011,0.00043,-0.000375));
#1631=CARTESIAN_POINT('',(0.00011,0.00043,0.));
#1632=CARTESIAN_POINT('',(0.00011,0.00043,-0.000375));
#1633=CARTESIAN_POINT('',(-0.00011,0.00043,-0.000375));
#1634=CARTESIAN_POINT('',(-0.00011,0.00028,-0.000375));
#1635=CARTESIAN_POINT('',(0.00011,0.,-0.000375));
#1636=CARTESIAN_POINT('',(0.00011,0.00028,-0.000375));
#1637=CARTESIAN_POINT('',(-0.00011,0.00028,-0.000375));
#1638=CARTESIAN_POINT('',(-0.00011,0.00028,-4.434764329087E-5));
#1639=CARTESIAN_POINT('',(0.00011,0.00028,0.));
#1640=CARTESIAN_POINT('',(0.00011,0.00028,-0.0001724597461104));
#1641=CARTESIAN_POINT('',(-0.000396792,0.00028,-0.0001724597461104));
#1642=CARTESIAN_POINT('',(-0.000396792,0.00013,-0.0001724597461104));
#1643=CARTESIAN_POINT('',(0.00011,0.00013,-0.0001724597461104));
#1644=CARTESIAN_POINT('',(0.00011,0.000153465169756017,-2.43064950211121E-5));
#1645=CARTESIAN_POINT('',(-0.00011,0.000153465169756002,-2.43064950211095E-5));
#1646=CARTESIAN_POINT('',(-0.00011,-0.0002093459933608,3.315714799263E-5));
#1647=CARTESIAN_POINT('',(0.00011,-0.0002093459933608,3.315714799263E-5));
#1648=CARTESIAN_POINT('',(0.00011,2.63468408142509E-5,-4.17292963668326E-6));
#1649=CARTESIAN_POINT('',(-0.00011,2.63468408142503E-5,-4.17292963668314E-6));
#1650=CARTESIAN_POINT('',(0.000492984,7.327718032632E-5,0.0002921335725419));
#1651=CARTESIAN_POINT('',(0.00011,7.327718032632E-5,0.0002921335725419));
#1652=CARTESIAN_POINT('',(0.00011,-0.00022599203475162,0.000271206630418642));
#1653=CARTESIAN_POINT('',(0.000492984,-0.000225992034751625,0.000271206630418631));
#1654=CARTESIAN_POINT('',(-0.00011,-0.00025,0.0006145365289384));
#1655=CARTESIAN_POINT('',(0.00011,-0.00025,0.0006145365289384));
#1656=CARTESIAN_POINT('',(0.00011,-0.00025,0.00061453652893839));
#1657=CARTESIAN_POINT('',(-0.00011,-0.00025,0.00061453652893838));
#1658=CARTESIAN_POINT('',(-0.00011,-0.000100365392461,0.000625));
#1659=CARTESIAN_POINT('',(0.00011,-0.000100365392461,0.000625));
#1660=CARTESIAN_POINT('',(0.00011,-0.000100365392461014,0.000625));
#1661=CARTESIAN_POINT('',(-0.00011,-0.000100365392461028,0.000625));
#1662=CARTESIAN_POINT('',(-0.00011,-6.803440651722E-5,0.0001626453602672));
#1663=CARTESIAN_POINT('',(0.00011,-7.6357427212649E-5,0.0002816701014802));
#1664=CARTESIAN_POINT('',(0.00011,-7.63574272126545E-5,0.000281670101480287));
#1665=CARTESIAN_POINT('',(-0.000396792,-7.63574272126536E-5,0.00028167010148028));
#1666=CARTESIAN_POINT('',(-0.000396792,7.327718032632E-5,0.0002921335725419));
#1667=CARTESIAN_POINT('',(0.00011,7.327718032632E-5,0.0002921335725419));
#1668=CARTESIAN_POINT('',(0.00011,4.98120105702895E-5,0.000143980321452614));
#1669=CARTESIAN_POINT('',(-0.00011,4.98120105702922E-5,0.000143980321452614));
#1670=CARTESIAN_POINT('',(-0.00011,2.346516975603E-5,0.0001481532510893));
#1671=CARTESIAN_POINT('',(0.00011,2.346516975603E-5,0.0001481532510893));
#1672=CARTESIAN_POINT('',(0.00011,0.,0.));
#1673=CARTESIAN_POINT('',(-0.002575,-0.003,0.00025));
#1674=CARTESIAN_POINT('',(0.002575,0.0025,0.00025));
#1675=CARTESIAN_POINT('',(-0.002575,0.0015,0.00025));
#1676=CARTESIAN_POINT('',(-0.002575,-0.002,0.00025));
#1677=CARTESIAN_POINT('',(-0.002575,0.004,0.00025));
#1678=CARTESIAN_POINT('',(-0.002575,-0.0045,0.00025));
#1679=CARTESIAN_POINT('',(0.002575,-0.0025,0.00025));
#1680=CARTESIAN_POINT('',(-0.002575,0.,0.00025));
#1681=CARTESIAN_POINT('',(0.002575,0.0035,0.00025));
#1682=CARTESIAN_POINT('',(0.002575,-0.001,0.00025));
#1683=CARTESIAN_POINT('',(0.002575,0.0005,0.00025));
#1684=CARTESIAN_POINT('',(0.002575,0.0045,0.00025));
#1685=CARTESIAN_POINT('',(0.002575,0.,0.00025));
#1686=CARTESIAN_POINT('',(-0.002575,-0.0035,0.00025));
#1687=CARTESIAN_POINT('',(0.002575,0.0015,0.00025));
#1688=CARTESIAN_POINT('',(0.002575,-0.0035,0.00025));
#1689=CARTESIAN_POINT('',(-0.002575,0.0005,0.00025));
#1690=CARTESIAN_POINT('',(0.002575,-0.0005,0.00025));
#1691=CARTESIAN_POINT('',(-0.002575,0.0045,0.00025));
#1692=CARTESIAN_POINT('',(-0.002575,-0.001,0.00025));
#1693=CARTESIAN_POINT('',(0.002575,0.003,0.00025));
#1694=CARTESIAN_POINT('',(0.002575,0.001,0.00025));
#1695=CARTESIAN_POINT('',(-0.002575,0.001,0.00025));
#1696=CARTESIAN_POINT('',(-0.002575,-0.0015,0.00025));
#1697=CARTESIAN_POINT('',(0.002575,-0.003,0.00025));
#1698=CARTESIAN_POINT('',(0.,-0.00055,0.));
#1699=CARTESIAN_POINT('',(0.,-0.00055,-0.004683998972012));
#1700=CARTESIAN_POINT('',(-0.002033998972012,-0.00055,-0.004683998972012));
#1701=CARTESIAN_POINT('',(0.002033998972012,-0.00055,-0.004683998972012));
#1702=CARTESIAN_POINT('',(0.002033998972012,-0.00055,0.));
#1703=CARTESIAN_POINT('',(0.002033998972012,-0.00055,0.004683998972012));
#1704=CARTESIAN_POINT('',(0.,-0.00055,0.004683998972012));
#1705=CARTESIAN_POINT('',(-0.002033998972012,-0.00055,0.004683998972012));
#1706=CARTESIAN_POINT('',(-0.002033998972012,-0.00055,0.));
#1707=CARTESIAN_POINT('',(-0.002033998972012,-0.00045,0.01749492));
#1708=CARTESIAN_POINT('',(-0.002033998972012,-0.00045,-0.004683998972012));
#1709=CARTESIAN_POINT('',(-0.00213181373208582,-0.000470791169081835,-0.00468399897201221));
#1710=CARTESIAN_POINT('',(-0.002033998972012,-0.00045,0.004683998972012));
#1711=CARTESIAN_POINT('',(-0.00213181373208547,-0.00047079116908348,0.004683998972012));
#1712=CARTESIAN_POINT('',(-0.00213181373208539,-0.000470791169081727,0.01749492));
#1713=CARTESIAN_POINT('',(-0.0022,-0.00015,-0.00485));
#1714=CARTESIAN_POINT('',(-0.00260020337138239,0.00173280883091825,0.00515238861130884));
#1715=CARTESIAN_POINT('',(-0.00219997662888535,-0.000150109952450675,0.004752161868812));
#1716=CARTESIAN_POINT('',(-0.00219997662888515,-0.000150109952450631,0.004752161868812));
#1717=CARTESIAN_POINT('',(-0.00219999216964459,-0.000150036838925813,0.004751443179163));
#1718=CARTESIAN_POINT('',(-0.0022,-0.00015,0.0047507225662));
#1719=CARTESIAN_POINT('',(-0.0022,-0.00015,0.00475));
#1720=CARTESIAN_POINT('',(-0.0022,-0.00015,0.00475));
#1721=CARTESIAN_POINT('',(-0.0022,-0.00015,-0.00485));
#1722=CARTESIAN_POINT('',(-0.0022,-0.00015,-0.00475));
#1723=CARTESIAN_POINT('',(-0.0022,-0.00015,-0.00475));
#1724=CARTESIAN_POINT('',(-0.0022,-0.00015,-0.0047507225662));
#1725=CARTESIAN_POINT('',(-0.00219999216964459,-0.000150036838925813,-0.004751443179163));
#1726=CARTESIAN_POINT('',(-0.00219997662888515,-0.000150109952450631,-0.004752161868812));
#1727=CARTESIAN_POINT('',(-0.00219997662888535,-0.00015010995245069,-0.00475216186881208));
#1728=CARTESIAN_POINT('',(-0.00219997662888514,-0.000150109952450631,-0.004752161868812));
#1729=CARTESIAN_POINT('',(-0.002502388611309,0.0017536,-0.005152388611309));
#1730=CARTESIAN_POINT('',(-0.00203399897201284,-0.000450000000000303,-0.00468399897201284));
#1731=CARTESIAN_POINT('',(-0.00203399897201258,-0.000470791169081936,-0.0047818137320858));
#1732=CARTESIAN_POINT('',(-0.00219997662888554,-0.000150109952450748,-0.00475216186881216));
#1733=CARTESIAN_POINT('',(-0.00219887297800491,-0.000155302221614123,-0.00480320071719715));
#1734=CARTESIAN_POINT('',(-0.002153200717197,-0.00015530222161411,-0.004848872978005));
#1735=CARTESIAN_POINT('',(-0.002102161868812,-0.000150109952450715,-0.00484997662888555));
#1736=CARTESIAN_POINT('',(-0.002102161868812,-0.000150109952450674,-0.00484997662888535));
#1737=CARTESIAN_POINT('',(-0.00250238861130884,0.00173280883091825,-0.00525020337138239));
#1738=CARTESIAN_POINT('',(0.0022,-0.00015,-0.00485));
#1739=CARTESIAN_POINT('',(-0.00793584,-0.000470791169081727,-0.00478181373208539));
#1740=CARTESIAN_POINT('',(0.00203399897201187,-0.000470791169081797,-0.00478181373208561));
#1741=CARTESIAN_POINT('',(-0.002102161868812,-0.000150109952450631,-0.00484997662888515));
#1742=CARTESIAN_POINT('',(-0.002101443179163,-0.000150036838925813,-0.00484999216964459));
#1743=CARTESIAN_POINT('',(-0.0021007225662,-0.00015,-0.00485));
#1744=CARTESIAN_POINT('',(-0.0021,-0.00015,-0.00485));
#1745=CARTESIAN_POINT('',(-0.0021,-0.00015,-0.00485));
#1746=CARTESIAN_POINT('',(0.0022,-0.00015,-0.00485));
#1747=CARTESIAN_POINT('',(0.0021,-0.00015,-0.00485));
#1748=CARTESIAN_POINT('',(0.0021,-0.00015,-0.00485));
#1749=CARTESIAN_POINT('',(0.0021007225662,-0.00015,-0.00485));
#1750=CARTESIAN_POINT('',(0.002101443179163,-0.000150036838925813,-0.00484999216964459));
#1751=CARTESIAN_POINT('',(0.002102161868812,-0.000150109952450631,-0.00484997662888515));
#1752=CARTESIAN_POINT('',(0.00210216186881208,-0.00015010995245069,-0.00484997662888534));
#1753=CARTESIAN_POINT('',(0.002102161868812,-0.000150109952450631,-0.00484997662888515));
#1754=CARTESIAN_POINT('',(0.002502388611309,0.0017536,-0.005152388611309));
#1755=CARTESIAN_POINT('',(0.002033998972012,-0.00045,-0.004683998972012));
#1756=CARTESIAN_POINT('',(0.0021318137320858,-0.00047079116908191,-0.00468399897201233));
#1757=CARTESIAN_POINT('',(0.00210216186881216,-0.000150109952450748,-0.00484997662888554));
#1758=CARTESIAN_POINT('',(0.00215320071719716,-0.000155302221614125,-0.00484887297800491));
#1759=CARTESIAN_POINT('',(0.00219887297800501,-0.000155302221614065,-0.00480320071719701));
#1760=CARTESIAN_POINT('',(0.00219997662888555,-0.00015010995245072,-0.004752161868812));
#1761=CARTESIAN_POINT('',(0.00219997662888535,-0.000150109952450675,-0.004752161868812));
#1762=CARTESIAN_POINT('',(0.00260020337138239,0.00173280883091825,-0.00515238861130884));
#1763=CARTESIAN_POINT('',(0.0022,-0.00015,0.00485));
#1764=CARTESIAN_POINT('',(0.00219997662888515,-0.000150109952450631,-0.004752161868812));
#1765=CARTESIAN_POINT('',(0.00219999216964459,-0.000150036838925813,-0.004751443179163));
#1766=CARTESIAN_POINT('',(0.0022,-0.00015,-0.0047507225662));
#1767=CARTESIAN_POINT('',(0.0022,-0.00015,-0.00475));
#1768=CARTESIAN_POINT('',(0.0022,-0.00015,-0.00475));
#1769=CARTESIAN_POINT('',(0.0022,-0.00015,0.00485));
#1770=CARTESIAN_POINT('',(0.0022,-0.00015,0.00475));
#1771=CARTESIAN_POINT('',(0.0022,-0.00015,0.00475));
#1772=CARTESIAN_POINT('',(0.0022,-0.00015,0.0047507225662));
#1773=CARTESIAN_POINT('',(0.00219999216964459,-0.000150036838925813,0.004751443179163));
#1774=CARTESIAN_POINT('',(0.00219997662888515,-0.000150109952450631,0.004752161868812));
#1775=CARTESIAN_POINT('',(0.00219997662888535,-0.00015010995245069,0.00475216186881208));
#1776=CARTESIAN_POINT('',(0.00219997662888514,-0.000150109952450631,0.004752161868812));
#1777=CARTESIAN_POINT('',(0.00213181373208562,-0.00047079116908177,0.00468399897201199));
#1778=CARTESIAN_POINT('',(0.00213181373208539,-0.000470791169081727,-0.01749492));
#1779=CARTESIAN_POINT('',(0.002033998972012,-0.00045,-0.01749492));
#1780=CARTESIAN_POINT('',(0.002033998972012,-0.00045,-0.004683998972012));
#1781=CARTESIAN_POINT('',(0.002033998972012,-0.00045,0.004683998972012));
#1782=CARTESIAN_POINT('',(0.002033998972012,-0.00045,0.004683998972012));
#1783=CARTESIAN_POINT('',(0.002033998972012,-0.00045,0.004683998972012));
#1784=CARTESIAN_POINT('',(0.00203399897201189,-0.000470791169083485,0.00478181373208547));
#1785=CARTESIAN_POINT('',(0.002033998972012,-0.00045,0.004683998972012));
#1786=CARTESIAN_POINT('',(0.00793584,-0.00045,0.004683998972012));
#1787=CARTESIAN_POINT('',(0.00793584,-0.000470791169081727,0.00478181373208539));
#1788=CARTESIAN_POINT('',(-0.002033998972012,-0.000470791169081775,0.00478181373208562));
#1789=CARTESIAN_POINT('',(-0.002033998972012,-0.00045,0.004683998972012));
#1790=CARTESIAN_POINT('',(-0.002033998972012,-0.00045,0.004683998972012));
#1791=CARTESIAN_POINT('',(-0.002033998972012,-0.00045,0.004683998972012));
#1792=CARTESIAN_POINT('',(-0.002502388611309,0.0017536,0.005152388611309));
#1793=CARTESIAN_POINT('',(-0.002102161868812,-0.000150109952450631,0.00484997662888515));
#1794=CARTESIAN_POINT('',(-0.00210216186881208,-0.00015010995245069,0.00484997662888534));
#1795=CARTESIAN_POINT('',(-0.00210216186881216,-0.000150109952450748,0.00484997662888554));
#1796=CARTESIAN_POINT('',(-0.00215320071719716,-0.000155302221614125,0.00484887297800491));
#1797=CARTESIAN_POINT('',(-0.00219887297800501,-0.000155302221614065,0.00480320071719701));
#1798=CARTESIAN_POINT('',(-0.00219997662888555,-0.00015010995245072,0.004752161868812));
#1799=CARTESIAN_POINT('',(-0.0021,0.0017536,0.00475));
#1800=CARTESIAN_POINT('',(-0.002102161868812,1.09952450607159E-7,0.00484997662888515));
#1801=CARTESIAN_POINT('',(-0.002101443179163,3.68389258465119E-8,0.00484999216964459));
#1802=CARTESIAN_POINT('',(-0.0021007225662,0.,0.00485));
#1803=CARTESIAN_POINT('',(-0.0021,0.,0.00485));
#1804=CARTESIAN_POINT('',(-0.00210216186881197,1.09952450608515E-7,0.00484997662888519));
#1805=CARTESIAN_POINT('',(-0.0021,0.,0.00485));
#1806=CARTESIAN_POINT('',(-0.00219997662888523,1.09952450605745E-7,0.00475216186881191));
#1807=CARTESIAN_POINT('',(-0.00219887297800456,5.3022216140643E-6,0.00480320071719783));
#1808=CARTESIAN_POINT('',(-0.00215320071719765,5.30222161402633E-6,0.00484887297800455));
#1809=CARTESIAN_POINT('',(-0.00210216186881193,1.09952450609421E-7,0.00484997662888523));
#1810=CARTESIAN_POINT('',(-0.00219997662888519,1.09952450608633E-7,0.00475216186881195));
#1811=CARTESIAN_POINT('',(-0.0022,0.,0.00475));
#1812=CARTESIAN_POINT('',(-0.0022,0.,0.0047507225662));
#1813=CARTESIAN_POINT('',(-0.00219999216964459,3.68389258484239E-8,0.004751443179163));
#1814=CARTESIAN_POINT('',(-0.00219997662888515,1.09952450609427E-7,0.004752161868812));
#1815=CARTESIAN_POINT('',(-0.0022,9.75781955236954E-19,0.00475));
#1816=CARTESIAN_POINT('',(-0.0022,0.0017536,0.00475));
#1817=CARTESIAN_POINT('',(-0.0021,-0.00015,0.00485));
#1818=CARTESIAN_POINT('',(-0.0021007225662,-0.00015,0.00485));
#1819=CARTESIAN_POINT('',(-0.002101443179163,-0.000150036838925813,0.00484999216964459));
#1820=CARTESIAN_POINT('',(-0.002102161868812,-0.000150109952450631,0.00484997662888515));
#1821=CARTESIAN_POINT('',(-0.0021,-0.00015,0.00485));
#1822=CARTESIAN_POINT('',(-0.0021,-0.00055,0.00485));
#1823=CARTESIAN_POINT('',(-0.0022,-0.00055,0.00485));
#1824=CARTESIAN_POINT('',(-0.0022,0.,0.00485));
#1825=CARTESIAN_POINT('',(0.0021,0.,0.00485));
#1826=CARTESIAN_POINT('',(-0.0022,-0.00015,0.00485));
#1827=CARTESIAN_POINT('',(0.0021,-0.00015,0.00485));
#1828=CARTESIAN_POINT('',(0.0021,0.0017536,0.00485));
#1829=CARTESIAN_POINT('',(0.0021,0.0017536,0.00475));
#1830=CARTESIAN_POINT('',(0.00219997662888515,1.09952450608922E-7,0.004752161868812));
#1831=CARTESIAN_POINT('',(0.00219999216964459,3.68389258484239E-8,0.004751443179163));
#1832=CARTESIAN_POINT('',(0.0022,0.,0.0047507225662));
#1833=CARTESIAN_POINT('',(0.0022,0.,0.00475));
#1834=CARTESIAN_POINT('',(0.00219997662888519,1.09952450609539E-7,0.00475216186881197));
#1835=CARTESIAN_POINT('',(0.0022,0.,0.00475));
#1836=CARTESIAN_POINT('',(0.00210216186881191,1.09952450605342E-7,0.00484997662888523));
#1837=CARTESIAN_POINT('',(0.00215320071719783,5.30222161401634E-6,0.00484887297800457));
#1838=CARTESIAN_POINT('',(0.00219887297800455,5.30222161402652E-6,0.00480320071719765));
#1839=CARTESIAN_POINT('',(0.00219997662888523,1.09952450609703E-7,0.00475216186881193));
#1840=CARTESIAN_POINT('',(0.00210216186881196,1.09952450605423E-7,0.00484997662888519));
#1841=CARTESIAN_POINT('',(0.0021,0.,0.00485));
#1842=CARTESIAN_POINT('',(0.0021007225662,0.,0.00485));
#1843=CARTESIAN_POINT('',(0.002101443179163,3.68389258462994E-8,0.00484999216964459));
#1844=CARTESIAN_POINT('',(0.002102161868812,1.09952450606909E-7,0.00484997662888515));
#1845=CARTESIAN_POINT('',(0.002102161868812,-0.000150109952450631,0.00484997662888515));
#1846=CARTESIAN_POINT('',(0.002101443179163,-0.000150036838925813,0.00484999216964459));
#1847=CARTESIAN_POINT('',(0.0021007225662,-0.00015,0.00485));
#1848=CARTESIAN_POINT('',(0.0021,-0.00015,0.00485));
#1849=CARTESIAN_POINT('',(0.002102161868812,-0.000150109952450717,0.00484997662888555));
#1850=CARTESIAN_POINT('',(0.00219997662888554,-0.000150109952450748,0.00475216186881216));
#1851=CARTESIAN_POINT('',(0.00219887297800491,-0.000155302221614123,0.00480320071719715));
#1852=CARTESIAN_POINT('',(0.002153200717197,-0.00015530222161411,0.004848872978005));
#1853=CARTESIAN_POINT('',(0.002102161868812,-0.000150109952450715,0.00484997662888555));
#1854=CARTESIAN_POINT('',(0.0022,-0.00055,0.00475));
#1855=CARTESIAN_POINT('',(0.0022,-0.00055,0.00485));
#1856=CARTESIAN_POINT('',(0.0022,0.,0.00485));
#1857=CARTESIAN_POINT('',(0.0022,0.,-0.00475));
#1858=CARTESIAN_POINT('',(0.0022,0.0017536,-0.00475));
#1859=CARTESIAN_POINT('',(0.0021,0.0017536,-0.00475));
#1860=CARTESIAN_POINT('',(0.002102161868812,1.09952450606893E-7,-0.00484997662888515));
#1861=CARTESIAN_POINT('',(0.002101443179163,3.68389258465119E-8,-0.00484999216964459));
#1862=CARTESIAN_POINT('',(0.0021007225662,0.,-0.00485));
#1863=CARTESIAN_POINT('',(0.0021,0.,-0.00485));
#1864=CARTESIAN_POINT('',(0.00210216186881197,1.09952450607837E-7,-0.00484997662888519));
#1865=CARTESIAN_POINT('',(0.0021,0.,-0.00485));
#1866=CARTESIAN_POINT('',(0.00219997662888523,1.09952450605745E-7,-0.00475216186881191));
#1867=CARTESIAN_POINT('',(0.00219887297800456,5.3022216140639E-6,-0.00480320071719783));
#1868=CARTESIAN_POINT('',(0.00215320071719765,5.30222161402607E-6,-0.00484887297800455));
#1869=CARTESIAN_POINT('',(0.00210216186881193,1.09952450609411E-7,-0.00484997662888523));
#1870=CARTESIAN_POINT('',(0.00219997662888519,1.09952450608055E-7,-0.00475216186881195));
#1871=CARTESIAN_POINT('',(0.0022,0.,-0.00475));
#1872=CARTESIAN_POINT('',(0.0022,0.,-0.0047507225662));
#1873=CARTESIAN_POINT('',(0.00219999216964459,3.68389258484239E-8,-0.004751443179163));
#1874=CARTESIAN_POINT('',(0.00219997662888515,1.09952450608922E-7,-0.004752161868812));
#1875=CARTESIAN_POINT('',(0.0021,-0.00055,-0.00485));
#1876=CARTESIAN_POINT('',(0.0022,-0.00055,-0.00485));
#1877=CARTESIAN_POINT('',(-0.0021,0.0017536,-0.00485));
#1878=CARTESIAN_POINT('',(-0.0021,0.,-0.00485));
#1879=CARTESIAN_POINT('',(0.0022,0.,-0.00485));
#1880=CARTESIAN_POINT('',(0.0022,0.,-0.00485));
#1881=CARTESIAN_POINT('',(-0.0021,0.,-0.00485));
#1882=CARTESIAN_POINT('',(-0.0021007225662,0.,-0.00485));
#1883=CARTESIAN_POINT('',(-0.002101443179163,3.68389258462994E-8,-0.00484999216964459));
#1884=CARTESIAN_POINT('',(-0.002102161868812,1.09952450606378E-7,-0.00484997662888515));
#1885=CARTESIAN_POINT('',(-0.00210216186881191,1.09952450603719E-7,-0.00484997662888524));
#1886=CARTESIAN_POINT('',(-0.00172502675396895,0.00177439116908177,-0.00447284151404239));
#1887=CARTESIAN_POINT('',(-0.002023371143929,0.000370791169081857,-0.0047711859040024));
#1888=CARTESIAN_POINT('',(0.00793584,0.000370791169081828,-0.00477118590400237));
#1889=CARTESIAN_POINT('',(0.00202337114392904,0.000370791169081819,-0.0047711859040024));
#1890=CARTESIAN_POINT('',(0.002023371143929,0.000370791169081871,-0.00477118590400233));
#1891=CARTESIAN_POINT('',(0.001725026753969,0.0017536,-0.004375026753969));
#1892=CARTESIAN_POINT('',(0.00202337114392905,0.000350000000000072,-0.00467337114392905));
#1893=CARTESIAN_POINT('',(0.00212118590400239,0.000370791169081859,-0.004673371143929));
#1894=CARTESIAN_POINT('',(0.00182284151404239,0.00177439116908177,-0.00437502675396895));
#1895=CARTESIAN_POINT('',(0.0022,0.,0.00485));
#1896=CARTESIAN_POINT('',(0.00212118590400234,0.000370791169081871,0.004673371143929));
#1897=CARTESIAN_POINT('',(0.00212118590400238,0.000370791169081864,0.00467337114392905));
#1898=CARTESIAN_POINT('',(0.00212118590400237,0.000370791169081828,0.01749492));
#1899=CARTESIAN_POINT('',(0.002023371143929,0.00035,0.01749492));
#1900=CARTESIAN_POINT('',(0.002023371143929,0.00035,-0.004673371143929));
#1901=CARTESIAN_POINT('',(0.002023371143929,0.00045,-0.004673371143929));
#1902=CARTESIAN_POINT('',(0.002023371143929,0.00045,0.));
#1903=CARTESIAN_POINT('',(0.002023371143929,0.00045,0.004673371143929));
#1904=CARTESIAN_POINT('',(0.002023371143929,0.00035,0.004673371143929));
#1905=CARTESIAN_POINT('',(0.002023371143929,0.00035,0.004673371143929));
#1906=CARTESIAN_POINT('',(0.00202337114392905,0.000350000000000071,0.00467337114392905));
#1907=CARTESIAN_POINT('',(0.002023371143929,0.000370791169081834,0.0047711859040024));
#1908=CARTESIAN_POINT('',(0.002023371143929,0.00035,0.004673371143929));
#1909=CARTESIAN_POINT('',(-0.00793584,0.00035,0.004673371143929));
#1910=CARTESIAN_POINT('',(0.,0.00045,0.004673371143929));
#1911=CARTESIAN_POINT('',(-0.002023371143929,0.00045,0.004673371143929));
#1912=CARTESIAN_POINT('',(-0.002023371143929,0.00035,0.004673371143929));
#1913=CARTESIAN_POINT('',(-0.00202337114392904,0.000370791169081864,0.00477118590400238));
#1914=CARTESIAN_POINT('',(-0.00793584,0.000370791169081828,0.00477118590400237));
#1915=CARTESIAN_POINT('',(-0.0022,0.,0.00485));
#1916=CARTESIAN_POINT('',(0.00172502675396895,0.00177439116908177,0.00447284151404239));
#1917=CARTESIAN_POINT('',(-0.002023371143929,0.000370791169081871,0.00477118590400233));
#1918=CARTESIAN_POINT('',(-0.001725026753969,0.0017536,0.004375026753969));
#1919=CARTESIAN_POINT('',(-0.00202337114392905,0.000350000000000072,0.00467337114392905));
#1920=CARTESIAN_POINT('',(-0.00212118590400239,0.000370791169081859,0.004673371143929));
#1921=CARTESIAN_POINT('',(-0.00182284151404239,0.00177439116908177,0.00437502675396895));
#1922=CARTESIAN_POINT('',(-0.0022,0.,-0.00485));
#1923=CARTESIAN_POINT('',(-0.00212118590400234,0.000370791169081871,-0.004673371143929));
#1924=CARTESIAN_POINT('',(-0.00212118590400236,0.000370791169081821,-0.004673371143929));
#1925=CARTESIAN_POINT('',(-0.00219997662888519,1.09952450609712E-7,-0.00475216186881197));
#1926=CARTESIAN_POINT('',(-0.00219997662888515,1.09952450609267E-7,-0.004752161868812));
#1927=CARTESIAN_POINT('',(-0.00219999216964459,3.68389258484239E-8,-0.004751443179163));
#1928=CARTESIAN_POINT('',(-0.0022,0.,-0.0047507225662));
#1929=CARTESIAN_POINT('',(-0.0022,0.,-0.00475));
#1930=CARTESIAN_POINT('',(-0.0022,0.,-0.00475));
#1931=CARTESIAN_POINT('',(-0.0022,0.,-0.00485));
#1932=CARTESIAN_POINT('',(-0.00212118590400237,0.000370791169081828,-0.01749492));
#1933=CARTESIAN_POINT('',(-0.002023371143929,0.00035,-0.01749492));
#1934=CARTESIAN_POINT('',(-0.002023371143929,0.00035,0.004673371143929));
#1935=CARTESIAN_POINT('',(-0.002023371143929,0.00045,0.));
#1936=CARTESIAN_POINT('',(-0.002023371143929,0.00045,-0.004673371143929));
#1937=CARTESIAN_POINT('',(-0.002023371143929,0.00035,-0.004673371143929));
#1938=CARTESIAN_POINT('',(-0.002023371143929,0.00035,-0.004673371143929));
#1939=CARTESIAN_POINT('',(-0.002023371143929,0.00035,-0.004673371143929));
#1940=CARTESIAN_POINT('',(-0.002023371143929,0.00035,-0.004673371143929));
#1941=CARTESIAN_POINT('',(-0.001725026753969,0.0017536,-0.004375026753969));
#1942=CARTESIAN_POINT('',(-0.00210216186881191,1.09952450600572E-7,-0.00484997662888524));
#1943=CARTESIAN_POINT('',(-0.00215320071719783,5.30222161405934E-6,-0.00484887297800456));
#1944=CARTESIAN_POINT('',(-0.00219887297800455,5.30222161402638E-6,-0.00480320071719765));
#1945=CARTESIAN_POINT('',(-0.00219997662888523,1.09952450609703E-7,-0.00475216186881193));
#1946=CARTESIAN_POINT('',(-0.0021,0.0017536,-0.00475));
#1947=CARTESIAN_POINT('',(-0.0022,-0.00055,-0.00475));
#1948=CARTESIAN_POINT('',(-0.0022,-0.00055,-0.00485));
#1949=CARTESIAN_POINT('',(0.00793584,0.00035,-0.004673371143929));
#1950=CARTESIAN_POINT('',(0.002023371143929,0.00035,-0.004673371143929));
#1951=CARTESIAN_POINT('',(0.,0.00045,-0.004673371143929));
#1952=CARTESIAN_POINT('',(0.,0.00045,0.));
#1953=CARTESIAN_POINT('',(-0.0014,0.00045,-0.00395));
#1954=CARTESIAN_POINT('',(-0.0014,0.00045,-0.00435));
#1955=CARTESIAN_POINT('',(-0.0014,0.00045,-0.00395));
#1956=CARTESIAN_POINT('',(-0.0014,0.0004,-0.00395));
#1957=CARTESIAN_POINT('',(-0.0014,0.0004,-0.00435));
#1958=CARTESIAN_POINT('',(-0.0014,0.0004,-0.00395));
#1959=CARTESIAN_POINT('',(0.002023371143929,0.00035,-0.004673371143929));
#1960=CARTESIAN_POINT('',(-0.002023371143929,0.00035,0.004673371143929));
#1961=CARTESIAN_POINT('',(0.001725026753969,0.0017536,0.004375026753969));
#1962=CARTESIAN_POINT('',(0.002502388611309,0.0017536,0.005152388611309));
#1963=CARTESIAN_POINT('',(0.00250238861130884,0.00173280883091825,0.00525020337138239));
#1964=CARTESIAN_POINT('',(-0.0022,-0.00015,0.00485));
#1965=CARTESIAN_POINT('',(0.002033998972012,-0.00045,-0.004683998972012));
#1966=CARTESIAN_POINT('',(0.002033998972012,-0.00045,-0.004683998972012));
#1967=CARTESIAN_POINT('',(-0.00793584,-0.00045,-0.004683998972012));
#1968=CARTESIAN_POINT('',(-0.002033998972012,-0.00045,-0.004683998972012));
#1969=CARTESIAN_POINT('',(-0.002033998972012,-0.00045,-0.004683998972012));
#1970=CARTESIAN_POINT('',(0.,0.,0.00068));
#1971=CARTESIAN_POINT('',(-0.002575,0.0035,0.00025));
#1972=CARTESIAN_POINT('',(0.002575,-0.0015,0.00025));
#1973=CARTESIAN_POINT('',(-0.002575,0.002,0.00025));
#1974=CARTESIAN_POINT('',(0.002575,-0.004,0.00025));
#1975=CARTESIAN_POINT('',(0.002575,0.004,0.00025));
#1976=CARTESIAN_POINT('',(-0.002575,0.0025,0.00025));
#1977=CARTESIAN_POINT('',(0.002575,0.002,0.00025));
#1978=CARTESIAN_POINT('',(-0.002575,0.003,0.00025));
#1979=CARTESIAN_POINT('',(0.002575,-0.0045,0.00025));
#1980=CARTESIAN_POINT('',(0.002575,-0.002,0.00025));
#1981=CARTESIAN_POINT('',(-0.002575,-0.0025,0.00025));
#1982=CARTESIAN_POINT('',(-0.002575,-0.004,0.00025));
#1983=CARTESIAN_POINT('',(-0.002575,-0.0005,0.00025));
#1984=MECHANICAL_DESIGN_GEOMETRIC_PRESENTATION_REPRESENTATION('',(#1102,
#1103),#1985);
#1985=(
GEOMETRIC_REPRESENTATION_CONTEXT(3)
GLOBAL_UNCERTAINTY_ASSIGNED_CONTEXT((#1988))
GLOBAL_UNIT_ASSIGNED_CONTEXT((#1993,#1992,#1991))
REPRESENTATION_CONTEXT('DBT0038A_ASM','TOP_LEVEL_ASSEMBLY_PART')
);
#1986=(
GEOMETRIC_REPRESENTATION_CONTEXT(3)
GLOBAL_UNCERTAINTY_ASSIGNED_CONTEXT((#1989))
GLOBAL_UNIT_ASSIGNED_CONTEXT((#1993,#1992,#1991))
REPRESENTATION_CONTEXT('LEAD-TSSOP','COMPONENT_PART')
);
#1987=(
GEOMETRIC_REPRESENTATION_CONTEXT(3)
GLOBAL_UNCERTAINTY_ASSIGNED_CONTEXT((#1990))
GLOBAL_UNIT_ASSIGNED_CONTEXT((#1993,#1992,#1991))
REPRESENTATION_CONTEXT('BODY-TSSOP','COMPONENT_PART')
);
#1988=UNCERTAINTY_MEASURE_WITH_UNIT(LENGTH_MEASURE(1.E-8),#1993,
'DISTANCE_ACCURACY_VALUE','Maximum Tolerance applied to model');
#1989=UNCERTAINTY_MEASURE_WITH_UNIT(LENGTH_MEASURE(1.E-8),#1993,
'DISTANCE_ACCURACY_VALUE','Maximum Tolerance applied to model');
#1990=UNCERTAINTY_MEASURE_WITH_UNIT(LENGTH_MEASURE(2.E-5),#1993,
'DISTANCE_ACCURACY_VALUE','Maximum Tolerance applied to model');
#1991=(
NAMED_UNIT(*)
SI_UNIT($,.STERADIAN.)
SOLID_ANGLE_UNIT()
);
#1992=(
NAMED_UNIT(*)
PLANE_ANGLE_UNIT()
SI_UNIT($,.RADIAN.)
);
#1993=(
LENGTH_UNIT()
NAMED_UNIT(*)
SI_UNIT($,.METRE.)
);
#1994=PRODUCT_DEFINITION_SHAPE('','',#2036);
#1995=PRODUCT_DEFINITION_SHAPE('','',#2037);
#1996=PRODUCT_DEFINITION_SHAPE(' ','NAUO PRDDFN',#81);
#1997=PRODUCT_DEFINITION_SHAPE(' ','NAUO PRDDFN',#82);
#1998=PRODUCT_DEFINITION_SHAPE(' ','NAUO PRDDFN',#83);
#1999=PRODUCT_DEFINITION_SHAPE(' ','NAUO PRDDFN',#84);
#2000=PRODUCT_DEFINITION_SHAPE(' ','NAUO PRDDFN',#85);
#2001=PRODUCT_DEFINITION_SHAPE(' ','NAUO PRDDFN',#86);
#2002=PRODUCT_DEFINITION_SHAPE(' ','NAUO PRDDFN',#87);
#2003=PRODUCT_DEFINITION_SHAPE(' ','NAUO PRDDFN',#88);
#2004=PRODUCT_DEFINITION_SHAPE(' ','NAUO PRDDFN',#89);
#2005=PRODUCT_DEFINITION_SHAPE(' ','NAUO PRDDFN',#90);
#2006=PRODUCT_DEFINITION_SHAPE(' ','NAUO PRDDFN',#91);
#2007=PRODUCT_DEFINITION_SHAPE(' ','NAUO PRDDFN',#92);
#2008=PRODUCT_DEFINITION_SHAPE(' ','NAUO PRDDFN',#93);
#2009=PRODUCT_DEFINITION_SHAPE(' ','NAUO PRDDFN',#94);
#2010=PRODUCT_DEFINITION_SHAPE(' ','NAUO PRDDFN',#95);
#2011=PRODUCT_DEFINITION_SHAPE(' ','NAUO PRDDFN',#96);
#2012=PRODUCT_DEFINITION_SHAPE(' ','NAUO PRDDFN',#97);
#2013=PRODUCT_DEFINITION_SHAPE(' ','NAUO PRDDFN',#98);
#2014=PRODUCT_DEFINITION_SHAPE(' ','NAUO PRDDFN',#99);
#2015=PRODUCT_DEFINITION_SHAPE(' ','NAUO PRDDFN',#100);
#2016=PRODUCT_DEFINITION_SHAPE(' ','NAUO PRDDFN',#101);
#2017=PRODUCT_DEFINITION_SHAPE(' ','NAUO PRDDFN',#102);
#2018=PRODUCT_DEFINITION_SHAPE(' ','NAUO PRDDFN',#103);
#2019=PRODUCT_DEFINITION_SHAPE(' ','NAUO PRDDFN',#104);
#2020=PRODUCT_DEFINITION_SHAPE(' ','NAUO PRDDFN',#105);
#2021=PRODUCT_DEFINITION_SHAPE('','',#2038);
#2022=PRODUCT_DEFINITION_SHAPE(' ','NAUO PRDDFN',#106);
#2023=PRODUCT_DEFINITION_SHAPE(' ','NAUO PRDDFN',#107);
#2024=PRODUCT_DEFINITION_SHAPE(' ','NAUO PRDDFN',#108);
#2025=PRODUCT_DEFINITION_SHAPE(' ','NAUO PRDDFN',#109);
#2026=PRODUCT_DEFINITION_SHAPE(' ','NAUO PRDDFN',#110);
#2027=PRODUCT_DEFINITION_SHAPE(' ','NAUO PRDDFN',#111);
#2028=PRODUCT_DEFINITION_SHAPE(' ','NAUO PRDDFN',#112);
#2029=PRODUCT_DEFINITION_SHAPE(' ','NAUO PRDDFN',#113);
#2030=PRODUCT_DEFINITION_SHAPE(' ','NAUO PRDDFN',#114);
#2031=PRODUCT_DEFINITION_SHAPE(' ','NAUO PRDDFN',#115);
#2032=PRODUCT_DEFINITION_SHAPE(' ','NAUO PRDDFN',#116);
#2033=PRODUCT_DEFINITION_SHAPE(' ','NAUO PRDDFN',#117);
#2034=PRODUCT_DEFINITION_SHAPE(' ','NAUO PRDDFN',#118);
#2035=PRODUCT_DEFINITION_SHAPE(' ','NAUO PRDDFN',#119);
#2036=PRODUCT_DEFINITION('','',#2042,#2039);
#2037=PRODUCT_DEFINITION('','',#2043,#2040);
#2038=PRODUCT_DEFINITION('','',#2044,#2041);
#2039=PRODUCT_DEFINITION_CONTEXT('',#2058,'design');
#2040=PRODUCT_DEFINITION_CONTEXT('',#2058,'design');
#2041=PRODUCT_DEFINITION_CONTEXT('',#2058,'design');
#2042=PRODUCT_DEFINITION_FORMATION_WITH_SPECIFIED_SOURCE('','',#2048,
 .NOT_KNOWN.);
#2043=PRODUCT_DEFINITION_FORMATION_WITH_SPECIFIED_SOURCE('','',#2049,
 .NOT_KNOWN.);
#2044=PRODUCT_DEFINITION_FORMATION_WITH_SPECIFIED_SOURCE('','',#2050,
 .NOT_KNOWN.);
#2045=PRODUCT_RELATED_PRODUCT_CATEGORY('','',(#2048));
#2046=PRODUCT_RELATED_PRODUCT_CATEGORY('','',(#2049));
#2047=PRODUCT_RELATED_PRODUCT_CATEGORY('','',(#2050));
#2048=PRODUCT('DBT0038A_ASM','DBT0038A_ASM','DBT0038A_ASM',(#2054));
#2049=PRODUCT('LEAD-TSSOP','LEAD-TSSOP','LEAD-TSSOP',(#2055));
#2050=PRODUCT('BODY-TSSOP','BODY-TSSOP','BODY-TSSOP',(#2056));
#2051=PRODUCT_CATEGORY('','');
#2052=PRODUCT_CATEGORY('','');
#2053=PRODUCT_CATEGORY('','');
#2054=PRODUCT_CONTEXT('',#2058,'mechanical');
#2055=PRODUCT_CONTEXT('',#2058,'mechanical');
#2056=PRODUCT_CONTEXT('',#2058,'mechanical');
#2057=APPLICATION_PROTOCOL_DEFINITION('international standard',
'ap242_managed_model_based_3d_engineering',2020,#2058);
#2058=APPLICATION_CONTEXT('managed model based 3d engineering');
ENDSEC;
END-ISO-10303-21;
