ISO-10303-21;
HEADER;
/* Generated by software containing ST-Developer
 * from STEP Tools, Inc. (www.steptools.com) 
 */
/* OPTION: using custom renumber hook */

FILE_DESCRIPTION(
/* description */ ('STEP AP242 Edition 2',
'CAx-IF Rec.Pracs.---Representation and Presentation of Product Manufa
cturing Information (PMI)---4.0---2014-10-13',
'CAx-IF Rec.Pracs.---3D Tessellated Geometry---0.4---2014-09-14','2;1',
'CAx-IF Rec.Pracs.---User Defined Attributes---1.5---2016-08-15'),
/* implementation_level */ '2;1');

FILE_NAME(
/* name */ 'cherry_mx',
/* time_stamp */ '2026-09-15T17:53:16Z',
/* author */ (''),
/* organization */ (''),
/* preprocessor_version */ 'ST-DEVELOPER v20',
/* originating_system */ 'ONSHAPE BY PTC INC, 1.220',
/* authorisation */ '  ');

FILE_SCHEMA (('AP242_MANAGED_MODEL_BASED_3D_ENGINEERING_MIM_LF { 1 0 10303 442 3 1 4 }'));
ENDSEC;

DATA;
#10=MANIFOLD_SURFACE_SHAPE_REPRESENTATION('',(#116),#4576);
#11=MANIFOLD_SURFACE_SHAPE_REPRESENTATION('',(#117),#4577);
#12=MANIFOLD_SURFACE_SHAPE_REPRESENTATION('',(#118,#119,#120,#121,#122),
#4578);
#13=ORIENTED_EDGE('',*,*,#30,.T.);
#14=ORIENTED_EDGE('',*,*,#31,.T.);
#15=ORIENTED_EDGE('',*,*,#32,.T.);
#16=ORIENTED_EDGE('',*,*,#33,.T.);
#17=ORIENTED_EDGE('',*,*,#34,.F.);
#18=ORIENTED_EDGE('',*,*,#35,.F.);
#19=ORIENTED_EDGE('',*,*,#36,.F.);
#20=ORIENTED_EDGE('',*,*,#37,.F.);
#21=ORIENTED_EDGE('',*,*,#38,.F.);
#22=ORIENTED_EDGE('',*,*,#39,.F.);
#23=ORIENTED_EDGE('',*,*,#40,.F.);
#24=ORIENTED_EDGE('',*,*,#41,.F.);
#25=ORIENTED_EDGE('',*,*,#42,.F.);
#26=ORIENTED_EDGE('',*,*,#43,.F.);
#27=ORIENTED_EDGE('',*,*,#44,.F.);
#28=ORIENTED_EDGE('',*,*,#45,.F.);
#29=ORIENTED_EDGE('',*,*,#46,.F.);
#30=EDGE_CURVE('',#47,#48,#64,.T.);
#31=EDGE_CURVE('',#48,#49,#65,.T.);
#32=EDGE_CURVE('',#49,#50,#66,.T.);
#33=EDGE_CURVE('',#50,#47,#67,.T.);
#34=EDGE_CURVE('',#51,#52,#68,.T.);
#35=EDGE_CURVE('',#53,#51,#69,.T.);
#36=EDGE_CURVE('',#54,#53,#70,.T.);
#37=EDGE_CURVE('',#52,#54,#71,.T.);
#38=EDGE_CURVE('',#55,#55,#72,.T.);
#39=EDGE_CURVE('',#56,#57,#73,.T.);
#40=EDGE_CURVE('',#58,#56,#74,.T.);
#41=EDGE_CURVE('',#57,#58,#75,.T.);
#42=EDGE_CURVE('',#59,#60,#76,.T.);
#43=EDGE_CURVE('',#61,#59,#77,.T.);
#44=EDGE_CURVE('',#60,#61,#78,.T.);
#45=EDGE_CURVE('',#62,#62,#79,.T.);
#46=EDGE_CURVE('',#63,#63,#80,.T.);
#47=VERTEX_POINT('',#336);
#48=VERTEX_POINT('',#337);
#49=VERTEX_POINT('',#342);
#50=VERTEX_POINT('',#347);
#51=VERTEX_POINT('',#358);
#52=VERTEX_POINT('',#359);
#53=VERTEX_POINT('',#364);
#54=VERTEX_POINT('',#369);
#55=VERTEX_POINT('',#1321);
#56=VERTEX_POINT('',#1327);
#57=VERTEX_POINT('',#1328);
#58=VERTEX_POINT('',#1333);
#59=VERTEX_POINT('',#2683);
#60=VERTEX_POINT('',#2684);
#61=VERTEX_POINT('',#2689);
#62=VERTEX_POINT('',#3648);
#63=VERTEX_POINT('',#4572);
#64=B_SPLINE_CURVE_WITH_KNOTS('',3,(#332,#333,#334,#335),.UNSPECIFIED.,
 .F.,.F.,(4,4),(0.,49.6000017726459),.UNSPECIFIED.);
#65=B_SPLINE_CURVE_WITH_KNOTS('',3,(#338,#339,#340,#341),.UNSPECIFIED.,
 .F.,.F.,(4,4),(0.,65.9999997726459),.UNSPECIFIED.);
#66=B_SPLINE_CURVE_WITH_KNOTS('',3,(#343,#344,#345,#346),.UNSPECIFIED.,
 .F.,.F.,(4,4),(0.,49.6000017726458),.UNSPECIFIED.);
#67=B_SPLINE_CURVE_WITH_KNOTS('',3,(#348,#349,#350,#351),.UNSPECIFIED.,
 .F.,.F.,(4,4),(0.,65.999999772646),.UNSPECIFIED.);
#68=B_SPLINE_CURVE_WITH_KNOTS('',3,(#354,#355,#356,#357),.UNSPECIFIED.,
 .F.,.F.,(4,4),(0.,49.6000017726459),.UNSPECIFIED.);
#69=B_SPLINE_CURVE_WITH_KNOTS('',3,(#360,#361,#362,#363),.UNSPECIFIED.,
 .F.,.F.,(4,4),(0.,65.999999772646),.UNSPECIFIED.);
#70=B_SPLINE_CURVE_WITH_KNOTS('',3,(#365,#366,#367,#368),.UNSPECIFIED.,
 .F.,.F.,(4,4),(0.,49.6000017726458),.UNSPECIFIED.);
#71=B_SPLINE_CURVE_WITH_KNOTS('',3,(#370,#371,#372,#373),.UNSPECIFIED.,
 .F.,.F.,(4,4),(0.,65.9999997726459),.UNSPECIFIED.);
#72=B_SPLINE_CURVE_WITH_KNOTS('',3,(#376,#377,#378,#379,#380,#381,#382,
#383,#384,#385,#386,#387,#388,#389,#390,#391,#392,#393,#394,#395,#396,#397,
#398,#399,#400,#401,#402,#403,#404,#405,#406,#407,#408,#409,#410,#411,#412,
#413,#414,#415,#416,#417,#418,#419,#420,#421,#422,#423,#424,#425,#426,#427,
#428,#429,#430,#431,#432,#433,#434,#435,#436,#437,#438,#439,#440,#441,#442,
#443,#444,#445,#446,#447,#448,#449,#450,#451,#452,#453,#454,#455,#456,#457,
#458,#459,#460,#461,#462,#463,#464,#465,#466,#467,#468,#469,#470,#471,#472,
#473,#474,#475,#476,#477,#478,#479,#480,#481,#482,#483,#484,#485,#486,#487,
#488,#489,#490,#491,#492,#493,#494,#495,#496,#497,#498,#499,#500,#501,#502,
#503,#504,#505,#506,#507,#508,#509,#510,#511,#512,#513,#514,#515,#516,#517,
#518,#519,#520,#521,#522,#523,#524,#525,#526,#527,#528,#529,#530,#531,#532,
#533,#534,#535,#536,#537,#538,#539,#540,#541,#542,#543,#544,#545,#546,#547,
#548,#549,#550,#551,#552,#553,#554,#555,#556,#557,#558,#559,#560,#561,#562,
#563,#564,#565,#566,#567,#568,#569,#570,#571,#572,#573,#574,#575,#576,#577,
#578,#579,#580,#581,#582,#583,#584,#585,#586,#587,#588,#589,#590,#591,#592,
#593,#594,#595,#596,#597,#598,#599,#600,#601,#602,#603,#604,#605,#606,#607,
#608,#609,#610,#611,#612,#613,#614,#615,#616,#617,#618,#619,#620,#621,#622,
#623,#624,#625,#626,#627,#628,#629,#630,#631,#632,#633,#634,#635,#636,#637,
#638,#639,#640,#641,#642,#643,#644,#645,#646,#647,#648,#649,#650,#651,#652,
#653,#654,#655,#656,#657,#658,#659,#660,#661,#662,#663,#664,#665,#666,#667,
#668,#669,#670,#671,#672,#673,#674,#675,#676,#677,#678,#679,#680,#681,#682,
#683,#684,#685,#686,#687,#688,#689,#690,#691,#692,#693,#694,#695,#696,#697,
#698,#699,#700,#701,#702,#703,#704,#705,#706,#707,#708,#709,#710,#711,#712,
#713,#714,#715,#716,#717,#718,#719,#720,#721,#722,#723,#724,#725,#726,#727,
#728,#729,#730,#731,#732,#733,#734,#735,#736,#737,#738,#739,#740,#741,#742,
#743,#744,#745,#746,#747,#748,#749,#750,#751,#752,#753,#754,#755,#756,#757,
#758,#759,#760,#761,#762,#763,#764,#765,#766,#767,#768,#769,#770,#771,#772,
#773,#774,#775,#776,#777,#778,#779,#780,#781,#782,#783,#784,#785,#786,#787,
#788,#789,#790,#791,#792,#793,#794,#795,#796,#797,#798,#799,#800,#801,#802,
#803,#804,#805,#806,#807,#808,#809,#810,#811,#812,#813,#814,#815,#816,#817,
#818,#819,#820,#821,#822,#823,#824,#825,#826,#827,#828,#829,#830,#831,#832,
#833,#834,#835,#836,#837,#838,#839,#840,#841,#842,#843,#844,#845,#846,#847,
#848,#849,#850,#851,#852,#853,#854,#855,#856,#857,#858,#859,#860,#861,#862,
#863,#864,#865,#866,#867,#868,#869,#870,#871,#872,#873,#874,#875,#876,#877,
#878,#879,#880,#881,#882,#883,#884,#885,#886,#887,#888,#889,#890,#891,#892,
#893,#894,#895,#896,#897,#898,#899,#900,#901,#902,#903,#904,#905,#906,#907,
#908,#909,#910,#911,#912,#913,#914,#915,#916,#917,#918,#919,#920,#921,#922,
#923,#924,#925,#926,#927,#928,#929,#930,#931,#932,#933,#934,#935,#936,#937,
#938,#939,#940,#941,#942,#943,#944,#945,#946,#947,#948,#949,#950,#951,#952,
#953,#954,#955,#956,#957,#958,#959,#960,#961,#962,#963,#964,#965,#966,#967,
#968,#969,#970,#971,#972,#973,#974,#975,#976,#977,#978,#979,#980,#981,#982,
#983,#984,#985,#986,#987,#988,#989,#990,#991,#992,#993,#994,#995,#996,#997,
#998,#999,#1000,#1001,#1002,#1003,#1004,#1005,#1006,#1007,#1008,#1009,#1010,
#1011,#1012,#1013,#1014,#1015,#1016,#1017,#1018,#1019,#1020,#1021,#1022,
#1023,#1024,#1025,#1026,#1027,#1028,#1029,#1030,#1031,#1032,#1033,#1034,
#1035,#1036,#1037,#1038,#1039,#1040,#1041,#1042,#1043,#1044,#1045,#1046,
#1047,#1048,#1049,#1050,#1051,#1052,#1053,#1054,#1055,#1056,#1057,#1058,
#1059,#1060,#1061,#1062,#1063,#1064,#1065,#1066,#1067,#1068,#1069,#1070,
#1071,#1072,#1073,#1074,#1075,#1076,#1077,#1078,#1079,#1080,#1081,#1082,
#1083,#1084,#1085,#1086,#1087,#1088,#1089,#1090,#1091,#1092,#1093,#1094,
#1095,#1096,#1097,#1098,#1099,#1100,#1101,#1102,#1103,#1104,#1105,#1106,
#1107,#1108,#1109,#1110,#1111,#1112,#1113,#1114,#1115,#1116,#1117,#1118,
#1119,#1120,#1121,#1122,#1123,#1124,#1125,#1126,#1127,#1128,#1129,#1130,
#1131,#1132,#1133,#1134,#1135,#1136,#1137,#1138,#1139,#1140,#1141,#1142,
#1143,#1144,#1145,#1146,#1147,#1148,#1149,#1150,#1151,#1152,#1153,#1154,
#1155,#1156,#1157,#1158,#1159,#1160,#1161,#1162,#1163,#1164,#1165,#1166,
#1167,#1168,#1169,#1170,#1171,#1172,#1173,#1174,#1175,#1176,#1177,#1178,
#1179,#1180,#1181,#1182,#1183,#1184,#1185,#1186,#1187,#1188,#1189,#1190,
#1191,#1192,#1193,#1194,#1195,#1196,#1197,#1198,#1199,#1200,#1201,#1202,
#1203,#1204,#1205,#1206,#1207,#1208,#1209,#1210,#1211,#1212,#1213,#1214,
#1215,#1216,#1217,#1218,#1219,#1220,#1221,#1222,#1223,#1224,#1225,#1226,
#1227,#1228,#1229,#1230,#1231,#1232,#1233,#1234,#1235,#1236,#1237,#1238,
#1239,#1240,#1241,#1242,#1243,#1244,#1245,#1246,#1247,#1248,#1249,#1250,
#1251,#1252,#1253,#1254,#1255,#1256,#1257,#1258,#1259,#1260,#1261,#1262,
#1263,#1264,#1265,#1266,#1267,#1268,#1269,#1270,#1271,#1272,#1273,#1274,
#1275,#1276,#1277,#1278,#1279,#1280,#1281,#1282,#1283,#1284,#1285,#1286,
#1287,#1288,#1289,#1290,#1291,#1292,#1293,#1294,#1295,#1296,#1297,#1298,
#1299,#1300,#1301,#1302,#1303,#1304,#1305,#1306,#1307,#1308,#1309,#1310,
#1311,#1312,#1313,#1314,#1315,#1316,#1317,#1318,#1319,#1320),
 .UNSPECIFIED.,.T.,.F.,(4,1,1,1,1,1,1,1,1,1,1,1,1,1,1,1,1,1,1,1,1,1,1,1,
1,1,1,1,1,1,1,1,1,1,1,1,1,1,1,1,1,1,1,1,1,1,1,1,1,1,1,1,1,1,1,1,1,1,1,1,
1,1,1,1,1,1,1,1,1,1,1,1,1,1,1,1,1,1,1,1,1,1,1,1,1,1,1,1,1,1,1,1,1,1,1,1,
1,1,1,1,1,1,1,1,1,1,1,1,1,1,1,1,1,1,1,1,1,1,1,1,1,1,1,1,1,1,1,1,1,1,1,1,
1,1,1,1,1,1,1,1,1,1,1,1,1,1,1,1,1,1,1,1,1,1,1,1,1,1,1,1,1,1,1,1,1,1,1,1,
1,1,1,1,1,1,1,1,1,1,1,1,1,1,1,1,1,1,1,1,1,1,1,1,1,1,1,1,1,1,1,1,1,1,1,1,
1,1,1,1,1,1,1,1,1,1,1,1,1,1,1,1,1,1,1,1,1,1,1,1,1,1,1,1,1,1,1,1,1,1,1,1,
1,1,1,1,1,1,1,1,1,1,1,1,1,1,1,1,1,1,1,1,1,1,1,1,1,1,1,1,1,1,1,1,1,1,1,1,
1,1,1,1,1,1,1,1,1,1,1,1,1,1,1,1,1,1,1,1,1,1,1,1,1,1,1,1,1,1,1,1,1,1,1,1,
1,1,1,1,1,1,1,1,1,1,1,1,1,1,1,1,1,1,1,1,1,1,1,1,1,1,1,1,1,1,1,1,1,1,1,1,
1,1,1,1,1,1,1,1,1,1,1,1,1,1,1,1,1,1,1,1,1,1,1,1,1,1,1,1,1,1,1,1,1,1,1,1,
1,1,1,1,1,1,1,1,1,1,1,1,1,1,1,1,1,1,1,1,1,1,1,1,1,1,1,1,1,1,1,1,1,1,1,1,
1,1,1,1,1,1,1,1,1,1,1,1,1,1,1,1,1,1,1,1,1,1,1,1,1,1,1,1,1,1,1,1,1,1,1,1,
1,1,1,1,1,1,1,1,1,1,1,1,1,1,1,1,1,1,1,1,1,1,1,1,1,1,1,1,1,1,1,1,1,1,1,1,
1,1,1,1,1,1,1,1,1,1,1,1,1,1,1,1,1,1,1,1,1,1,1,1,1,1,1,1,1,1,1,1,1,1,1,1,
1,1,1,1,1,1,1,1,1,1,1,1,1,1,1,1,1,1,1,1,1,1,1,1,1,1,1,1,1,1,1,1,1,1,1,1,
1,1,1,1,1,1,1,1,1,1,1,1,1,1,1,1,1,1,1,1,1,1,1,1,1,1,1,1,1,1,1,1,1,1,1,1,
1,1,1,1,1,1,1,1,1,1,1,1,1,1,1,1,1,1,1,1,1,1,1,1,1,1,1,1,1,1,1,1,1,1,1,1,
1,1,1,1,1,1,1,1,1,1,1,1,1,1,1,1,1,1,1,1,1,1,1,1,1,1,1,1,1,1,1,1,1,1,1,1,
1,1,1,1,1,1,1,1,1,1,1,1,1,1,1,1,1,1,1,1,1,1,1,1,1,1,1,1,1,1,1,1,1,1,1,1,
1,1,1,1,1,1,1,1,1,1,1,1,1,1,1,1,1,1,1,1,1,1,1,1,1,1,1,1,1,1,1,1,1,1,1,1,
1,1,1,1,1,1,1,1,1,1,1,1,1,1,1,1,1,1,1,1,1,1,1,1,1,1,1,1,1,1,1,1,1,1,1,1,
1,1,1,1,1,1,1,1,1,1,1,1,1,1,1,1,1,1,1,1,1,1,1,1,1,1,1,1,1,1,1,1,1,1,1,1,
1,1,1,1,1,1,1,1,1,1,1,1,1,1,1,1,1,1,1,1,1,1,1,1,1,1,1,1,1,1,1,1,1,1,1,1,
1,1,1,1,1,1,1,1,1,1,1,1,1,1,1,1,1,1,1,1,1,1,1,1,1,1,1,1,1,1,1,1,1,1,1,1,
1,1,1,1,1,1,1,1,1,1,1,1,1,1,1,1,1,1,1,1,1,1,1,1,1,1,1,1,1,1,1,1,1,1,1,1,
1,1,1,1,1,1,1,1,1,1,1,1,1,1,1,1,1,1,4),(0.,0.00048828125,0.0009765625,0.00146484375,
0.001953125,0.00244140625,0.0029296875,0.00341796875,0.00390625,0.0048828125,
0.005859375,0.0068359375,0.0078125,0.009765625,0.01171875,0.013671875,0.015625,
0.017578125,0.01953125,0.021484375,0.0234375,0.0244140625,0.025390625,0.0263671875,
0.02734375,0.0283203125,0.02880859375,0.029296875,0.02978515625,0.0302734375,
0.03076171875,0.03125,0.03173828125,0.0322265625,0.03271484375,0.033203125,
0.03369140625,0.0341796875,0.03515625,0.0361328125,0.037109375,0.0380859375,
0.0390625,0.041015625,0.04296875,0.044921875,0.046875,0.048828125,0.05078125,
0.052734375,0.0546875,0.0556640625,0.056640625,0.0576171875,0.05859375,
0.05908203125,0.0595703125,0.06005859375,0.060546875,0.06103515625,0.0615234375,
0.06201171875,0.0625,0.06298828125,0.0634765625,0.06396484375,0.064453125,
0.06494140625,0.0654296875,0.06640625,0.0673828125,0.068359375,0.0693359375,
0.0703125,0.072265625,0.07421875,0.076171875,0.078125,0.080078125,0.08203125,
0.083984375,0.0859375,0.0869140625,0.087890625,0.0888671875,0.08984375,
0.0908203125,0.09130859375,0.091796875,0.09228515625,0.0927734375,0.09326171875,
0.09375,0.09423828125,0.0947265625,0.09521484375,0.095703125,0.09619140625,
0.0966796875,0.09716796875,0.09765625,0.0986328125,0.099609375,0.1005859375,
0.1015625,0.103515625,0.10546875,0.107421875,0.109375,0.111328125,0.11328125,
0.115234375,0.1171875,0.119140625,0.1201171875,0.12109375,0.1220703125,
0.12255859375,0.123046875,0.12353515625,0.1240234375,0.12451171875,0.125,
0.12548828125,0.1259765625,0.12646484375,0.126953125,0.12744140625,0.1279296875,
0.12890625,0.1298828125,0.130859375,0.1318359375,0.1328125,0.134765625,
0.13671875,0.138671875,0.140625,0.142578125,0.14453125,0.146484375,0.1484375,
0.150390625,0.1513671875,0.15234375,0.15283203125,0.1533203125,0.15380859375,
0.154296875,0.15478515625,0.1552734375,0.15576171875,0.15625,0.15673828125,
0.1572265625,0.15771484375,0.158203125,0.15869140625,0.1591796875,0.16015625,
0.1611328125,0.162109375,0.1630859375,0.1640625,0.166015625,0.16796875,
0.169921875,0.171875,0.173828125,0.17578125,0.177734375,0.1796875,0.1806640625,
0.181640625,0.1826171875,0.18310546875,0.18359375,0.18408203125,0.1845703125,
0.18505859375,0.185546875,0.18603515625,0.1865234375,0.18701171875,0.1875,
0.1884765625,0.189453125,0.1904296875,0.19140625,0.1923828125,0.193359375,
0.1943359375,0.1953125,0.197265625,0.19921875,0.201171875,0.203125,0.205078125,
0.20703125,0.208984375,0.2109375,0.2119140625,0.212890625,0.2138671875,
0.21435546875,0.21484375,0.21533203125,0.2158203125,0.21630859375,0.216796875,
0.21728515625,0.2177734375,0.21826171875,0.21875,0.21923828125,0.2197265625,
0.22021484375,0.220703125,0.2216796875,0.22265625,0.2236328125,0.224609375,
0.2255859375,0.2265625,0.228515625,0.23046875,0.232421875,0.234375,0.236328125,
0.23828125,0.240234375,0.2421875,0.2431640625,0.244140625,0.2451171875,
0.24609375,0.24658203125,0.2470703125,0.24755859375,0.248046875,0.24853515625,
0.2490234375,0.24951171875,0.25,0.25048828125,0.2509765625,0.25146484375,
0.251953125,0.25244140625,0.2529296875,0.25390625,0.2548828125,0.255859375,
0.2578125,0.259765625,0.26171875,0.263671875,0.265625,0.267578125,0.26953125,
0.271484375,0.2734375,0.2744140625,0.275390625,0.2763671875,0.27734375,
0.27783203125,0.2783203125,0.27880859375,0.279296875,0.27978515625,0.2802734375,
0.28076171875,0.28125,0.28173828125,0.2822265625,0.28271484375,0.283203125,
0.28369140625,0.2841796875,0.28515625,0.2861328125,0.287109375,0.2890625,
0.291015625,0.29296875,0.294921875,0.296875,0.298828125,0.30078125,0.302734375,
0.3046875,0.3056640625,0.306640625,0.3076171875,0.30859375,0.30908203125,
0.3095703125,0.31005859375,0.310546875,0.31103515625,0.3115234375,0.31201171875,
0.3125,0.31298828125,0.3134765625,0.31396484375,0.314453125,0.3154296875,
0.31640625,0.3173828125,0.318359375,0.3203125,0.322265625,0.32421875,0.326171875,
0.328125,0.33203125,0.333984375,0.3359375,0.3369140625,0.337890625,0.3388671875,
0.33984375,0.34033203125,0.3408203125,0.34130859375,0.341796875,0.34228515625,
0.3427734375,0.34326171875,0.34375,0.3447265625,0.345703125,0.3466796875,
0.34765625,0.3486328125,0.349609375,0.3515625,0.353515625,0.35546875,0.357421875,
0.359375,0.36328125,0.365234375,0.3671875,0.369140625,0.3701171875,0.37109375,
0.37158203125,0.3720703125,0.37255859375,0.373046875,0.37353515625,0.3740234375,
0.37451171875,0.375,0.37548828125,0.3759765625,0.37646484375,0.376953125,
0.3779296875,0.37890625,0.3798828125,0.380859375,0.3818359375,0.3828125,
0.384765625,0.38671875,0.388671875,0.390625,0.392578125,0.39453125,0.396484375,
0.3984375,0.400390625,0.4013671875,0.40234375,0.4033203125,0.404296875,
0.40478515625,0.4052734375,0.40576171875,0.40625,0.40673828125,0.4072265625,
0.40771484375,0.408203125,0.40869140625,0.4091796875,0.41015625,0.4111328125,
0.412109375,0.4130859375,0.4140625,0.416015625,0.41796875,0.419921875,0.421875,
0.423828125,0.42578125,0.427734375,0.4296875,0.431640625,0.4326171875,0.43359375,
0.4345703125,0.435546875,0.43603515625,0.4365234375,0.43701171875,0.4375,
0.43798828125,0.4384765625,0.43896484375,0.439453125,0.43994140625,0.4404296875,
0.44140625,0.4423828125,0.443359375,0.4443359375,0.4453125,0.447265625,
0.44921875,0.451171875,0.453125,0.455078125,0.45703125,0.458984375,0.4609375,
0.4619140625,0.462890625,0.4638671875,0.46484375,0.4658203125,0.46630859375,
0.466796875,0.46728515625,0.4677734375,0.46826171875,0.46875,0.46923828125,
0.4697265625,0.47021484375,0.470703125,0.47119140625,0.4716796875,0.47265625,
0.4736328125,0.474609375,0.4755859375,0.4765625,0.478515625,0.48046875,
0.482421875,0.484375,0.486328125,0.48828125,0.490234375,0.4921875,0.4931640625,
0.494140625,0.4951171875,0.49609375,0.4970703125,0.49755859375,0.498046875,
0.49853515625,0.4990234375,0.49951171875,0.5,0.50048828125,0.5009765625,
0.50146484375,0.501953125,0.50244140625,0.5029296875,0.50390625,0.5048828125,
0.505859375,0.5068359375,0.5078125,0.509765625,0.51171875,0.513671875,0.515625,
0.517578125,0.51953125,0.521484375,0.5234375,0.5244140625,0.525390625,0.5263671875,
0.52734375,0.5283203125,0.52880859375,0.529296875,0.52978515625,0.5302734375,
0.53076171875,0.53125,0.53173828125,0.5322265625,0.53271484375,0.533203125,
0.53369140625,0.5341796875,0.53515625,0.5361328125,0.537109375,0.5380859375,
0.5390625,0.541015625,0.54296875,0.544921875,0.546875,0.548828125,0.55078125,
0.552734375,0.5546875,0.5556640625,0.556640625,0.5576171875,0.55859375,
0.55908203125,0.5595703125,0.56005859375,0.560546875,0.56103515625,0.5615234375,
0.56201171875,0.5625,0.56298828125,0.5634765625,0.56396484375,0.564453125,
0.56494140625,0.5654296875,0.56640625,0.5673828125,0.568359375,0.5693359375,
0.5703125,0.572265625,0.57421875,0.576171875,0.578125,0.580078125,0.58203125,
0.583984375,0.5859375,0.5869140625,0.587890625,0.5888671875,0.58984375,
0.5908203125,0.59130859375,0.591796875,0.59228515625,0.5927734375,0.59326171875,
0.59375,0.59423828125,0.5947265625,0.59521484375,0.595703125,0.59619140625,
0.5966796875,0.59716796875,0.59765625,0.5986328125,0.599609375,0.6005859375,
0.6015625,0.603515625,0.60546875,0.607421875,0.609375,0.611328125,0.61328125,
0.615234375,0.6171875,0.619140625,0.6201171875,0.62109375,0.6220703125,
0.62255859375,0.623046875,0.62353515625,0.6240234375,0.62451171875,0.625,
0.62548828125,0.6259765625,0.62646484375,0.626953125,0.62744140625,0.6279296875,
0.62890625,0.6298828125,0.630859375,0.6318359375,0.6328125,0.634765625,
0.63671875,0.638671875,0.640625,0.64453125,0.646484375,0.6484375,0.6494140625,
0.650390625,0.6513671875,0.65234375,0.65283203125,0.6533203125,0.65380859375,
0.654296875,0.65478515625,0.6552734375,0.65576171875,0.65625,0.65673828125,
0.6572265625,0.65771484375,0.658203125,0.65869140625,0.6591796875,0.66015625,
0.6611328125,0.662109375,0.6630859375,0.6640625,0.666015625,0.66796875,
0.669921875,0.671875,0.673828125,0.67578125,0.677734375,0.6796875,0.6806640625,
0.681640625,0.6826171875,0.68310546875,0.68359375,0.68408203125,0.6845703125,
0.68505859375,0.685546875,0.68603515625,0.6865234375,0.68701171875,0.6875,
0.68798828125,0.6884765625,0.68896484375,0.689453125,0.6904296875,0.69140625,
0.6923828125,0.693359375,0.6943359375,0.6953125,0.697265625,0.69921875,
0.701171875,0.703125,0.705078125,0.70703125,0.708984375,0.7099609375,0.7109375,
0.7119140625,0.712890625,0.7138671875,0.71484375,0.71533203125,0.7158203125,
0.71630859375,0.716796875,0.71728515625,0.7177734375,0.71826171875,0.71875,
0.71923828125,0.7197265625,0.72021484375,0.720703125,0.72119140625,0.7216796875,
0.72265625,0.7236328125,0.724609375,0.7265625,0.728515625,0.73046875,0.732421875,
0.734375,0.736328125,0.73828125,0.740234375,0.7412109375,0.7421875,0.7431640625,
0.744140625,0.7451171875,0.74609375,0.7470703125,0.748046875,0.74853515625,
0.7490234375,0.74951171875,0.75,0.75048828125,0.7509765625,0.75146484375,
0.751953125,0.7529296875,0.75390625,0.7548828125,0.755859375,0.7578125,
0.759765625,0.76171875,0.763671875,0.765625,0.767578125,0.76953125,0.771484375,
0.7724609375,0.7734375,0.7744140625,0.775390625,0.7763671875,0.77734375,
0.7783203125,0.779296875,0.77978515625,0.7802734375,0.78076171875,0.78125,
0.78173828125,0.7822265625,0.78271484375,0.783203125,0.7841796875,0.78515625,
0.7861328125,0.787109375,0.7890625,0.791015625,0.79296875,0.794921875,0.796875,
0.798828125,0.80078125,0.802734375,0.8046875,0.8056640625,0.806640625,0.8076171875,
0.80859375,0.80908203125,0.8095703125,0.81005859375,0.810546875,0.81103515625,
0.8115234375,0.81201171875,0.8125,0.81298828125,0.8134765625,0.81396484375,
0.814453125,0.8154296875,0.81640625,0.8173828125,0.818359375,0.8203125,
0.822265625,0.82421875,0.826171875,0.828125,0.830078125,0.83203125,0.833984375,
0.8359375,0.8369140625,0.837890625,0.8388671875,0.83984375,0.84033203125,
0.8408203125,0.84130859375,0.841796875,0.84228515625,0.8427734375,0.84326171875,
0.84375,0.84423828125,0.8447265625,0.84521484375,0.845703125,0.8466796875,
0.84765625,0.8486328125,0.849609375,0.8515625,0.853515625,0.85546875,0.857421875,
0.859375,0.86328125,0.865234375,0.8671875,0.8681640625,0.869140625,0.8701171875,
0.87109375,0.87158203125,0.8720703125,0.87255859375,0.873046875,0.87353515625,
0.8740234375,0.87451171875,0.875,0.8759765625,0.876953125,0.8779296875,
0.87890625,0.8798828125,0.880859375,0.8828125,0.884765625,0.88671875,0.888671875,
0.890625,0.89453125,0.896484375,0.8984375,0.900390625,0.9013671875,0.90234375,
0.90283203125,0.9033203125,0.90380859375,0.904296875,0.90478515625,0.9052734375,
0.90576171875,0.90625,0.90673828125,0.9072265625,0.90771484375,0.908203125,
0.9091796875,0.91015625,0.9111328125,0.912109375,0.9130859375,0.9140625,
0.916015625,0.91796875,0.919921875,0.921875,0.923828125,0.92578125,0.927734375,
0.9296875,0.931640625,0.9326171875,0.93359375,0.9345703125,0.93505859375,
0.935546875,0.93603515625,0.9365234375,0.93701171875,0.9375,0.93798828125,
0.9384765625,0.93896484375,0.939453125,0.93994140625,0.9404296875,0.94140625,
0.9423828125,0.943359375,0.9443359375,0.9453125,0.947265625,0.94921875,
0.951171875,0.953125,0.955078125,0.95703125,0.958984375,0.9609375,0.9619140625,
0.962890625,0.9638671875,0.96484375,0.9658203125,0.966796875,0.96728515625,
0.9677734375,0.96826171875,0.96875,0.96923828125,0.9697265625,0.97021484375,
0.970703125,0.97119140625,0.9716796875,0.97265625,0.9736328125,0.974609375,
0.9755859375,0.9765625,0.978515625,0.98046875,0.982421875,0.984375,0.986328125,
0.98828125,0.990234375,0.9912109375,0.9921875,0.9931640625,0.994140625,
0.9951171875,0.99609375,0.99658203125,0.9970703125,0.99755859375,0.998046875,
0.99853515625,0.9990234375,0.99951171875,1.),.UNSPECIFIED.);
#73=B_SPLINE_CURVE_WITH_KNOTS('',3,(#1323,#1324,#1325,#1326),
 .UNSPECIFIED.,.F.,.F.,(4,4),(0.,56.875603),.UNSPECIFIED.);
#74=B_SPLINE_CURVE_WITH_KNOTS('',3,(#1329,#1330,#1331,#1332),
 .UNSPECIFIED.,.F.,.F.,(4,4),(0.,47.386808),.UNSPECIFIED.);
#75=B_SPLINE_CURVE_WITH_KNOTS('',3,(#1334,#1335,#1336,#1337,#1338,#1339,
#1340,#1341,#1342,#1343,#1344,#1345,#1346,#1347,#1348,#1349,#1350,#1351,
#1352,#1353,#1354,#1355,#1356,#1357,#1358,#1359,#1360,#1361,#1362,#1363,
#1364,#1365,#1366,#1367,#1368,#1369,#1370,#1371,#1372,#1373,#1374,#1375,
#1376,#1377,#1378,#1379,#1380,#1381,#1382,#1383,#1384,#1385,#1386,#1387,
#1388,#1389,#1390,#1391,#1392,#1393,#1394,#1395,#1396,#1397,#1398,#1399,
#1400,#1401,#1402,#1403,#1404,#1405,#1406,#1407,#1408,#1409,#1410,#1411,
#1412,#1413,#1414,#1415,#1416,#1417,#1418,#1419,#1420,#1421,#1422,#1423,
#1424,#1425,#1426,#1427,#1428,#1429,#1430,#1431,#1432,#1433,#1434,#1435,
#1436,#1437,#1438,#1439,#1440,#1441,#1442,#1443,#1444,#1445,#1446,#1447,
#1448,#1449,#1450,#1451,#1452,#1453,#1454,#1455,#1456,#1457,#1458,#1459,
#1460,#1461,#1462,#1463,#1464,#1465,#1466,#1467,#1468,#1469,#1470,#1471,
#1472,#1473,#1474,#1475,#1476,#1477,#1478,#1479,#1480,#1481,#1482,#1483,
#1484,#1485,#1486,#1487,#1488,#1489,#1490,#1491,#1492,#1493,#1494,#1495,
#1496,#1497,#1498,#1499,#1500,#1501,#1502,#1503,#1504,#1505,#1506,#1507,
#1508,#1509,#1510,#1511,#1512,#1513,#1514,#1515,#1516,#1517,#1518,#1519,
#1520,#1521,#1522,#1523,#1524,#1525,#1526,#1527,#1528,#1529,#1530,#1531,
#1532,#1533,#1534,#1535,#1536,#1537,#1538,#1539,#1540,#1541,#1542,#1543,
#1544,#1545,#1546,#1547,#1548,#1549,#1550,#1551,#1552,#1553,#1554,#1555,
#1556,#1557,#1558,#1559,#1560,#1561,#1562,#1563,#1564,#1565,#1566,#1567,
#1568,#1569,#1570,#1571,#1572,#1573,#1574,#1575,#1576,#1577,#1578,#1579,
#1580,#1581,#1582,#1583,#1584,#1585,#1586,#1587,#1588,#1589,#1590,#1591,
#1592,#1593,#1594,#1595,#1596,#1597,#1598,#1599,#1600,#1601,#1602,#1603,
#1604,#1605,#1606,#1607,#1608,#1609,#1610,#1611,#1612,#1613,#1614,#1615,
#1616,#1617,#1618,#1619,#1620,#1621,#1622,#1623,#1624,#1625,#1626,#1627,
#1628,#1629,#1630,#1631,#1632,#1633,#1634,#1635,#1636,#1637,#1638,#1639,
#1640,#1641,#1642,#1643,#1644,#1645,#1646,#1647,#1648,#1649,#1650,#1651,
#1652,#1653,#1654,#1655,#1656,#1657,#1658,#1659,#1660,#1661,#1662,#1663,
#1664,#1665,#1666,#1667,#1668,#1669,#1670,#1671,#1672,#1673,#1674,#1675,
#1676,#1677,#1678,#1679,#1680,#1681,#1682,#1683,#1684,#1685,#1686,#1687,
#1688,#1689,#1690,#1691,#1692,#1693,#1694,#1695,#1696,#1697,#1698,#1699,
#1700,#1701,#1702,#1703,#1704,#1705,#1706,#1707,#1708,#1709,#1710,#1711,
#1712,#1713,#1714,#1715,#1716,#1717,#1718,#1719,#1720,#1721,#1722,#1723,
#1724,#1725,#1726,#1727,#1728,#1729,#1730,#1731,#1732,#1733,#1734,#1735,
#1736,#1737,#1738,#1739,#1740,#1741,#1742,#1743,#1744,#1745,#1746,#1747,
#1748,#1749,#1750,#1751,#1752,#1753,#1754,#1755,#1756,#1757,#1758,#1759,
#1760,#1761,#1762,#1763,#1764,#1765,#1766,#1767,#1768,#1769,#1770,#1771,
#1772,#1773,#1774,#1775,#1776,#1777,#1778,#1779,#1780,#1781,#1782,#1783,
#1784,#1785,#1786,#1787,#1788,#1789,#1790,#1791,#1792,#1793,#1794,#1795,
#1796,#1797,#1798,#1799,#1800,#1801,#1802,#1803,#1804,#1805,#1806,#1807,
#1808,#1809,#1810,#1811,#1812,#1813,#1814,#1815,#1816,#1817,#1818,#1819,
#1820,#1821,#1822,#1823,#1824,#1825,#1826,#1827,#1828,#1829,#1830,#1831,
#1832,#1833,#1834,#1835,#1836,#1837,#1838,#1839,#1840,#1841,#1842,#1843,
#1844,#1845,#1846,#1847,#1848,#1849,#1850,#1851,#1852,#1853,#1854,#1855,
#1856,#1857,#1858,#1859,#1860,#1861,#1862,#1863,#1864,#1865,#1866,#1867,
#1868,#1869,#1870,#1871,#1872,#1873,#1874,#1875,#1876,#1877,#1878,#1879,
#1880,#1881,#1882,#1883,#1884,#1885,#1886,#1887,#1888,#1889,#1890,#1891,
#1892,#1893,#1894,#1895,#1896,#1897,#1898,#1899,#1900,#1901,#1902,#1903,
#1904,#1905,#1906,#1907,#1908,#1909,#1910,#1911,#1912,#1913,#1914,#1915,
#1916,#1917,#1918,#1919,#1920,#1921,#1922,#1923,#1924,#1925,#1926,#1927,
#1928,#1929,#1930,#1931,#1932,#1933,#1934,#1935,#1936,#1937,#1938,#1939,
#1940,#1941,#1942,#1943,#1944,#1945,#1946,#1947,#1948,#1949,#1950,#1951,
#1952,#1953,#1954,#1955,#1956,#1957,#1958,#1959,#1960,#1961,#1962,#1963,
#1964,#1965,#1966,#1967,#1968,#1969,#1970,#1971,#1972,#1973,#1974,#1975,
#1976,#1977,#1978,#1979,#1980,#1981,#1982,#1983,#1984,#1985,#1986,#1987,
#1988,#1989,#1990,#1991,#1992,#1993,#1994,#1995,#1996,#1997,#1998,#1999,
#2000,#2001,#2002,#2003,#2004,#2005,#2006,#2007),.UNSPECIFIED.,.F.,.F.,
(4,1,1,1,1,1,1,1,1,1,1,1,1,1,1,1,1,1,1,1,1,1,1,1,1,1,1,1,1,1,1,1,1,1,1,
1,1,1,1,1,1,1,1,1,1,1,1,1,1,1,1,1,1,1,1,1,1,1,1,1,1,1,1,1,1,1,1,1,1,1,1,
1,1,1,1,1,1,1,1,1,1,1,1,1,1,1,1,1,1,1,1,1,1,1,1,1,1,1,1,1,1,1,1,1,1,1,1,
1,1,1,1,1,1,1,1,1,1,1,1,1,1,1,1,1,1,1,1,1,1,1,1,1,1,1,1,1,1,1,1,1,1,1,1,
1,1,1,1,1,1,1,1,1,1,1,1,1,1,1,1,1,1,1,1,1,1,1,1,1,1,1,1,1,1,1,1,1,1,1,1,
1,1,1,1,1,1,1,1,1,1,1,1,1,1,1,1,1,1,1,1,1,1,1,1,1,1,1,1,1,1,1,1,1,1,1,1,
1,1,1,1,1,1,1,1,1,1,1,1,1,1,1,1,1,1,1,1,1,1,1,1,1,1,1,1,1,1,1,1,1,1,1,1,
1,1,1,1,1,1,1,1,1,1,1,1,1,1,1,1,1,1,1,1,1,1,1,1,1,1,1,1,1,1,1,1,1,1,1,1,
1,1,1,1,1,1,1,1,1,1,1,1,1,1,1,1,1,1,1,1,1,1,1,1,1,1,1,1,1,1,1,1,1,1,1,1,
1,1,1,1,1,1,1,1,1,1,1,1,1,1,1,1,1,1,1,1,1,1,1,1,1,1,1,1,1,1,1,1,1,1,1,1,
1,1,1,1,1,1,1,1,1,1,1,1,1,1,1,1,1,1,1,1,1,1,1,1,1,1,1,1,1,1,1,1,1,1,1,1,
1,1,1,1,1,1,1,1,1,1,1,1,1,1,1,1,1,1,1,1,1,1,1,1,1,1,1,1,1,1,1,1,1,1,1,1,
1,1,1,1,1,1,1,1,1,1,1,1,1,1,1,1,1,1,1,1,1,1,1,1,1,1,1,1,1,1,1,1,1,1,1,1,
1,1,1,1,1,1,1,1,1,1,1,1,1,1,1,1,1,1,1,1,1,1,1,1,1,1,1,1,1,1,1,1,1,1,1,1,
1,1,1,1,1,1,1,1,1,1,1,1,1,1,1,1,1,1,1,1,1,1,1,1,1,1,1,1,1,1,1,1,1,1,1,1,
1,1,1,1,1,1,1,1,1,1,1,1,1,1,1,1,1,1,1,1,1,1,1,1,1,1,1,1,1,1,1,1,1,1,1,1,
1,1,1,1,1,1,1,1,1,1,1,1,1,1,1,1,1,1,1,1,1,1,1,1,1,1,1,1,1,1,1,1,1,1,1,1,
1,1,1,1,1,1,1,1,1,1,1,1,1,1,1,1,1,1,1,1,1,1,1,1,1,1,1,1,1,1,1,1,1,1,1,1,
1,1,1,1,1,1,1,1,1,1,1,1,1,1,1,1,1,1,1,1,1,1,1,1,4),(0.,2.99994764135566,
5.99989528271132,8.99984292406698,11.9997905654226,13.4997643861005,14.9997382067783,
16.4997120274561,17.999685848134,19.4996596688118,20.9996334894896,22.4996073101674,
23.9995811308453,24.7495680411842,25.4995549515231,26.249541861862,26.9995287722009,
27.3745222273704,27.7495156825398,28.1245091377093,28.4995025928788,28.8744960480482,
29.061992775633,29.2494895032177,29.4369862308024,29.6244829583871,29.8119796859719,
29.9994764135566,30.093224777349,30.1869731411413,30.2807215049337,30.3744698687261,
30.4682182325184,30.5150924144146,30.5619665963108,30.608840778207,30.6557149601031,
30.7025891419993,30.7260262329474,30.7494633238955,30.7729004148436,30.7846189603176,
30.7963375057917,30.8080560512657,30.8197745967398,30.8256338694768,30.8314931422138,
30.8373524149508,30.8402820513194,30.8410144604115,30.8417468695036,30.8421130740497,
30.8424792785957,30.8432116876879,30.8446765058721,30.8461413240564,30.8490709604249,
30.8520005967934,30.8549302331619,30.8607895058989,30.866648778636,30.87836732411,
30.8900858695841,30.9018044150581,30.9135229605321,30.9369600514802,30.9603971424283,
30.9838342333764,31.0307084152726,31.0775825971688,31.124456779065,31.1713309609611,
31.2182051428573,31.3119535066497,31.3588276885459,31.4057018704421,31.4525760523382,
31.4994502342344,31.5463244161306,31.5931985980268,31.6166356889749,31.640072779923,
31.6635098708711,31.6869469618192,31.6986655072932,31.7045247800302,31.7103840527672,
31.7162433255043,31.7191729618728,31.7221025982413,31.7235674164255,31.7250322346098,
31.7264970527941,31.7272294618862,31.7279618709783,31.7283280755244,31.7285111777974,
31.7286942800704,31.7294266891626,31.7308915073468,31.7338211437153,31.7367507800838,
31.7396804164524,31.7455396891894,31.7513989619264,31.7572582346634,31.7689767801375,
31.7806953256115,31.7924138710856,31.8041324165596,31.8275695075077,31.8510065984558,
31.8744436894039,31.897880780352,31.9213178713001,31.9681920531962,32.0150662350924,
32.0619404169886,32.1088145988848,32.155688780781,32.2494371445733,32.2963113264695,
32.3431855083657,32.3900596902619,32.4369338721581,32.4838080540543,32.5072451450023,
32.5306822359504,32.5541193268985,32.5658378723726,32.5775564178466,32.5834156905836,
32.5892749633207,32.5951342360577,32.6009935087947,32.6039231451632,32.6068527815317,
32.6097824179002,32.6112472360845,32.6127120542687,32.6134444633609,32.614176872453,
32.6145430769991,32.6147261792721,32.6149092815451,32.6152754860912,32.6156416906373,
32.6171065088215,32.6185713270058,32.62003614519,32.6215009633743,32.6244305997428,
32.6302898724798,32.6361491452168,32.6478676906909,32.6595862361649,32.671304781639,
32.683023327113,32.6947418725871,32.7181789635352,32.7416160544832,32.7650531454313,
32.7884902363794,32.8119273273275,32.8588015092237,32.9056756911199,32.9525498730161,
32.9994240549123,33.0462982368084,33.0931724187046,33.1400466006008,33.186920782497,
33.2337949643932,33.2806691462893,33.3275433281855,33.3744175100817,33.3978546010298,
33.4212916919779,33.4330102374519,33.444728782926,33.4564473284,33.4681658738741,
33.4798844193481,33.4857436920851,33.4916029648222,33.4945326011907,33.4959974193749,
33.4974622375592,33.4989270557434,33.4996594648356,33.5003918739277,33.5007580784738,
33.5011242830198,33.5014904875659,33.501856692112,33.5025891012041,33.5033215102962,
33.5062511466647,33.5091807830332,33.5121104194017,33.5150400557703,33.5208993285073,
33.5267586012443,33.5326178739813,33.5384771467183,33.5501956921924,33.5619142376664,
33.5853513286145,33.6087884195626,33.6322255105107,33.6556626014588,33.6790996924069,
33.702536783355,33.7494109652512,33.7962851471474,33.8431593290435,33.9369076928359,
34.0306560566283,34.1244044204206,34.218152784213,34.2650269661092,34.3119011480054,
34.3353382389535,34.3587753299015,34.3704938753756,34.3822124208496,34.3880716935867,
34.3910013299552,34.3939309663237,34.4056495117977,34.4290866027458,34.4525236936939,
34.475960784642,34.4993978755901,34.5462720574863,34.5931462393824,34.6868946031748,
34.7806429669672,34.8743913307595,35.0618880583443,35.249384785929,35.4368815135137,
35.6243782410985,35.8118749686832,35.9993716962679,36.3743651514374,36.7493586066068,
37.1243520617763,37.4993455169457,37.6868422445305,37.8743389721152,38.0618356996999,
38.2493324272847,38.4368291548694,38.6243258824541,38.7180742462465,38.8118226100388,
38.9055709738312,38.9993193376236,39.0930677014159,39.1399418833121,39.1868160652083,
39.2336902471045,39.2805644290007,39.3040015199488,39.3274386108968,39.3508757018449,
39.374312792793,39.3977498837411,39.4094684292152,39.4211869746892,39.4270462474262,
39.4299758837948,39.4329055201633,39.4358351565318,39.437299974716,39.4387647929003,
39.4394972019924,39.4398634065385,39.4402296110845,39.4409620201767,39.4416944292688,
39.4431592474531,39.4446240656373,39.4504833383743,39.4563426111114,39.4622018838484,
39.4680611565854,39.4797797020594,39.4914982475335,39.5032167930075,39.5149353384816,
39.5383724294297,39.5618095203778,39.5852466113259,39.608683702274,39.6555578841701,
39.7024320660663,39.7493062479625,39.7961804298587,39.8430546117549,39.9368029755472,
40.0305513393396,40.124299703132,40.2180480669243,40.3117964307167,40.4992931583014,
40.6867898858861,40.8742866134709,41.2492800686403,41.6242735238098,41.9992669789792,
42.3742604341487,42.7492538893182,42.9367506169029,43.1242473444876,43.3117440720723,
43.4992407996571,43.5929891634494,43.6867375272418,43.7804858910342,43.8742342548265,
43.9679826186189,44.0617309824112,44.1554793462036,44.2023535280998,44.249227709996,
44.2961018918922,44.3195389828403,44.3429760737883,44.3664131647364,44.3898502556845,
44.4132873466326,44.4250058921067,44.4367244375807,44.4484429830548,44.4601615285288,
44.4718800740028,44.4777393467399,44.4806689831084,44.4835986194769,44.4865282558454,
44.4894578922139,44.4909227103982,44.4916551194903,44.4920213240364,44.4922044263094,
44.4923875285824,44.4931199376746,44.4938523467667,44.4953171649509,44.4967819831352,
44.4982468013195,44.501176437688,44.507035710425,44.512894983162,44.518754255899,
44.5304728013731,44.5421913468471,44.5539098923212,44.5773469832693,44.6242211651654,
44.6710953470616,44.7179695289578,44.764843710854,44.8117178927502,44.8585920746464,
44.9054662565425,44.9992146203349,45.0929629841273,45.1867113479196,45.3742080755044,
45.5617048030891,45.7492015306738,45.9366982582585,46.1241949858433,46.311691713428,
46.4991884410127,46.8741818961822,47.2491753513516,47.6241688065211,47.9991622616906,
48.1866589892753,48.37415571686,48.5616524444447,48.7491491720295,48.9366458996142,
49.0303942634066,49.1241426271989,49.2178909909913,49.3116393547837,49.3585135366798,
49.405387718576,49.4522619004722,49.4756989914203,49.4991360823684,49.5225731733165,
49.5342917187905,49.5401509915275,49.5460102642646,49.5518695370016,49.5577288097386,
49.5694473552127,49.5928844461607,49.6163215371088,49.6397586280569,49.6866328099531,
49.7803811737455,49.8741295375378,49.9678779013302,50.0147520832264,50.0616262651226,
50.1085004470187,50.1553746289149,50.2022488108111,50.2256859017592,50.2491229927073,
50.2725600836554,50.2959971746035,50.3077157200775,50.3194342655516,50.3311528110256,
50.3370120837626,50.3428713564997,50.3487306292367,50.3545899019737,50.3575195383422,
50.3604491747107,50.3633788110792,50.3648436292635,50.3663084474478,50.367773265632,
50.3685056747241,50.3688718792702,50.3692380838163,50.3694211860893,50.3696042883623,
50.3699704929084,50.3707029020005,50.3721677201848,50.373632538369,50.3750973565533,
50.3780269929218,50.3809566292903,50.3838862656588,50.3897455383958,50.4014640838699,
50.4131826293439,50.424901174818,50.436619720292,50.4600568112401,50.4834939021882,
50.5069309931363,50.5303680840844,50.5772422659806,50.6241164478767,50.6709906297729,
50.7178648116691,50.8116131754615,50.8584873573577,50.9053615392538,50.95223572115,
50.9991099030462,51.0225469939943,51.0459840849424,51.0694211758905,51.0928582668386,
51.1162953577867,51.1280139032607,51.1397324487347,51.1514509942088,51.1631695396828,
51.1690288124199,51.1748880851569,51.1807473578939,51.1836769942624,51.1866066306309,
51.1895362669994,51.1910010851837,51.192465903368,51.1931983124601,51.1939307215522,
51.1942969260983,51.1946631306443,51.1953955397365,51.1968603579207,51.198325176105,
51.2012548124735,51.204184448842,51.210043721579,51.2159029943161,51.2217622670531,
51.2334808125271,51.2451993580012,51.2569179034752,51.2803549944233,51.3037920853714,
51.3272291763195,51.3741033582157,51.4209775401118,51.467851722008,51.5147259039042,
51.5616000858004,51.6553484495928,51.7022226314889,51.7490968133851,51.7959709952813,
51.8428451771775,51.8897193590737,51.9365935409699,51.9483120864439,51.9600306319179,
51.971749177392,51.983467722866,51.9893269956031,51.9951862683401,52.0010455410771,
52.0069048138141,52.0098344501826,52.0127640865512,52.0142289047354,52.0156937229197,
52.0171585411039,52.017890950196,52.0186233592882,52.0189895638342,52.0193557683803,
52.0197219729264,52.0200881774724,52.0208205865646,52.0215529956567,52.0244826320252,
52.0274122683937,52.0303419047622,52.0362011774992,52.0420604502363,52.0479197229733,
52.0537789957103,52.0654975411843,52.0772160866584,52.0889346321324,52.1006531776065,
52.1240902685546,52.1475273595027,52.1709644504508,52.1944015413989,52.2178386323469,
52.2647128142431,52.3115869961393,52.3584611780355,52.4053353599317,52.499083723724,
52.5459579056202,52.5928320875164,52.6397062694126,52.6865804513088,52.7100175422568,
52.7334546332049,52.756891724153,52.7803288151011,52.8037659060492,52.8154844515233,
52.8213437242603,52.8272029969973,52.8330622697343,52.8359919061028,52.8389215424713,
52.8418511788399,52.8433159970241,52.8436822015702,52.8440484061162,52.8442315083893,
52.8444146106623,52.8447808152084,52.8455132243005,52.8462456333926,52.8477104515769,
52.8491752697611,52.8506400879454,52.8535697243139,52.8564993606824,52.8623586334194,
52.8682179061565,52.8740771788935,52.8857957243675,52.8975142698416,52.9092328153156,
52.9209513607897,52.9443884517378,52.9678255426859,52.9912626336339,53.014699724582,
53.0615739064782,53.1084480883744,53.1553222702706,53.2021964521668,53.2490706340629,
53.3428189978553,53.3896931797515,53.4365673616477,53.4834415435439,53.53031572544,
53.5537528163881,53.5771899073362,53.6006269982843,53.6123455437584,53.6240640892324,
53.6357826347065,53.6475011801805,53.6592197256545,53.6621493620231,53.6650789983916,
53.6665438165758,53.6680086347601,53.6687410438522,53.6691072483983,53.6694734529443,
53.6702058620365,53.6709382711286,53.6738679074971,53.6767975438656,53.6826568166026,
53.6885160893397,53.6943753620767,53.7060939075507,53.7178124530248,53.7295309984988,
53.7412495439729,53.7646866349209,53.788123725869,53.8115608168171,53.8584349987133,
53.9053091806095,53.9521833625057,53.9990575444019,54.0928059081942,54.1865542719866,
54.3740509995713,54.5615477271561,54.7490444547408,54.9365411823255,55.1240379099102,
55.311534637495,55.4990313650797,55.8740248202491,56.2490182754186,56.6240117305881,
56.9990051857575,57.373998640927,57.7489920960964,58.4989790064354,59.2489659167743,
59.9989528271132,60.7489397374521,61.498926647791,62.2489135581299,62.9989004684688,
64.4988742891467,65.9988481098245,67.4988219305023,68.9987957511802,70.498769571858,
71.9987433925358,73.4987172132137,74.9986910338915,77.9986386752472,80.9985863166028,
83.9985339579585,86.9984815993141,89.9984292406698,92.9983768820254,95.9983245233811),
 .UNSPECIFIED.);
#76=B_SPLINE_CURVE_WITH_KNOTS('',3,(#2009,#2010,#2011,#2012,#2013,#2014,
#2015,#2016,#2017,#2018,#2019,#2020,#2021,#2022,#2023,#2024,#2025,#2026,
#2027,#2028,#2029,#2030,#2031,#2032,#2033,#2034,#2035,#2036,#2037,#2038,
#2039,#2040,#2041,#2042,#2043,#2044,#2045,#2046,#2047,#2048,#2049,#2050,
#2051,#2052,#2053,#2054,#2055,#2056,#2057,#2058,#2059,#2060,#2061,#2062,
#2063,#2064,#2065,#2066,#2067,#2068,#2069,#2070,#2071,#2072,#2073,#2074,
#2075,#2076,#2077,#2078,#2079,#2080,#2081,#2082,#2083,#2084,#2085,#2086,
#2087,#2088,#2089,#2090,#2091,#2092,#2093,#2094,#2095,#2096,#2097,#2098,
#2099,#2100,#2101,#2102,#2103,#2104,#2105,#2106,#2107,#2108,#2109,#2110,
#2111,#2112,#2113,#2114,#2115,#2116,#2117,#2118,#2119,#2120,#2121,#2122,
#2123,#2124,#2125,#2126,#2127,#2128,#2129,#2130,#2131,#2132,#2133,#2134,
#2135,#2136,#2137,#2138,#2139,#2140,#2141,#2142,#2143,#2144,#2145,#2146,
#2147,#2148,#2149,#2150,#2151,#2152,#2153,#2154,#2155,#2156,#2157,#2158,
#2159,#2160,#2161,#2162,#2163,#2164,#2165,#2166,#2167,#2168,#2169,#2170,
#2171,#2172,#2173,#2174,#2175,#2176,#2177,#2178,#2179,#2180,#2181,#2182,
#2183,#2184,#2185,#2186,#2187,#2188,#2189,#2190,#2191,#2192,#2193,#2194,
#2195,#2196,#2197,#2198,#2199,#2200,#2201,#2202,#2203,#2204,#2205,#2206,
#2207,#2208,#2209,#2210,#2211,#2212,#2213,#2214,#2215,#2216,#2217,#2218,
#2219,#2220,#2221,#2222,#2223,#2224,#2225,#2226,#2227,#2228,#2229,#2230,
#2231,#2232,#2233,#2234,#2235,#2236,#2237,#2238,#2239,#2240,#2241,#2242,
#2243,#2244,#2245,#2246,#2247,#2248,#2249,#2250,#2251,#2252,#2253,#2254,
#2255,#2256,#2257,#2258,#2259,#2260,#2261,#2262,#2263,#2264,#2265,#2266,
#2267,#2268,#2269,#2270,#2271,#2272,#2273,#2274,#2275,#2276,#2277,#2278,
#2279,#2280,#2281,#2282,#2283,#2284,#2285,#2286,#2287,#2288,#2289,#2290,
#2291,#2292,#2293,#2294,#2295,#2296,#2297,#2298,#2299,#2300,#2301,#2302,
#2303,#2304,#2305,#2306,#2307,#2308,#2309,#2310,#2311,#2312,#2313,#2314,
#2315,#2316,#2317,#2318,#2319,#2320,#2321,#2322,#2323,#2324,#2325,#2326,
#2327,#2328,#2329,#2330,#2331,#2332,#2333,#2334,#2335,#2336,#2337,#2338,
#2339,#2340,#2341,#2342,#2343,#2344,#2345,#2346,#2347,#2348,#2349,#2350,
#2351,#2352,#2353,#2354,#2355,#2356,#2357,#2358,#2359,#2360,#2361,#2362,
#2363,#2364,#2365,#2366,#2367,#2368,#2369,#2370,#2371,#2372,#2373,#2374,
#2375,#2376,#2377,#2378,#2379,#2380,#2381,#2382,#2383,#2384,#2385,#2386,
#2387,#2388,#2389,#2390,#2391,#2392,#2393,#2394,#2395,#2396,#2397,#2398,
#2399,#2400,#2401,#2402,#2403,#2404,#2405,#2406,#2407,#2408,#2409,#2410,
#2411,#2412,#2413,#2414,#2415,#2416,#2417,#2418,#2419,#2420,#2421,#2422,
#2423,#2424,#2425,#2426,#2427,#2428,#2429,#2430,#2431,#2432,#2433,#2434,
#2435,#2436,#2437,#2438,#2439,#2440,#2441,#2442,#2443,#2444,#2445,#2446,
#2447,#2448,#2449,#2450,#2451,#2452,#2453,#2454,#2455,#2456,#2457,#2458,
#2459,#2460,#2461,#2462,#2463,#2464,#2465,#2466,#2467,#2468,#2469,#2470,
#2471,#2472,#2473,#2474,#2475,#2476,#2477,#2478,#2479,#2480,#2481,#2482,
#2483,#2484,#2485,#2486,#2487,#2488,#2489,#2490,#2491,#2492,#2493,#2494,
#2495,#2496,#2497,#2498,#2499,#2500,#2501,#2502,#2503,#2504,#2505,#2506,
#2507,#2508,#2509,#2510,#2511,#2512,#2513,#2514,#2515,#2516,#2517,#2518,
#2519,#2520,#2521,#2522,#2523,#2524,#2525,#2526,#2527,#2528,#2529,#2530,
#2531,#2532,#2533,#2534,#2535,#2536,#2537,#2538,#2539,#2540,#2541,#2542,
#2543,#2544,#2545,#2546,#2547,#2548,#2549,#2550,#2551,#2552,#2553,#2554,
#2555,#2556,#2557,#2558,#2559,#2560,#2561,#2562,#2563,#2564,#2565,#2566,
#2567,#2568,#2569,#2570,#2571,#2572,#2573,#2574,#2575,#2576,#2577,#2578,
#2579,#2580,#2581,#2582,#2583,#2584,#2585,#2586,#2587,#2588,#2589,#2590,
#2591,#2592,#2593,#2594,#2595,#2596,#2597,#2598,#2599,#2600,#2601,#2602,
#2603,#2604,#2605,#2606,#2607,#2608,#2609,#2610,#2611,#2612,#2613,#2614,
#2615,#2616,#2617,#2618,#2619,#2620,#2621,#2622,#2623,#2624,#2625,#2626,
#2627,#2628,#2629,#2630,#2631,#2632,#2633,#2634,#2635,#2636,#2637,#2638,
#2639,#2640,#2641,#2642,#2643,#2644,#2645,#2646,#2647,#2648,#2649,#2650,
#2651,#2652,#2653,#2654,#2655,#2656,#2657,#2658,#2659,#2660,#2661,#2662,
#2663,#2664,#2665,#2666,#2667,#2668,#2669,#2670,#2671,#2672,#2673,#2674,
#2675,#2676,#2677,#2678,#2679,#2680,#2681,#2682),.UNSPECIFIED.,.F.,.F.,
(4,1,1,1,1,1,1,1,1,1,1,1,1,1,1,1,1,1,1,1,1,1,1,1,1,1,1,1,1,1,1,1,1,1,1,
1,1,1,1,1,1,1,1,1,1,1,1,1,1,1,1,1,1,1,1,1,1,1,1,1,1,1,1,1,1,1,1,1,1,1,1,
1,1,1,1,1,1,1,1,1,1,1,1,1,1,1,1,1,1,1,1,1,1,1,1,1,1,1,1,1,1,1,1,1,1,1,1,
1,1,1,1,1,1,1,1,1,1,1,1,1,1,1,1,1,1,1,1,1,1,1,1,1,1,1,1,1,1,1,1,1,1,1,1,
1,1,1,1,1,1,1,1,1,1,1,1,1,1,1,1,1,1,1,1,1,1,1,1,1,1,1,1,1,1,1,1,1,1,1,1,
1,1,1,1,1,1,1,1,1,1,1,1,1,1,1,1,1,1,1,1,1,1,1,1,1,1,1,1,1,1,1,1,1,1,1,1,
1,1,1,1,1,1,1,1,1,1,1,1,1,1,1,1,1,1,1,1,1,1,1,1,1,1,1,1,1,1,1,1,1,1,1,1,
1,1,1,1,1,1,1,1,1,1,1,1,1,1,1,1,1,1,1,1,1,1,1,1,1,1,1,1,1,1,1,1,1,1,1,1,
1,1,1,1,1,1,1,1,1,1,1,1,1,1,1,1,1,1,1,1,1,1,1,1,1,1,1,1,1,1,1,1,1,1,1,1,
1,1,1,1,1,1,1,1,1,1,1,1,1,1,1,1,1,1,1,1,1,1,1,1,1,1,1,1,1,1,1,1,1,1,1,1,
1,1,1,1,1,1,1,1,1,1,1,1,1,1,1,1,1,1,1,1,1,1,1,1,1,1,1,1,1,1,1,1,1,1,1,1,
1,1,1,1,1,1,1,1,1,1,1,1,1,1,1,1,1,1,1,1,1,1,1,1,1,1,1,1,1,1,1,1,1,1,1,1,
1,1,1,1,1,1,1,1,1,1,1,1,1,1,1,1,1,1,1,1,1,1,1,1,1,1,1,1,1,1,1,1,1,1,1,1,
1,1,1,1,1,1,1,1,1,1,1,1,1,1,1,1,1,1,1,1,1,1,1,1,1,1,1,1,1,1,1,1,1,1,1,1,
1,1,1,1,1,1,1,1,1,1,1,1,1,1,1,1,1,1,1,1,1,1,1,1,1,1,1,1,1,1,1,1,1,1,1,1,
1,1,1,1,1,1,1,1,1,1,1,1,1,1,1,1,1,1,1,1,1,1,1,1,1,1,1,1,1,1,1,1,1,1,1,1,
1,1,1,1,1,1,1,1,1,1,1,1,1,1,1,1,1,1,1,1,1,1,1,1,1,1,1,1,1,1,1,1,1,1,1,1,
1,1,1,1,1,1,1,1,1,1,1,1,1,1,1,1,1,1,1,1,1,1,1,1,1,1,1,1,1,1,1,1,1,1,1,1,
1,1,1,1,1,1,1,1,1,1,1,1,1,1,1,1,1,1,1,1,1,1,1,1,4),(0.,2.99994763730049,
5.99989527460097,8.99984291190146,11.9997905492019,14.9997381865024,17.9996858238029,
20.9996334611034,22.4996072797537,23.9995810984039,25.4995549170541,26.9995287357044,
28.4995025543546,29.9994763730049,31.4994501916551,32.9994240103054,33.7494109196305,
34.4993978289556,35.2493847382807,35.9993716476058,36.749358556931,37.4993454662561,
38.2493323755812,38.6243258302438,38.9993192849063,39.3743127395689,39.7493061942315,
40.124299648894,40.4992931035566,40.6867898308879,40.8742865582191,41.0617832855504,
41.2492800128817,41.436776740213,41.6242734675443,41.8117701948755,41.9055185585412,
41.9992669222068,42.0461411040396,42.0930152858725,42.1398894677053,42.1867636495381,
42.2102007404545,42.2336378313709,42.2570749222873,42.2687934677455,42.2805120132037,
42.292230558662,42.3039491041202,42.3098083768493,42.3156676495784,42.3215269223075,
42.324456558672,42.3273861950366,42.3281186041277,42.3288510132188,42.3292172177644,
42.32958342231,42.3303158314011,42.3317806495834,42.3332454677657,42.3361751041302,
42.3391047404948,42.350823285953,42.3625418314112,42.3742603768694,42.3859789223276,
42.3976974677858,42.4211345587022,42.4445716496186,42.468008740535,42.5148829223678,
42.5617571042007,42.6086312860335,42.6555054678663,42.7492538315319,42.7961280133648,
42.8430021951976,42.8898763770304,42.9367505588632,42.983624740696,43.0070618316125,
43.0304989225289,43.0539360134453,43.0773731043617,43.0890916498199,43.1008101952781,
43.1125287407363,43.1242472861945,43.1301065589236,43.1359658316527,43.1418251043818,
43.1447547407464,43.1476843771109,43.1491491952932,43.1506140134755,43.1520788316577,
43.1528112407489,43.15354364984,43.1539098543856,43.1540929566584,43.1542760589312,
43.1546422634767,43.1550084680223,43.1564732862046,43.1594029225691,43.1623325589337,
43.1652621952982,43.1711214680273,43.1769807407564,43.1828400134855,43.1945585589437,
43.2179956498601,43.2414327407766,43.264869831693,43.2883069226094,43.3117440135258,
43.3586181953586,43.4054923771914,43.4523665590242,43.4992407408571,43.5929891045227,
43.6398632863555,43.6867374681883,43.7336116500212,43.780485831854,43.8039229227704,
43.8273600136868,43.8507971046032,43.8742341955196,43.897671286436,43.9093898318942,
43.9211083773524,43.9328269228106,43.9445454682688,43.950404740998,43.9562640137271,
43.9621232864562,43.9679825591853,43.9709121955498,43.9738418319144,43.9767714682789,
43.9775038773701,43.9782362864612,43.9786024910068,43.9789686955523,43.9793349000979,
43.9797011046435,43.9804335137346,43.9811659228257,43.982630741008,43.9840955591903,
43.9855603773726,43.9884900137371,43.9914196501017,43.9972789228308,44.0031381955599,
44.008997468289,44.0148567410181,44.0265752864763,44.0382938319345,44.0500123773927,
44.0617309228509,44.1086051046837,44.1554792865165,44.2023534683494,44.2492276501822,
44.296101832015,44.3429760138478,44.4367243775135,44.4835985593463,44.5304727411791,
44.5773469230119,44.6242211048448,44.6710952866776,44.694532377594,44.7179694685104,
44.7414065594268,44.753125104885,44.7648436503432,44.7765621958014,44.7824214685305,
44.7882807412596,44.7941400139887,44.7970696503533,44.7999992867178,44.8014641049001,
44.8029289230824,44.8036613321735,44.8040275367191,44.8043937412646,44.8051261503558,
44.8058585594469,44.8073233776292,44.8087881958115,44.811717832176,44.8146474685406,
44.8175771049051,44.8234363776342,44.8292956503633,44.8351549230924,44.8468734685506,
44.8585920140088,44.8703105594671,44.8820291049253,44.9054661958417,44.9289032867581,
44.9523403776745,44.9757774685909,44.9992145595073,45.0460887413401,45.0929629231729,
45.1398371050058,45.1867112868386,45.2804596505042,45.327333832337,45.3742080141699,
45.4210821960027,45.4679563778355,45.4913934687519,45.5148305596683,45.5382676505847,
45.5617047415011,45.5734232869594,45.5851418324176,45.5968603778758,45.608578923334,
45.6144381960631,45.6173678324276,45.6202974687922,45.6232271051567,45.624691923339,
45.6261567415213,45.6276215597035,45.6283539687947,45.6287201733403,45.628903275613,
45.6290863778858,45.6294525824314,45.629818786977,45.6305511960681,45.6320160142504,
45.6334808324327,45.6349456506149,45.6378752869795,45.640804923344,45.6437345597086,
45.6495938324377,45.6554531051668,45.6613123778959,45.667171650625,45.6788901960832,
45.6906087415414,45.7023272869996,45.725764377916,45.7492014688324,45.7726385597488,
45.7960756506653,45.8429498324981,45.8898240143309,45.9366981961637,45.9835723779965,
46.0304465598294,46.124194923495,46.2179432871606,46.3116916508263,46.3585658326591,
46.3820029235755,46.4054400144919,46.4288771054083,46.4405956508665,46.4464549235956,
46.4523141963247,46.4581734690538,46.4640327417829,46.4757512872411,46.4991883781576,
46.522625469074,46.5460625599904,46.5929367418232,46.639810923656,46.6866851054888,
46.7804334691545,46.8741818328201,46.9679301964858,47.0616785601514,47.2491752874827,
47.436672014814,47.6241687421452,47.8116654694765,47.9991621968078,48.3741556514704,
48.7491491061329,49.1241425607955,49.499136015458,49.6866327427893,49.8741294701206,
50.0616261974519,50.2491229247832,50.4366196521144,50.6241163794457,50.811613106777,
50.9053614704426,50.9991098341083,51.0928581977739,51.1397323796067,51.1866065614396,
51.2334807432724,51.2803549251052,51.327229106938,51.3741032887708,51.4209774706037,
51.4444145615201,51.4561331069783,51.4678516524365,51.4795701978947,51.4854294706238,
51.4912887433529,51.497148016082,51.5000776524465,51.5015424706288,51.5030072888111,
51.5044721069934,51.5052045160845,51.5059369251756,51.5061200274484,51.5063031297212,
51.5066693342668,51.5074017433579,51.5088665615402,51.5117961979047,51.5147258342693,
51.5176554706339,51.5205851069984,51.5264443797275,51.5381629251857,51.5498814706439,
51.5616000161021,51.5733185615603,51.5850371070185,51.6084741979349,51.6319112888513,
51.6553483797678,51.6787854706842,51.7022225616006,51.7490967434334,51.7959709252662,
51.8428451070991,51.9365934707647,52.0303418344303,52.124090198096,52.2178385617616,
52.3115869254272,52.4053352890929,52.4990836527585,52.6865803800898,52.8740771074211,
53.0615738347524,53.2490705620837,53.6240640167462,53.9990574714088,54.3740509260713,
54.7490443807339,55.1240378353965,55.3115345627277,55.499031290059,55.6865280173903,
55.7802763810559,55.8740247447216,55.9677731083872,56.0615214720529,56.1552698357185,
56.2021440175513,56.2490181993841,56.295892381217,56.3427665630498,56.3896407448826,
56.413077835799,56.4365149267154,56.4599520176318,56.4833891085482,56.4951076540064,
56.5068261994646,56.5185447449228,56.5302632903811,56.5361225631102,56.5419818358393,
56.5478411085684,56.5537003812975,56.5551651994797,56.556630017662,56.5573624267532,
56.5580948358443,56.5584610403899,56.5588272449354,56.5595596540266,56.5610244722088,
56.5624892903911,56.5654189267557,56.5683485631202,56.5712781994848,56.5771374722139,
56.5888560176721,56.6005745631303,56.6240116540467,56.6474487449631,56.6708858358795,
56.6943229267959,56.7177600177123,56.7646341995452,56.811508381378,56.8583825632108,
56.9052567450436,56.9990051087093,57.0927534723749,57.1865018360405,57.2802501997062,
57.3739985633718,57.5614952907031,57.7489920180344,57.9364887453657,58.1239854726969,
58.3114822000282,58.4989789273595,58.8739723820221,59.2489658366846,59.6239592913472,
59.9989527460097,60.186449473341,60.3739462006723,60.5614429280036,60.7489396553349,
60.9364363826662,61.1239331099974,61.2176814736631,61.3114298373287,61.4051782009944,
61.4520523828272,61.49892656466,61.5223636555764,61.5458007464928,61.5692378374092,
61.5926749283256,61.6043934737838,61.6073231101484,61.6102527465129,61.616112019242,
61.6278305647002,61.6395491101585,61.6629862010749,61.6864232919913,61.7332974738241,
61.7801716556569,61.8739200193226,61.9676683829882,62.0614167466538,62.1551651103195,
62.2020392921523,62.2489134739851,62.2957876558179,62.3192247467343,62.3426618376508,
62.3660989285672,62.3895360194836,62.4129731104,62.4364102013164,62.4481287467746,
62.4598472922328,62.4657065649619,62.471565837691,62.4774251104201,62.4832843831492,
62.4862140195138,62.4891436558783,62.4920732922429,62.4950029286074,62.4957353376986,
62.4964677467897,62.4968339513353,62.4972001558808,62.4975663604264,62.497932564972,
62.4986649740631,62.4993973831542,62.5008622013365,62.5023270195188,62.5037918377011,
62.5067214740656,62.5125807467947,62.5184400195238,62.530158564982,62.5418771104402,
62.5535956558984,62.5653142013566,62.5770327468149,62.6004698377313,62.6239069286477,
62.6707811104805,62.7176552923133,62.7645294741461,62.8114036559789,62.8582778378118,
62.9051520196446,62.9520262014774,62.9989003833102,63.0457745651431,63.0926487469759,
63.1395229288087,63.1863971106415,63.2098342015579,63.2332712924743,63.2567083833908,
63.2801454743072,63.3035825652236,63.3153011106818,63.32701965614,63.3387382015982,
63.3504567470564,63.3621752925146,63.3680345652437,63.3738938379728,63.3768234743374,
63.3782882925196,63.3797531107019,63.3812179288842,63.3826827470665,63.383048951612,
63.3834151561576,63.3835982584304,63.3837813607032,63.3841475652487,63.3848799743399,
63.385612383431,63.3870772016133,63.3885420197956,63.3914716561601,63.3944012925247,
63.3973309288892,63.4031902016183,63.4090494743474,63.4149087470765,63.4207680198056,
63.4324865652638,63.444205110722,63.4676422016384,63.4910792925549,63.5145163834713,
63.5613905653041,63.6082647471369,63.6551389289697,63.7020131108025,63.7488872926354,
63.842635656301,63.8895098381338,63.9363840199666,63.9832582017995,64.0301323836323,
64.0770065654651,64.1004436563815,64.1238807472979,64.1473178382143,64.1707549291307,
64.1941920200472,64.2059105655053,64.2176291109636,64.2293476564218,64.24106620188,
64.2469254746091,64.2527847473382,64.2586440200673,64.2615736564318,64.2645032927964,
64.2674329291609,64.2688977473432,64.2696301564343,64.2698132587071,64.2699963609799,
64.2703625655255,64.2710949746166,64.2718273837078,64.27329220189,64.2747570200723,
64.2762218382546,64.2791514746191,64.2820811109837,64.2879403837128,64.2937996564419,
64.299658929171,64.3113774746292,64.3348145655456,64.358251656462,64.3816887473784,
64.4051258382948,64.4520000201277,64.4988742019605,64.5457483837933,64.5926225656261,
64.6394967474589,64.6863709292918,64.7801192929574,64.8269934747902,64.873867656623,
64.9207418384559,64.9676160202887,65.0144902021215,65.0379272930379,65.0613643839543,
65.0848014748707,65.0965200203289,65.1082385657871,65.1199571112454,65.1316756567035,
65.1375349294327,65.1433942021618,65.1463238385263,65.1492534748909,65.1521831112554,
65.1536479294377,65.15511274762,65.1558451567111,65.1562113612567,65.1565775658023,
65.1573099748934,65.1580423839845,65.1609720203491,65.1668312930782,65.1726905658073,
65.1785498385364,65.1902683839946,65.2019869294528,65.213705474911,65.2254240203692,
65.2488611112856,65.272298202202,65.2957352931184,65.3426094749512,65.3894836567841,
65.4363578386169,65.4832320204497,65.5301062022825,65.6238545659482,65.7176029296138,
65.8113512932794,65.9050996569451,65.9988480206107,66.186344747942,66.3738414752733,
66.5613382026046,66.7488349299358,66.9363316572671,67.1238283845984,67.498821839261,
67.8738152939235,68.2488087485861,68.6238022032487,68.9987956579112,69.7487825672363,
70.4987694765614,71.2487563858866,71.9987432952117,73.4987171138619,74.9986909325122,
76.4986647511624,77.9986385698127,79.4986123884629,80.9985862071132,82.4985600257634,
83.9985338444136,86.9984814817141,89.9984291190146,92.9983767563151,95.9983243936156),
 .UNSPECIFIED.);
#77=B_SPLINE_CURVE_WITH_KNOTS('',3,(#2685,#2686,#2687,#2688),
 .UNSPECIFIED.,.F.,.F.,(4,4),(0.,47.386808),.UNSPECIFIED.);
#78=B_SPLINE_CURVE_WITH_KNOTS('',3,(#2690,#2691,#2692,#2693),
 .UNSPECIFIED.,.F.,.F.,(4,4),(0.,56.875603),.UNSPECIFIED.);
#79=B_SPLINE_CURVE_WITH_KNOTS('',3,(#2695,#2696,#2697,#2698,#2699,#2700,
#2701,#2702,#2703,#2704,#2705,#2706,#2707,#2708,#2709,#2710,#2711,#2712,
#2713,#2714,#2715,#2716,#2717,#2718,#2719,#2720,#2721,#2722,#2723,#2724,
#2725,#2726,#2727,#2728,#2729,#2730,#2731,#2732,#2733,#2734,#2735,#2736,
#2737,#2738,#2739,#2740,#2741,#2742,#2743,#2744,#2745,#2746,#2747,#2748,
#2749,#2750,#2751,#2752,#2753,#2754,#2755,#2756,#2757,#2758,#2759,#2760,
#2761,#2762,#2763,#2764,#2765,#2766,#2767,#2768,#2769,#2770,#2771,#2772,
#2773,#2774,#2775,#2776,#2777,#2778,#2779,#2780,#2781,#2782,#2783,#2784,
#2785,#2786,#2787,#2788,#2789,#2790,#2791,#2792,#2793,#2794,#2795,#2796,
#2797,#2798,#2799,#2800,#2801,#2802,#2803,#2804,#2805,#2806,#2807,#2808,
#2809,#2810,#2811,#2812,#2813,#2814,#2815,#2816,#2817,#2818,#2819,#2820,
#2821,#2822,#2823,#2824,#2825,#2826,#2827,#2828,#2829,#2830,#2831,#2832,
#2833,#2834,#2835,#2836,#2837,#2838,#2839,#2840,#2841,#2842,#2843,#2844,
#2845,#2846,#2847,#2848,#2849,#2850,#2851,#2852,#2853,#2854,#2855,#2856,
#2857,#2858,#2859,#2860,#2861,#2862,#2863,#2864,#2865,#2866,#2867,#2868,
#2869,#2870,#2871,#2872,#2873,#2874,#2875,#2876,#2877,#2878,#2879,#2880,
#2881,#2882,#2883,#2884,#2885,#2886,#2887,#2888,#2889,#2890,#2891,#2892,
#2893,#2894,#2895,#2896,#2897,#2898,#2899,#2900,#2901,#2902,#2903,#2904,
#2905,#2906,#2907,#2908,#2909,#2910,#2911,#2912,#2913,#2914,#2915,#2916,
#2917,#2918,#2919,#2920,#2921,#2922,#2923,#2924,#2925,#2926,#2927,#2928,
#2929,#2930,#2931,#2932,#2933,#2934,#2935,#2936,#2937,#2938,#2939,#2940,
#2941,#2942,#2943,#2944,#2945,#2946,#2947,#2948,#2949,#2950,#2951,#2952,
#2953,#2954,#2955,#2956,#2957,#2958,#2959,#2960,#2961,#2962,#2963,#2964,
#2965,#2966,#2967,#2968,#2969,#2970,#2971,#2972,#2973,#2974,#2975,#2976,
#2977,#2978,#2979,#2980,#2981,#2982,#2983,#2984,#2985,#2986,#2987,#2988,
#2989,#2990,#2991,#2992,#2993,#2994,#2995,#2996,#2997,#2998,#2999,#3000,
#3001,#3002,#3003,#3004,#3005,#3006,#3007,#3008,#3009,#3010,#3011,#3012,
#3013,#3014,#3015,#3016,#3017,#3018,#3019,#3020,#3021,#3022,#3023,#3024,
#3025,#3026,#3027,#3028,#3029,#3030,#3031,#3032,#3033,#3034,#3035,#3036,
#3037,#3038,#3039,#3040,#3041,#3042,#3043,#3044,#3045,#3046,#3047,#3048,
#3049,#3050,#3051,#3052,#3053,#3054,#3055,#3056,#3057,#3058,#3059,#3060,
#3061,#3062,#3063,#3064,#3065,#3066,#3067,#3068,#3069,#3070,#3071,#3072,
#3073,#3074,#3075,#3076,#3077,#3078,#3079,#3080,#3081,#3082,#3083,#3084,
#3085,#3086,#3087,#3088,#3089,#3090,#3091,#3092,#3093,#3094,#3095,#3096,
#3097,#3098,#3099,#3100,#3101,#3102,#3103,#3104,#3105,#3106,#3107,#3108,
#3109,#3110,#3111,#3112,#3113,#3114,#3115,#3116,#3117,#3118,#3119,#3120,
#3121,#3122,#3123,#3124,#3125,#3126,#3127,#3128,#3129,#3130,#3131,#3132,
#3133,#3134,#3135,#3136,#3137,#3138,#3139,#3140,#3141,#3142,#3143,#3144,
#3145,#3146,#3147,#3148,#3149,#3150,#3151,#3152,#3153,#3154,#3155,#3156,
#3157,#3158,#3159,#3160,#3161,#3162,#3163,#3164,#3165,#3166,#3167,#3168,
#3169,#3170,#3171,#3172,#3173,#3174,#3175,#3176,#3177,#3178,#3179,#3180,
#3181,#3182,#3183,#3184,#3185,#3186,#3187,#3188,#3189,#3190,#3191,#3192,
#3193,#3194,#3195,#3196,#3197,#3198,#3199,#3200,#3201,#3202,#3203,#3204,
#3205,#3206,#3207,#3208,#3209,#3210,#3211,#3212,#3213,#3214,#3215,#3216,
#3217,#3218,#3219,#3220,#3221,#3222,#3223,#3224,#3225,#3226,#3227,#3228,
#3229,#3230,#3231,#3232,#3233,#3234,#3235,#3236,#3237,#3238,#3239,#3240,
#3241,#3242,#3243,#3244,#3245,#3246,#3247,#3248,#3249,#3250,#3251,#3252,
#3253,#3254,#3255,#3256,#3257,#3258,#3259,#3260,#3261,#3262,#3263,#3264,
#3265,#3266,#3267,#3268,#3269,#3270,#3271,#3272,#3273,#3274,#3275,#3276,
#3277,#3278,#3279,#3280,#3281,#3282,#3283,#3284,#3285,#3286,#3287,#3288,
#3289,#3290,#3291,#3292,#3293,#3294,#3295,#3296,#3297,#3298,#3299,#3300,
#3301,#3302,#3303,#3304,#3305,#3306,#3307,#3308,#3309,#3310,#3311,#3312,
#3313,#3314,#3315,#3316,#3317,#3318,#3319,#3320,#3321,#3322,#3323,#3324,
#3325,#3326,#3327,#3328,#3329,#3330,#3331,#3332,#3333,#3334,#3335,#3336,
#3337,#3338,#3339,#3340,#3341,#3342,#3343,#3344,#3345,#3346,#3347,#3348,
#3349,#3350,#3351,#3352,#3353,#3354,#3355,#3356,#3357,#3358,#3359,#3360,
#3361,#3362,#3363,#3364,#3365,#3366,#3367,#3368,#3369,#3370,#3371,#3372,
#3373,#3374,#3375,#3376,#3377,#3378,#3379,#3380,#3381,#3382,#3383,#3384,
#3385,#3386,#3387,#3388,#3389,#3390,#3391,#3392,#3393,#3394,#3395,#3396,
#3397,#3398,#3399,#3400,#3401,#3402,#3403,#3404,#3405,#3406,#3407,#3408,
#3409,#3410,#3411,#3412,#3413,#3414,#3415,#3416,#3417,#3418,#3419,#3420,
#3421,#3422,#3423,#3424,#3425,#3426,#3427,#3428,#3429,#3430,#3431,#3432,
#3433,#3434,#3435,#3436,#3437,#3438,#3439,#3440,#3441,#3442,#3443,#3444,
#3445,#3446,#3447,#3448,#3449,#3450,#3451,#3452,#3453,#3454,#3455,#3456,
#3457,#3458,#3459,#3460,#3461,#3462,#3463,#3464,#3465,#3466,#3467,#3468,
#3469,#3470,#3471,#3472,#3473,#3474,#3475,#3476,#3477,#3478,#3479,#3480,
#3481,#3482,#3483,#3484,#3485,#3486,#3487,#3488,#3489,#3490,#3491,#3492,
#3493,#3494,#3495,#3496,#3497,#3498,#3499,#3500,#3501,#3502,#3503,#3504,
#3505,#3506,#3507,#3508,#3509,#3510,#3511,#3512,#3513,#3514,#3515,#3516,
#3517,#3518,#3519,#3520,#3521,#3522,#3523,#3524,#3525,#3526,#3527,#3528,
#3529,#3530,#3531,#3532,#3533,#3534,#3535,#3536,#3537,#3538,#3539,#3540,
#3541,#3542,#3543,#3544,#3545,#3546,#3547,#3548,#3549,#3550,#3551,#3552,
#3553,#3554,#3555,#3556,#3557,#3558,#3559,#3560,#3561,#3562,#3563,#3564,
#3565,#3566,#3567,#3568,#3569,#3570,#3571,#3572,#3573,#3574,#3575,#3576,
#3577,#3578,#3579,#3580,#3581,#3582,#3583,#3584,#3585,#3586,#3587,#3588,
#3589,#3590,#3591,#3592,#3593,#3594,#3595,#3596,#3597,#3598,#3599,#3600,
#3601,#3602,#3603,#3604,#3605,#3606,#3607,#3608,#3609,#3610,#3611,#3612,
#3613,#3614,#3615,#3616,#3617,#3618,#3619,#3620,#3621,#3622,#3623,#3624,
#3625,#3626,#3627,#3628,#3629,#3630,#3631,#3632,#3633,#3634,#3635,#3636,
#3637,#3638,#3639,#3640,#3641,#3642,#3643,#3644,#3645,#3646,#3647),
 .UNSPECIFIED.,.T.,.F.,(4,1,1,1,1,1,1,1,1,1,1,1,1,1,1,1,1,1,1,1,1,1,1,1,
1,1,1,1,1,1,1,1,1,1,1,1,1,1,1,1,1,1,1,1,1,1,1,1,1,1,1,1,1,1,1,1,1,1,1,1,
1,1,1,1,1,1,1,1,1,1,1,1,1,1,1,1,1,1,1,1,1,1,1,1,1,1,1,1,1,1,1,1,1,1,1,1,
1,1,1,1,1,1,1,1,1,1,1,1,1,1,1,1,1,1,1,1,1,1,1,1,1,1,1,1,1,1,1,1,1,1,1,1,
1,1,1,1,1,1,1,1,1,1,1,1,1,1,1,1,1,1,1,1,1,1,1,1,1,1,1,1,1,1,1,1,1,1,1,1,
1,1,1,1,1,1,1,1,1,1,1,1,1,1,1,1,1,1,1,1,1,1,1,1,1,1,1,1,1,1,1,1,1,1,1,1,
1,1,1,1,1,1,1,1,1,1,1,1,1,1,1,1,1,1,1,1,1,1,1,1,1,1,1,1,1,1,1,1,1,1,1,1,
1,1,1,1,1,1,1,1,1,1,1,1,1,1,1,1,1,1,1,1,1,1,1,1,1,1,1,1,1,1,1,1,1,1,1,1,
1,1,1,1,1,1,1,1,1,1,1,1,1,1,1,1,1,1,1,1,1,1,1,1,1,1,1,1,1,1,1,1,1,1,1,1,
1,1,1,1,1,1,1,1,1,1,1,1,1,1,1,1,1,1,1,1,1,1,1,1,1,1,1,1,1,1,1,1,1,1,1,1,
1,1,1,1,1,1,1,1,1,1,1,1,1,1,1,1,1,1,1,1,1,1,1,1,1,1,1,1,1,1,1,1,1,1,1,1,
1,1,1,1,1,1,1,1,1,1,1,1,1,1,1,1,1,1,1,1,1,1,1,1,1,1,1,1,1,1,1,1,1,1,1,1,
1,1,1,1,1,1,1,1,1,1,1,1,1,1,1,1,1,1,1,1,1,1,1,1,1,1,1,1,1,1,1,1,1,1,1,1,
1,1,1,1,1,1,1,1,1,1,1,1,1,1,1,1,1,1,1,1,1,1,1,1,1,1,1,1,1,1,1,1,1,1,1,1,
1,1,1,1,1,1,1,1,1,1,1,1,1,1,1,1,1,1,1,1,1,1,1,1,1,1,1,1,1,1,1,1,1,1,1,1,
1,1,1,1,1,1,1,1,1,1,1,1,1,1,1,1,1,1,1,1,1,1,1,1,1,1,1,1,1,1,1,1,1,1,1,1,
1,1,1,1,1,1,1,1,1,1,1,1,1,1,1,1,1,1,1,1,1,1,1,1,1,1,1,1,1,1,1,1,1,1,1,1,
1,1,1,1,1,1,1,1,1,1,1,1,1,1,1,1,1,1,1,1,1,1,1,1,1,1,1,1,1,1,1,1,1,1,1,1,
1,1,1,1,1,1,1,1,1,1,1,1,1,1,1,1,1,1,1,1,1,1,1,1,1,1,1,1,1,1,1,1,1,1,1,1,
1,1,1,1,1,1,1,1,1,1,1,1,1,1,1,1,1,1,1,1,1,1,1,1,1,1,1,1,1,1,1,1,1,1,1,1,
1,1,1,1,1,1,1,1,1,1,1,1,1,1,1,1,1,1,1,1,1,1,1,1,1,1,1,1,1,1,1,1,1,1,1,1,
1,1,1,1,1,1,1,1,1,1,1,1,1,1,1,1,1,1,1,1,1,1,1,1,1,1,1,1,1,1,1,1,1,1,1,1,
1,1,1,1,1,1,1,1,1,1,1,1,1,1,1,1,1,1,1,1,1,1,1,1,1,1,1,1,1,1,1,1,1,1,1,1,
1,1,1,1,1,1,1,1,1,1,1,1,1,1,1,1,1,1,1,1,1,1,1,1,1,1,1,1,1,1,1,1,1,1,1,1,
1,1,1,1,1,1,1,1,1,1,1,1,1,1,1,1,1,1,1,1,1,1,1,1,1,1,1,1,1,1,1,1,1,1,1,1,
1,1,1,1,1,1,1,1,1,1,1,1,1,1,1,1,1,1,1,1,1,1,1,1,1,1,1,1,1,1,1,1,1,1,1,1,
1,1,1,1,1,1,1,1,1,1,1,1,1,1,1,1,1,1,1,1,1,1,1,1,1,1,4),(0.,0.00048828125,
0.0009765625,0.00146484375,0.001953125,0.00244140625,0.0029296875,0.00341796875,
0.00390625,0.00439453125,0.0048828125,0.005859375,0.0068359375,0.0078125,
0.0087890625,0.009765625,0.0107421875,0.01171875,0.013671875,0.015625,0.017578125,
0.01953125,0.021484375,0.0234375,0.025390625,0.02734375,0.029296875,0.03125,
0.0322265625,0.033203125,0.0341796875,0.03515625,0.0361328125,0.037109375,
0.0380859375,0.03857421875,0.0390625,0.03955078125,0.0400390625,0.04052734375,
0.041015625,0.04150390625,0.0419921875,0.04248046875,0.04296875,0.04345703125,
0.0439453125,0.04443359375,0.044921875,0.04541015625,0.0458984375,0.046875,
0.0478515625,0.048828125,0.0498046875,0.05078125,0.052734375,0.0546875,
0.056640625,0.05859375,0.060546875,0.0625,0.064453125,0.06640625,0.068359375,
0.0703125,0.072265625,0.07421875,0.0751953125,0.076171875,0.0771484375,
0.078125,0.0791015625,0.07958984375,0.080078125,0.08056640625,0.0810546875,
0.08154296875,0.08203125,0.08251953125,0.0830078125,0.08349609375,0.083984375,
0.08447265625,0.0849609375,0.08544921875,0.0859375,0.08642578125,0.0869140625,
0.087890625,0.0888671875,0.08984375,0.0908203125,0.091796875,0.0927734375,
0.09375,0.095703125,0.09765625,0.099609375,0.1015625,0.10546875,0.107421875,
0.109375,0.111328125,0.11328125,0.115234375,0.1162109375,0.1171875,0.1181640625,
0.119140625,0.1201171875,0.12060546875,0.12109375,0.12158203125,0.1220703125,
0.12255859375,0.123046875,0.12353515625,0.1240234375,0.12451171875,0.125,
0.12548828125,0.1259765625,0.12646484375,0.126953125,0.12744140625,0.1279296875,
0.12841796875,0.12890625,0.12939453125,0.1298828125,0.130859375,0.1318359375,
0.1328125,0.1337890625,0.134765625,0.13671875,0.138671875,0.140625,0.142578125,
0.14453125,0.1484375,0.150390625,0.15234375,0.154296875,0.15625,0.1572265625,
0.158203125,0.1591796875,0.16015625,0.1611328125,0.162109375,0.1630859375,
0.16357421875,0.1640625,0.16455078125,0.1650390625,0.16552734375,0.166015625,
0.16650390625,0.1669921875,0.16748046875,0.16796875,0.16845703125,0.1689453125,
0.16943359375,0.169921875,0.17041015625,0.1708984375,0.171875,0.1728515625,
0.173828125,0.1748046875,0.17578125,0.177734375,0.1796875,0.181640625,0.18359375,
0.185546875,0.1875,0.189453125,0.19140625,0.193359375,0.1953125,0.197265625,
0.19921875,0.2001953125,0.201171875,0.2021484375,0.203125,0.2041015625,
0.20458984375,0.205078125,0.20556640625,0.2060546875,0.20654296875,0.20703125,
0.20751953125,0.2080078125,0.20849609375,0.208984375,0.20947265625,0.2099609375,
0.21044921875,0.2109375,0.21142578125,0.2119140625,0.212890625,0.2138671875,
0.21484375,0.2158203125,0.216796875,0.2177734375,0.21875,0.220703125,0.22265625,
0.224609375,0.2265625,0.23046875,0.232421875,0.234375,0.236328125,0.23828125,
0.240234375,0.2412109375,0.2421875,0.2431640625,0.244140625,0.2451171875,
0.24560546875,0.24609375,0.24658203125,0.2470703125,0.24755859375,0.248046875,
0.24853515625,0.2490234375,0.24951171875,0.25,0.25048828125,0.2509765625,
0.25146484375,0.251953125,0.25244140625,0.2529296875,0.25341796875,0.25390625,
0.25439453125,0.2548828125,0.255859375,0.2568359375,0.2578125,0.2587890625,
0.259765625,0.26171875,0.263671875,0.265625,0.267578125,0.26953125,0.2734375,
0.275390625,0.27734375,0.279296875,0.28125,0.2822265625,0.283203125,0.2841796875,
0.28515625,0.2861328125,0.287109375,0.2880859375,0.28857421875,0.2890625,
0.28955078125,0.2900390625,0.29052734375,0.291015625,0.29150390625,0.2919921875,
0.29248046875,0.29296875,0.29345703125,0.2939453125,0.29443359375,0.294921875,
0.29541015625,0.2958984375,0.296875,0.2978515625,0.298828125,0.2998046875,
0.30078125,0.302734375,0.3046875,0.306640625,0.30859375,0.310546875,0.3125,
0.314453125,0.31640625,0.318359375,0.3203125,0.322265625,0.32421875,0.3251953125,
0.326171875,0.3271484375,0.328125,0.3291015625,0.32958984375,0.330078125,
0.33056640625,0.3310546875,0.33154296875,0.33203125,0.33251953125,0.3330078125,
0.33349609375,0.333984375,0.33447265625,0.3349609375,0.33544921875,0.3359375,
0.33642578125,0.3369140625,0.337890625,0.3388671875,0.33984375,0.3408203125,
0.341796875,0.3427734375,0.34375,0.345703125,0.34765625,0.349609375,0.3515625,
0.35546875,0.357421875,0.359375,0.361328125,0.36328125,0.365234375,0.3662109375,
0.3671875,0.3681640625,0.369140625,0.3701171875,0.37060546875,0.37109375,
0.37158203125,0.3720703125,0.37255859375,0.373046875,0.37353515625,0.3740234375,
0.37451171875,0.375,0.37548828125,0.3759765625,0.37646484375,0.376953125,
0.37744140625,0.3779296875,0.37841796875,0.37890625,0.37939453125,0.3798828125,
0.380859375,0.3818359375,0.3828125,0.3837890625,0.384765625,0.38671875,
0.388671875,0.390625,0.392578125,0.39453125,0.3984375,0.400390625,0.40234375,
0.404296875,0.40625,0.4072265625,0.408203125,0.4091796875,0.41015625,0.4111328125,
0.412109375,0.4130859375,0.41357421875,0.4140625,0.41455078125,0.4150390625,
0.41552734375,0.416015625,0.41650390625,0.4169921875,0.41748046875,0.41796875,
0.41845703125,0.4189453125,0.41943359375,0.419921875,0.42041015625,0.4208984375,
0.421875,0.4228515625,0.423828125,0.4248046875,0.42578125,0.427734375,0.4296875,
0.431640625,0.43359375,0.435546875,0.4375,0.439453125,0.44140625,0.443359375,
0.4453125,0.447265625,0.44921875,0.4501953125,0.451171875,0.4521484375,
0.453125,0.4541015625,0.45458984375,0.455078125,0.45556640625,0.4560546875,
0.45654296875,0.45703125,0.45751953125,0.4580078125,0.45849609375,0.458984375,
0.45947265625,0.4599609375,0.46044921875,0.4609375,0.46142578125,0.4619140625,
0.462890625,0.4638671875,0.46484375,0.4658203125,0.466796875,0.4677734375,
0.46875,0.470703125,0.47265625,0.474609375,0.4765625,0.48046875,0.482421875,
0.484375,0.486328125,0.48828125,0.490234375,0.4912109375,0.4921875,0.4931640625,
0.494140625,0.4951171875,0.49560546875,0.49609375,0.49658203125,0.4970703125,
0.49755859375,0.498046875,0.49853515625,0.4990234375,0.49951171875,0.5,
0.50048828125,0.5009765625,0.50146484375,0.501953125,0.50244140625,0.5029296875,
0.50341796875,0.50390625,0.50439453125,0.5048828125,0.505859375,0.5068359375,
0.5078125,0.5087890625,0.509765625,0.51171875,0.513671875,0.515625,0.517578125,
0.51953125,0.5234375,0.525390625,0.52734375,0.529296875,0.53125,0.5322265625,
0.533203125,0.5341796875,0.53515625,0.5361328125,0.537109375,0.5380859375,
0.53857421875,0.5390625,0.53955078125,0.5400390625,0.54052734375,0.541015625,
0.54150390625,0.5419921875,0.54248046875,0.54296875,0.54345703125,0.5439453125,
0.54443359375,0.544921875,0.54541015625,0.5458984375,0.546875,0.5478515625,
0.548828125,0.5498046875,0.55078125,0.552734375,0.5546875,0.556640625,0.55859375,
0.560546875,0.5625,0.564453125,0.56640625,0.568359375,0.5703125,0.572265625,
0.57421875,0.5751953125,0.576171875,0.5771484375,0.578125,0.5791015625,
0.57958984375,0.580078125,0.58056640625,0.5810546875,0.58154296875,0.58203125,
0.58251953125,0.5830078125,0.58349609375,0.583984375,0.58447265625,0.5849609375,
0.58544921875,0.5859375,0.58642578125,0.5869140625,0.587890625,0.5888671875,
0.58984375,0.5908203125,0.591796875,0.5927734375,0.59375,0.595703125,0.59765625,
0.599609375,0.6015625,0.60546875,0.607421875,0.609375,0.611328125,0.61328125,
0.615234375,0.6162109375,0.6171875,0.6181640625,0.619140625,0.6201171875,
0.62060546875,0.62109375,0.62158203125,0.6220703125,0.62255859375,0.623046875,
0.62353515625,0.6240234375,0.62451171875,0.625,0.62548828125,0.6259765625,
0.62646484375,0.626953125,0.62744140625,0.6279296875,0.62841796875,0.62890625,
0.62939453125,0.6298828125,0.630859375,0.6318359375,0.6328125,0.6337890625,
0.634765625,0.63671875,0.638671875,0.640625,0.642578125,0.64453125,0.6484375,
0.650390625,0.65234375,0.654296875,0.65625,0.6572265625,0.658203125,0.6591796875,
0.66015625,0.6611328125,0.662109375,0.6630859375,0.66357421875,0.6640625,
0.66455078125,0.6650390625,0.66552734375,0.666015625,0.66650390625,0.6669921875,
0.66748046875,0.66796875,0.66845703125,0.6689453125,0.66943359375,0.669921875,
0.67041015625,0.6708984375,0.671875,0.6728515625,0.673828125,0.6748046875,
0.67578125,0.677734375,0.6796875,0.681640625,0.68359375,0.685546875,0.6875,
0.689453125,0.69140625,0.693359375,0.6953125,0.697265625,0.69921875,0.7001953125,
0.701171875,0.7021484375,0.703125,0.7041015625,0.70458984375,0.705078125,
0.70556640625,0.7060546875,0.70654296875,0.70703125,0.70751953125,0.7080078125,
0.70849609375,0.708984375,0.70947265625,0.7099609375,0.71044921875,0.7109375,
0.71142578125,0.7119140625,0.712890625,0.7138671875,0.71484375,0.7158203125,
0.716796875,0.7177734375,0.71875,0.720703125,0.72265625,0.724609375,0.7265625,
0.73046875,0.732421875,0.734375,0.736328125,0.73828125,0.740234375,0.7412109375,
0.7421875,0.7431640625,0.744140625,0.7451171875,0.74560546875,0.74609375,
0.74658203125,0.7470703125,0.74755859375,0.748046875,0.74853515625,0.7490234375,
0.74951171875,0.75,0.75048828125,0.7509765625,0.75146484375,0.751953125,
0.75244140625,0.7529296875,0.75341796875,0.75390625,0.75439453125,0.7548828125,
0.755859375,0.7568359375,0.7578125,0.7587890625,0.759765625,0.76171875,
0.763671875,0.765625,0.767578125,0.76953125,0.7734375,0.775390625,0.77734375,
0.779296875,0.78125,0.7822265625,0.783203125,0.7841796875,0.78515625,0.7861328125,
0.787109375,0.7880859375,0.78857421875,0.7890625,0.78955078125,0.7900390625,
0.79052734375,0.791015625,0.79150390625,0.7919921875,0.79248046875,0.79296875,
0.79345703125,0.7939453125,0.79443359375,0.794921875,0.79541015625,0.7958984375,
0.796875,0.7978515625,0.798828125,0.7998046875,0.80078125,0.802734375,0.8046875,
0.806640625,0.80859375,0.810546875,0.8125,0.814453125,0.81640625,0.818359375,
0.8203125,0.822265625,0.82421875,0.8251953125,0.826171875,0.8271484375,
0.828125,0.8291015625,0.82958984375,0.830078125,0.83056640625,0.8310546875,
0.83154296875,0.83203125,0.83251953125,0.8330078125,0.83349609375,0.833984375,
0.83447265625,0.8349609375,0.83544921875,0.8359375,0.83642578125,0.8369140625,
0.837890625,0.8388671875,0.83984375,0.8408203125,0.841796875,0.8427734375,
0.84375,0.845703125,0.84765625,0.849609375,0.8515625,0.85546875,0.857421875,
0.859375,0.861328125,0.86328125,0.865234375,0.8662109375,0.8671875,0.8681640625,
0.869140625,0.8701171875,0.87060546875,0.87109375,0.87158203125,0.8720703125,
0.87255859375,0.873046875,0.87353515625,0.8740234375,0.87451171875,0.875,
0.87548828125,0.8759765625,0.87646484375,0.876953125,0.87744140625,0.8779296875,
0.87841796875,0.87890625,0.87939453125,0.8798828125,0.880859375,0.8818359375,
0.8828125,0.8837890625,0.884765625,0.88671875,0.888671875,0.890625,0.892578125,
0.89453125,0.8984375,0.900390625,0.90234375,0.904296875,0.90625,0.9072265625,
0.908203125,0.9091796875,0.91015625,0.9111328125,0.912109375,0.9130859375,
0.91357421875,0.9140625,0.91455078125,0.9150390625,0.91552734375,0.916015625,
0.91650390625,0.9169921875,0.91748046875,0.91796875,0.91845703125,0.9189453125,
0.91943359375,0.919921875,0.92041015625,0.9208984375,0.921875,0.9228515625,
0.923828125,0.9248046875,0.92578125,0.927734375,0.9296875,0.931640625,0.93359375,
0.935546875,0.9375,0.939453125,0.94140625,0.943359375,0.9453125,0.947265625,
0.94921875,0.9501953125,0.951171875,0.9521484375,0.953125,0.9541015625,
0.95458984375,0.955078125,0.95556640625,0.9560546875,0.95654296875,0.95703125,
0.95751953125,0.9580078125,0.95849609375,0.958984375,0.95947265625,0.9599609375,
0.96044921875,0.9609375,0.96142578125,0.9619140625,0.962890625,0.9638671875,
0.96484375,0.9658203125,0.966796875,0.9677734375,0.96875,0.970703125,0.97265625,
0.974609375,0.9765625,0.978515625,0.98046875,0.982421875,0.984375,0.986328125,
0.9873046875,0.98828125,0.9892578125,0.990234375,0.9912109375,0.9921875,
0.9931640625,0.994140625,0.99462890625,0.9951171875,0.99560546875,0.99609375,
0.99658203125,0.9970703125,0.99755859375,0.998046875,0.99853515625,0.9990234375,
0.99951171875,1.),.UNSPECIFIED.);
#80=B_SPLINE_CURVE_WITH_KNOTS('',3,(#3650,#3651,#3652,#3653,#3654,#3655,
#3656,#3657,#3658,#3659,#3660,#3661,#3662,#3663,#3664,#3665,#3666,#3667,
#3668,#3669,#3670,#3671,#3672,#3673,#3674,#3675,#3676,#3677,#3678,#3679,
#3680,#3681,#3682,#3683,#3684,#3685,#3686,#3687,#3688,#3689,#3690,#3691,
#3692,#3693,#3694,#3695,#3696,#3697,#3698,#3699,#3700,#3701,#3702,#3703,
#3704,#3705,#3706,#3707,#3708,#3709,#3710,#3711,#3712,#3713,#3714,#3715,
#3716,#3717,#3718,#3719,#3720,#3721,#3722,#3723,#3724,#3725,#3726,#3727,
#3728,#3729,#3730,#3731,#3732,#3733,#3734,#3735,#3736,#3737,#3738,#3739,
#3740,#3741,#3742,#3743,#3744,#3745,#3746,#3747,#3748,#3749,#3750,#3751,
#3752,#3753,#3754,#3755,#3756,#3757,#3758,#3759,#3760,#3761,#3762,#3763,
#3764,#3765,#3766,#3767,#3768,#3769,#3770,#3771,#3772,#3773,#3774,#3775,
#3776,#3777,#3778,#3779,#3780,#3781,#3782,#3783,#3784,#3785,#3786,#3787,
#3788,#3789,#3790,#3791,#3792,#3793,#3794,#3795,#3796,#3797,#3798,#3799,
#3800,#3801,#3802,#3803,#3804,#3805,#3806,#3807,#3808,#3809,#3810,#3811,
#3812,#3813,#3814,#3815,#3816,#3817,#3818,#3819,#3820,#3821,#3822,#3823,
#3824,#3825,#3826,#3827,#3828,#3829,#3830,#3831,#3832,#3833,#3834,#3835,
#3836,#3837,#3838,#3839,#3840,#3841,#3842,#3843,#3844,#3845,#3846,#3847,
#3848,#3849,#3850,#3851,#3852,#3853,#3854,#3855,#3856,#3857,#3858,#3859,
#3860,#3861,#3862,#3863,#3864,#3865,#3866,#3867,#3868,#3869,#3870,#3871,
#3872,#3873,#3874,#3875,#3876,#3877,#3878,#3879,#3880,#3881,#3882,#3883,
#3884,#3885,#3886,#3887,#3888,#3889,#3890,#3891,#3892,#3893,#3894,#3895,
#3896,#3897,#3898,#3899,#3900,#3901,#3902,#3903,#3904,#3905,#3906,#3907,
#3908,#3909,#3910,#3911,#3912,#3913,#3914,#3915,#3916,#3917,#3918,#3919,
#3920,#3921,#3922,#3923,#3924,#3925,#3926,#3927,#3928,#3929,#3930,#3931,
#3932,#3933,#3934,#3935,#3936,#3937,#3938,#3939,#3940,#3941,#3942,#3943,
#3944,#3945,#3946,#3947,#3948,#3949,#3950,#3951,#3952,#3953,#3954,#3955,
#3956,#3957,#3958,#3959,#3960,#3961,#3962,#3963,#3964,#3965,#3966,#3967,
#3968,#3969,#3970,#3971,#3972,#3973,#3974,#3975,#3976,#3977,#3978,#3979,
#3980,#3981,#3982,#3983,#3984,#3985,#3986,#3987,#3988,#3989,#3990,#3991,
#3992,#3993,#3994,#3995,#3996,#3997,#3998,#3999,#4000,#4001,#4002,#4003,
#4004,#4005,#4006,#4007,#4008,#4009,#4010,#4011,#4012,#4013,#4014,#4015,
#4016,#4017,#4018,#4019,#4020,#4021,#4022,#4023,#4024,#4025,#4026,#4027,
#4028,#4029,#4030,#4031,#4032,#4033,#4034,#4035,#4036,#4037,#4038,#4039,
#4040,#4041,#4042,#4043,#4044,#4045,#4046,#4047,#4048,#4049,#4050,#4051,
#4052,#4053,#4054,#4055,#4056,#4057,#4058,#4059,#4060,#4061,#4062,#4063,
#4064,#4065,#4066,#4067,#4068,#4069,#4070,#4071,#4072,#4073,#4074,#4075,
#4076,#4077,#4078,#4079,#4080,#4081,#4082,#4083,#4084,#4085,#4086,#4087,
#4088,#4089,#4090,#4091,#4092,#4093,#4094,#4095,#4096,#4097,#4098,#4099,
#4100,#4101,#4102,#4103,#4104,#4105,#4106,#4107,#4108,#4109,#4110,#4111,
#4112,#4113,#4114,#4115,#4116,#4117,#4118,#4119,#4120,#4121,#4122,#4123,
#4124,#4125,#4126,#4127,#4128,#4129,#4130,#4131,#4132,#4133,#4134,#4135,
#4136,#4137,#4138,#4139,#4140,#4141,#4142,#4143,#4144,#4145,#4146,#4147,
#4148,#4149,#4150,#4151,#4152,#4153,#4154,#4155,#4156,#4157,#4158,#4159,
#4160,#4161,#4162,#4163,#4164,#4165,#4166,#4167,#4168,#4169,#4170,#4171,
#4172,#4173,#4174,#4175,#4176,#4177,#4178,#4179,#4180,#4181,#4182,#4183,
#4184,#4185,#4186,#4187,#4188,#4189,#4190,#4191,#4192,#4193,#4194,#4195,
#4196,#4197,#4198,#4199,#4200,#4201,#4202,#4203,#4204,#4205,#4206,#4207,
#4208,#4209,#4210,#4211,#4212,#4213,#4214,#4215,#4216,#4217,#4218,#4219,
#4220,#4221,#4222,#4223,#4224,#4225,#4226,#4227,#4228,#4229,#4230,#4231,
#4232,#4233,#4234,#4235,#4236,#4237,#4238,#4239,#4240,#4241,#4242,#4243,
#4244,#4245,#4246,#4247,#4248,#4249,#4250,#4251,#4252,#4253,#4254,#4255,
#4256,#4257,#4258,#4259,#4260,#4261,#4262,#4263,#4264,#4265,#4266,#4267,
#4268,#4269,#4270,#4271,#4272,#4273,#4274,#4275,#4276,#4277,#4278,#4279,
#4280,#4281,#4282,#4283,#4284,#4285,#4286,#4287,#4288,#4289,#4290,#4291,
#4292,#4293,#4294,#4295,#4296,#4297,#4298,#4299,#4300,#4301,#4302,#4303,
#4304,#4305,#4306,#4307,#4308,#4309,#4310,#4311,#4312,#4313,#4314,#4315,
#4316,#4317,#4318,#4319,#4320,#4321,#4322,#4323,#4324,#4325,#4326,#4327,
#4328,#4329,#4330,#4331,#4332,#4333,#4334,#4335,#4336,#4337,#4338,#4339,
#4340,#4341,#4342,#4343,#4344,#4345,#4346,#4347,#4348,#4349,#4350,#4351,
#4352,#4353,#4354,#4355,#4356,#4357,#4358,#4359,#4360,#4361,#4362,#4363,
#4364,#4365,#4366,#4367,#4368,#4369,#4370,#4371,#4372,#4373,#4374,#4375,
#4376,#4377,#4378,#4379,#4380,#4381,#4382,#4383,#4384,#4385,#4386,#4387,
#4388,#4389,#4390,#4391,#4392,#4393,#4394,#4395,#4396,#4397,#4398,#4399,
#4400,#4401,#4402,#4403,#4404,#4405,#4406,#4407,#4408,#4409,#4410,#4411,
#4412,#4413,#4414,#4415,#4416,#4417,#4418,#4419,#4420,#4421,#4422,#4423,
#4424,#4425,#4426,#4427,#4428,#4429,#4430,#4431,#4432,#4433,#4434,#4435,
#4436,#4437,#4438,#4439,#4440,#4441,#4442,#4443,#4444,#4445,#4446,#4447,
#4448,#4449,#4450,#4451,#4452,#4453,#4454,#4455,#4456,#4457,#4458,#4459,
#4460,#4461,#4462,#4463,#4464,#4465,#4466,#4467,#4468,#4469,#4470,#4471,
#4472,#4473,#4474,#4475,#4476,#4477,#4478,#4479,#4480,#4481,#4482,#4483,
#4484,#4485,#4486,#4487,#4488,#4489,#4490,#4491,#4492,#4493,#4494,#4495,
#4496,#4497,#4498,#4499,#4500,#4501,#4502,#4503,#4504,#4505,#4506,#4507,
#4508,#4509,#4510,#4511,#4512,#4513,#4514,#4515,#4516,#4517,#4518,#4519,
#4520,#4521,#4522,#4523,#4524,#4525,#4526,#4527,#4528,#4529,#4530,#4531,
#4532,#4533,#4534,#4535,#4536,#4537,#4538,#4539,#4540,#4541,#4542,#4543,
#4544,#4545,#4546,#4547,#4548,#4549,#4550,#4551,#4552,#4553,#4554,#4555,
#4556,#4557,#4558,#4559,#4560,#4561,#4562,#4563,#4564,#4565,#4566,#4567,
#4568,#4569,#4570,#4571),.UNSPECIFIED.,.T.,.F.,(4,1,1,1,1,1,1,1,1,1,1,1,
1,1,1,1,1,1,1,1,1,1,1,1,1,1,1,1,1,1,1,1,1,1,1,1,1,1,1,1,1,1,1,1,1,1,1,1,
1,1,1,1,1,1,1,1,1,1,1,1,1,1,1,1,1,1,1,1,1,1,1,1,1,1,1,1,1,1,1,1,1,1,1,1,
1,1,1,1,1,1,1,1,1,1,1,1,1,1,1,1,1,1,1,1,1,1,1,1,1,1,1,1,1,1,1,1,1,1,1,1,
1,1,1,1,1,1,1,1,1,1,1,1,1,1,1,1,1,1,1,1,1,1,1,1,1,1,1,1,1,1,1,1,1,1,1,1,
1,1,1,1,1,1,1,1,1,1,1,1,1,1,1,1,1,1,1,1,1,1,1,1,1,1,1,1,1,1,1,1,1,1,1,1,
1,1,1,1,1,1,1,1,1,1,1,1,1,1,1,1,1,1,1,1,1,1,1,1,1,1,1,1,1,1,1,1,1,1,1,1,
1,1,1,1,1,1,1,1,1,1,1,1,1,1,1,1,1,1,1,1,1,1,1,1,1,1,1,1,1,1,1,1,1,1,1,1,
1,1,1,1,1,1,1,1,1,1,1,1,1,1,1,1,1,1,1,1,1,1,1,1,1,1,1,1,1,1,1,1,1,1,1,1,
1,1,1,1,1,1,1,1,1,1,1,1,1,1,1,1,1,1,1,1,1,1,1,1,1,1,1,1,1,1,1,1,1,1,1,1,
1,1,1,1,1,1,1,1,1,1,1,1,1,1,1,1,1,1,1,1,1,1,1,1,1,1,1,1,1,1,1,1,1,1,1,1,
1,1,1,1,1,1,1,1,1,1,1,1,1,1,1,1,1,1,1,1,1,1,1,1,1,1,1,1,1,1,1,1,1,1,1,1,
1,1,1,1,1,1,1,1,1,1,1,1,1,1,1,1,1,1,1,1,1,1,1,1,1,1,1,1,1,1,1,1,1,1,1,1,
1,1,1,1,1,1,1,1,1,1,1,1,1,1,1,1,1,1,1,1,1,1,1,1,1,1,1,1,1,1,1,1,1,1,1,1,
1,1,1,1,1,1,1,1,1,1,1,1,1,1,1,1,1,1,1,1,1,1,1,1,1,1,1,1,1,1,1,1,1,1,1,1,
1,1,1,1,1,1,1,1,1,1,1,1,1,1,1,1,1,1,1,1,1,1,1,1,1,1,1,1,1,1,1,1,1,1,1,1,
1,1,1,1,1,1,1,1,1,1,1,1,1,1,1,1,1,1,1,1,1,1,1,1,1,1,1,1,1,1,1,1,1,1,1,1,
1,1,1,1,1,1,1,1,1,1,1,1,1,1,1,1,1,1,1,1,1,1,1,1,1,1,1,1,1,1,1,1,1,1,1,1,
1,1,1,1,1,1,1,1,1,1,1,1,1,1,1,1,1,1,1,1,1,1,1,1,1,1,1,1,1,1,1,1,1,1,1,1,
1,1,1,1,1,1,1,1,1,1,1,1,1,1,1,1,1,1,1,1,1,1,1,1,1,1,1,1,1,1,1,1,1,1,1,1,
1,1,1,1,1,1,1,1,1,1,1,1,1,1,1,1,1,1,1,1,1,1,1,1,1,1,1,1,1,1,1,1,1,1,1,1,
1,1,1,1,1,1,1,1,1,1,1,1,1,1,1,1,1,1,1,1,1,1,1,1,1,1,1,1,1,1,1,1,1,1,1,1,
1,1,1,1,1,1,1,1,1,1,1,1,1,1,1,1,1,1,1,1,1,1,1,1,1,1,1,1,1,1,1,1,1,1,1,1,
1,1,1,1,1,1,1,1,1,1,1,1,1,1,1,1,1,1,1,1,1,1,1,1,1,1,1,1,1,1,1,1,1,1,1,1,
1,1,1,1,1,1,1,1,1,1,1,1,1,1,1,1,1,1,1,1,1,1,1,1,1,1,1,1,1,1,1,1,1,1,1,1,
1,1,1,1,1,1,1,1,1,1,1,1,1,1,1,1,1,1,1,1,1,1,1,1,1,1,1,1,1,1,1,1,1,1,1,1,
1,1,1,1,1,1,1,4),(0.,0.00390625,0.0078125,0.01171875,0.015625,0.017578125,
0.01953125,0.021484375,0.0234375,0.0244140625,0.025390625,0.0263671875,
0.02734375,0.0283203125,0.02880859375,0.029296875,0.02978515625,0.0302734375,
0.03076171875,0.03125,0.03173828125,0.0322265625,0.03271484375,0.033203125,
0.0341796875,0.03515625,0.0361328125,0.037109375,0.0390625,0.041015625,
0.04296875,0.044921875,0.046875,0.048828125,0.05078125,0.052734375,0.0546875,
0.0556640625,0.056640625,0.0576171875,0.05859375,0.0595703125,0.06005859375,
0.060546875,0.06103515625,0.0615234375,0.06201171875,0.0625,0.06298828125,
0.0634765625,0.06396484375,0.064453125,0.0654296875,0.06640625,0.0673828125,
0.068359375,0.0703125,0.072265625,0.07421875,0.076171875,0.078125,0.080078125,
0.08203125,0.083984375,0.0859375,0.0869140625,0.087890625,0.0888671875,
0.08984375,0.0908203125,0.091796875,0.09228515625,0.0927734375,0.09326171875,
0.09375,0.09423828125,0.0947265625,0.09521484375,0.095703125,0.09619140625,
0.0966796875,0.09716796875,0.09765625,0.0986328125,0.099609375,0.1015625,
0.103515625,0.10546875,0.109375,0.111328125,0.11328125,0.115234375,0.1171875,
0.1181640625,0.119140625,0.1201171875,0.12109375,0.1220703125,0.123046875,
0.12353515625,0.1240234375,0.12451171875,0.125,0.12548828125,0.1259765625,
0.12646484375,0.126953125,0.12744140625,0.1279296875,0.12841796875,0.12890625,
0.1298828125,0.130859375,0.1318359375,0.1328125,0.134765625,0.13671875,
0.140625,0.142578125,0.14453125,0.146484375,0.1484375,0.1494140625,0.150390625,
0.1513671875,0.15234375,0.1533203125,0.154296875,0.15478515625,0.1552734375,
0.15576171875,0.15625,0.15673828125,0.1572265625,0.15771484375,0.158203125,
0.15869140625,0.1591796875,0.15966796875,0.16015625,0.1611328125,0.162109375,
0.1630859375,0.1640625,0.166015625,0.16796875,0.171875,0.173828125,0.17578125,
0.177734375,0.1796875,0.1806640625,0.181640625,0.1826171875,0.18359375,
0.1845703125,0.18505859375,0.185546875,0.18603515625,0.1865234375,0.18701171875,
0.1875,0.18798828125,0.1884765625,0.18896484375,0.189453125,0.18994140625,
0.1904296875,0.19091796875,0.19140625,0.1923828125,0.193359375,0.1953125,
0.197265625,0.19921875,0.201171875,0.203125,0.205078125,0.20703125,0.208984375,
0.2109375,0.2119140625,0.212890625,0.2138671875,0.21484375,0.2158203125,
0.21630859375,0.216796875,0.21728515625,0.2177734375,0.21826171875,0.21875,
0.21923828125,0.2197265625,0.22021484375,0.220703125,0.22119140625,0.2216796875,
0.22265625,0.2236328125,0.224609375,0.2265625,0.228515625,0.23046875,0.232421875,
0.234375,0.236328125,0.23828125,0.240234375,0.2421875,0.2431640625,0.244140625,
0.2451171875,0.24609375,0.24658203125,0.2470703125,0.24755859375,0.248046875,
0.24853515625,0.2490234375,0.24951171875,0.25,0.25048828125,0.2509765625,
0.25146484375,0.251953125,0.25244140625,0.2529296875,0.25390625,0.2548828125,
0.255859375,0.2568359375,0.2578125,0.259765625,0.26171875,0.263671875,0.265625,
0.267578125,0.26953125,0.271484375,0.2734375,0.2744140625,0.275390625,0.2763671875,
0.27734375,0.2783203125,0.279296875,0.2802734375,0.28076171875,0.28125,
0.28173828125,0.2822265625,0.28271484375,0.283203125,0.28369140625,0.2841796875,
0.28466796875,0.28515625,0.2861328125,0.287109375,0.2880859375,0.2890625,
0.291015625,0.29296875,0.294921875,0.296875,0.298828125,0.30078125,0.302734375,
0.3046875,0.306640625,0.3076171875,0.30859375,0.3095703125,0.31005859375,
0.310546875,0.31103515625,0.3115234375,0.31201171875,0.3125,0.31298828125,
0.3134765625,0.31396484375,0.314453125,0.31494140625,0.3154296875,0.31640625,
0.3173828125,0.318359375,0.3193359375,0.3203125,0.322265625,0.32421875,
0.326171875,0.328125,0.330078125,0.33203125,0.333984375,0.3359375,0.337890625,
0.33984375,0.34033203125,0.3408203125,0.34130859375,0.341796875,0.34228515625,
0.3427734375,0.34326171875,0.34375,0.34423828125,0.3447265625,0.34521484375,
0.345703125,0.34619140625,0.3466796875,0.34765625,0.3486328125,0.349609375,
0.3505859375,0.3515625,0.353515625,0.35546875,0.357421875,0.359375,0.361328125,
0.36328125,0.365234375,0.3671875,0.369140625,0.3701171875,0.37109375,0.3720703125,
0.373046875,0.37353515625,0.3740234375,0.37451171875,0.375,0.37548828125,
0.3759765625,0.37646484375,0.376953125,0.37744140625,0.3779296875,0.37890625,
0.3798828125,0.380859375,0.3818359375,0.3828125,0.384765625,0.38671875,
0.388671875,0.390625,0.392578125,0.39453125,0.396484375,0.3984375,0.400390625,
0.4013671875,0.40234375,0.4033203125,0.40380859375,0.404296875,0.40478515625,
0.4052734375,0.40576171875,0.40625,0.40673828125,0.4072265625,0.40771484375,
0.408203125,0.40869140625,0.4091796875,0.41015625,0.4111328125,0.412109375,
0.4130859375,0.4140625,0.416015625,0.41796875,0.419921875,0.421875,0.423828125,
0.42578125,0.427734375,0.4296875,0.431640625,0.4326171875,0.43359375,0.4345703125,
0.435546875,0.4365234375,0.43701171875,0.4375,0.43798828125,0.4384765625,
0.43896484375,0.439453125,0.43994140625,0.4404296875,0.44140625,0.4423828125,
0.443359375,0.4443359375,0.4453125,0.447265625,0.44921875,0.451171875,0.453125,
0.455078125,0.45703125,0.458984375,0.4609375,0.4619140625,0.462890625,0.4638671875,
0.46484375,0.4658203125,0.46630859375,0.466796875,0.46728515625,0.4677734375,
0.46826171875,0.46875,0.46923828125,0.4697265625,0.47021484375,0.470703125,
0.47119140625,0.4716796875,0.47265625,0.4736328125,0.474609375,0.4755859375,
0.4765625,0.478515625,0.48046875,0.482421875,0.484375,0.486328125,0.48828125,
0.490234375,0.4921875,0.4931640625,0.494140625,0.4951171875,0.49609375,
0.4970703125,0.49755859375,0.498046875,0.49853515625,0.4990234375,0.49951171875,
0.5,0.50048828125,0.5009765625,0.50146484375,0.501953125,0.5029296875,0.50390625,
0.5048828125,0.505859375,0.5068359375,0.5078125,0.509765625,0.51171875,
0.513671875,0.515625,0.517578125,0.51953125,0.521484375,0.5234375,0.5244140625,
0.525390625,0.5263671875,0.52734375,0.5283203125,0.52880859375,0.529296875,
0.52978515625,0.5302734375,0.53076171875,0.53125,0.53173828125,0.5322265625,
0.53271484375,0.533203125,0.53369140625,0.5341796875,0.53515625,0.5361328125,
0.537109375,0.5390625,0.541015625,0.54296875,0.544921875,0.546875,0.548828125,
0.55078125,0.552734375,0.5546875,0.5556640625,0.556640625,0.5576171875,
0.55859375,0.5595703125,0.56005859375,0.560546875,0.56103515625,0.5615234375,
0.56201171875,0.5625,0.56298828125,0.5634765625,0.56396484375,0.564453125,
0.56494140625,0.5654296875,0.56591796875,0.56640625,0.5673828125,0.568359375,
0.5703125,0.572265625,0.57421875,0.578125,0.580078125,0.58203125,0.583984375,
0.5859375,0.5869140625,0.587890625,0.5888671875,0.58984375,0.5908203125,
0.591796875,0.59228515625,0.5927734375,0.59326171875,0.59375,0.59423828125,
0.5947265625,0.59521484375,0.595703125,0.59619140625,0.5966796875,0.59716796875,
0.59765625,0.5986328125,0.599609375,0.6005859375,0.6015625,0.603515625,
0.60546875,0.609375,0.611328125,0.61328125,0.615234375,0.6171875,0.6181640625,
0.619140625,0.6201171875,0.62109375,0.6220703125,0.623046875,0.62353515625,
0.6240234375,0.62451171875,0.625,0.62548828125,0.6259765625,0.62646484375,
0.626953125,0.62744140625,0.6279296875,0.62841796875,0.62890625,0.6298828125,
0.630859375,0.6318359375,0.6328125,0.634765625,0.63671875,0.640625,0.642578125,
0.64453125,0.646484375,0.6484375,0.6494140625,0.650390625,0.6513671875,
0.65234375,0.6533203125,0.654296875,0.65478515625,0.6552734375,0.65576171875,
0.65625,0.65673828125,0.6572265625,0.65771484375,0.658203125,0.65869140625,
0.6591796875,0.65966796875,0.66015625,0.6611328125,0.662109375,0.6630859375,
0.6640625,0.666015625,0.66796875,0.671875,0.673828125,0.67578125,0.677734375,
0.6796875,0.6806640625,0.681640625,0.6826171875,0.68359375,0.6845703125,
0.68505859375,0.685546875,0.68603515625,0.6865234375,0.68701171875,0.6875,
0.68798828125,0.6884765625,0.68896484375,0.689453125,0.68994140625,0.6904296875,
0.69091796875,0.69140625,0.6923828125,0.693359375,0.6953125,0.697265625,
0.69921875,0.701171875,0.703125,0.705078125,0.70703125,0.708984375,0.7109375,
0.7119140625,0.712890625,0.7138671875,0.71484375,0.7158203125,0.71630859375,
0.716796875,0.71728515625,0.7177734375,0.71826171875,0.71875,0.71923828125,
0.7197265625,0.72021484375,0.720703125,0.72119140625,0.7216796875,0.72265625,
0.7236328125,0.724609375,0.7265625,0.728515625,0.73046875,0.732421875,0.734375,
0.736328125,0.73828125,0.740234375,0.7421875,0.7431640625,0.744140625,0.7451171875,
0.74609375,0.74658203125,0.7470703125,0.74755859375,0.748046875,0.74853515625,
0.7490234375,0.74951171875,0.75,0.75048828125,0.7509765625,0.75146484375,
0.751953125,0.75244140625,0.7529296875,0.75341796875,0.75390625,0.7548828125,
0.755859375,0.7568359375,0.7578125,0.759765625,0.76171875,0.763671875,0.765625,
0.767578125,0.76953125,0.771484375,0.7734375,0.775390625,0.7763671875,0.77734375,
0.7783203125,0.77880859375,0.779296875,0.77978515625,0.7802734375,0.78076171875,
0.78125,0.78173828125,0.7822265625,0.78271484375,0.783203125,0.78369140625,
0.7841796875,0.78515625,0.7861328125,0.787109375,0.7880859375,0.7890625,
0.791015625,0.79296875,0.794921875,0.796875,0.798828125,0.80078125,0.802734375,
0.8046875,0.806640625,0.8076171875,0.80859375,0.80908203125,0.8095703125,
0.81005859375,0.810546875,0.81103515625,0.8115234375,0.81201171875,0.8125,
0.81298828125,0.8134765625,0.81396484375,0.814453125,0.81494140625,0.8154296875,
0.81640625,0.8173828125,0.818359375,0.8193359375,0.8203125,0.822265625,
0.82421875,0.826171875,0.828125,0.83203125,0.833984375,0.8359375,0.8369140625,
0.837890625,0.8388671875,0.83984375,0.84033203125,0.8408203125,0.84130859375,
0.841796875,0.84228515625,0.8427734375,0.84326171875,0.84375,0.84423828125,
0.8447265625,0.84521484375,0.845703125,0.8466796875,0.84765625,0.8486328125,
0.849609375,0.8505859375,0.8515625,0.853515625,0.85546875,0.857421875,0.859375,
0.86328125,0.865234375,0.8671875,0.8681640625,0.869140625,0.8701171875,
0.87109375,0.87158203125,0.8720703125,0.87255859375,0.873046875,0.87353515625,
0.8740234375,0.87451171875,0.875,0.87548828125,0.8759765625,0.87646484375,
0.876953125,0.8779296875,0.87890625,0.8798828125,0.880859375,0.8818359375,
0.8828125,0.884765625,0.88671875,0.888671875,0.890625,0.89453125,0.896484375,
0.8984375,0.900390625,0.9013671875,0.90234375,0.90283203125,0.9033203125,
0.90380859375,0.904296875,0.90478515625,0.9052734375,0.90576171875,0.90625,
0.90673828125,0.9072265625,0.90771484375,0.908203125,0.90869140625,0.9091796875,
0.91015625,0.9111328125,0.912109375,0.9130859375,0.9140625,0.916015625,
0.91796875,0.919921875,0.921875,0.923828125,0.92578125,0.927734375,0.9296875,
0.931640625,0.9326171875,0.93359375,0.9345703125,0.935546875,0.93603515625,
0.9365234375,0.93701171875,0.9375,0.93798828125,0.9384765625,0.93896484375,
0.939453125,0.93994140625,0.9404296875,0.94140625,0.9423828125,0.943359375,
0.9443359375,0.9453125,0.947265625,0.94921875,0.951171875,0.953125,0.955078125,
0.95703125,0.958984375,0.9609375,0.962890625,0.9638671875,0.96484375,0.9658203125,
0.966796875,0.9677734375,0.96826171875,0.96875,0.96923828125,0.9697265625,
0.97021484375,0.970703125,0.97119140625,0.9716796875,0.97265625,0.9736328125,
0.974609375,0.9755859375,0.9765625,0.978515625,0.98046875,0.982421875,0.984375,
0.986328125,0.98828125,0.990234375,0.9921875,0.9931640625,0.994140625,0.9951171875,
0.99609375,0.99658203125,0.9970703125,0.99755859375,0.998046875,0.99853515625,
0.9990234375,0.99951171875,1.),.UNSPECIFIED.);
#81=EDGE_LOOP('',(#13,#14,#15,#16));
#82=EDGE_LOOP('',(#17,#18,#19,#20));
#83=EDGE_LOOP('',(#21));
#84=EDGE_LOOP('',(#22,#23,#24));
#85=EDGE_LOOP('',(#25,#26,#27));
#86=EDGE_LOOP('',(#28));
#87=EDGE_LOOP('',(#29));
#88=FACE_BOUND('',#81,.T.);
#89=FACE_BOUND('',#82,.T.);
#90=FACE_BOUND('',#83,.T.);
#91=FACE_BOUND('',#84,.T.);
#92=FACE_BOUND('',#85,.T.);
#93=FACE_BOUND('',#86,.T.);
#94=FACE_BOUND('',#87,.T.);
#95=PLANE('',#301);
#96=PLANE('',#303);
#97=PLANE('',#305);
#98=PLANE('',#306);
#99=PLANE('',#307);
#100=PLANE('',#308);
#101=PLANE('',#309);
#102=ADVANCED_FACE('',(#88),#95,.F.);
#103=ADVANCED_FACE('',(#89),#96,.T.);
#104=ADVANCED_FACE('',(#90),#97,.T.);
#105=ADVANCED_FACE('',(#91),#98,.T.);
#106=ADVANCED_FACE('',(#92),#99,.T.);
#107=ADVANCED_FACE('',(#93),#100,.T.);
#108=ADVANCED_FACE('',(#94),#101,.T.);
#109=OPEN_SHELL('',(#102));
#110=OPEN_SHELL('',(#103));
#111=OPEN_SHELL('',(#104));
#112=OPEN_SHELL('',(#105));
#113=OPEN_SHELL('',(#106));
#114=OPEN_SHELL('',(#107));
#115=OPEN_SHELL('',(#108));
#116=SHELL_BASED_SURFACE_MODEL('cherry_ref',(#109));
#117=SHELL_BASED_SURFACE_MODEL('cherry_ref',(#110));
#118=SHELL_BASED_SURFACE_MODEL('cherry mx reference',(#111));
#119=SHELL_BASED_SURFACE_MODEL('',(#112));
#120=SHELL_BASED_SURFACE_MODEL('',(#113));
#121=SHELL_BASED_SURFACE_MODEL('',(#114));
#122=SHELL_BASED_SURFACE_MODEL('',(#115));
#123=SHAPE_REPRESENTATION_RELATIONSHIP('','',#287,#129);
#124=SHAPE_REPRESENTATION_RELATIONSHIP('','',#287,#10);
#125=SHAPE_REPRESENTATION_RELATIONSHIP('','',#290,#130);
#126=SHAPE_REPRESENTATION_RELATIONSHIP('','',#290,#11);
#127=SHAPE_REPRESENTATION_RELATIONSHIP('','',#293,#131);
#128=SHAPE_REPRESENTATION_RELATIONSHIP('','',#293,#12);
#129=TESSELLATED_SHAPE_REPRESENTATION('',(#271),#4576);
#130=TESSELLATED_SHAPE_REPRESENTATION('',(#272),#4577);
#131=TESSELLATED_SHAPE_REPRESENTATION('',(#273),#4578);
#132=PROPERTY_DEFINITION_REPRESENTATION(#162,#142);
#133=PROPERTY_DEFINITION_REPRESENTATION(#163,#143);
#134=PROPERTY_DEFINITION_REPRESENTATION(#164,#144);
#135=PROPERTY_DEFINITION_REPRESENTATION(#165,#145);
#136=PROPERTY_DEFINITION_REPRESENTATION(#166,#146);
#137=PROPERTY_DEFINITION_REPRESENTATION(#167,#147);
#138=PROPERTY_DEFINITION_REPRESENTATION(#168,#148);
#139=PROPERTY_DEFINITION_REPRESENTATION(#169,#149);
#140=PROPERTY_DEFINITION_REPRESENTATION(#170,#150);
#141=PROPERTY_DEFINITION_REPRESENTATION(#171,#151);
#142=REPRESENTATION('HYBRID_SOURCE_ID',(#152),$);
#143=REPRESENTATION('HYBRID_SOURCE_ID',(#153),$);
#144=REPRESENTATION('HYBRID_SOURCE_ID',(#154),$);
#145=REPRESENTATION('HYBRID_SOURCE_ID',(#155),$);
#146=REPRESENTATION('HYBRID_SOURCE_ID',(#156),$);
#147=REPRESENTATION('HYBRID_SOURCE_ID',(#157),$);
#148=REPRESENTATION('HYBRID_SOURCE_ID',(#158),$);
#149=REPRESENTATION('HYBRID_SOURCE_ID',(#159),$);
#150=REPRESENTATION('HYBRID_SOURCE_ID',(#160),$);
#151=REPRESENTATION('HYBRID_SOURCE_ID',(#161),$);
#152=DESCRIPTIVE_REPRESENTATION_ITEM('373','373');
#153=DESCRIPTIVE_REPRESENTATION_ITEM('373','373');
#154=DESCRIPTIVE_REPRESENTATION_ITEM('374','374');
#155=DESCRIPTIVE_REPRESENTATION_ITEM('374','374');
#156=DESCRIPTIVE_REPRESENTATION_ITEM('375','375');
#157=DESCRIPTIVE_REPRESENTATION_ITEM('375','375');
#158=DESCRIPTIVE_REPRESENTATION_ITEM('375','375');
#159=DESCRIPTIVE_REPRESENTATION_ITEM('375','375');
#160=DESCRIPTIVE_REPRESENTATION_ITEM('375','375');
#161=DESCRIPTIVE_REPRESENTATION_ITEM('375','375');
#162=PROPERTY_DEFINITION('HYBRID_SOURCE_ID','HYBRID_SOURCE_ID',$);
#163=PROPERTY_DEFINITION('HYBRID_SOURCE_ID','HYBRID_SOURCE_ID',$);
#164=PROPERTY_DEFINITION('HYBRID_SOURCE_ID','HYBRID_SOURCE_ID',$);
#165=PROPERTY_DEFINITION('HYBRID_SOURCE_ID','HYBRID_SOURCE_ID',$);
#166=PROPERTY_DEFINITION('HYBRID_SOURCE_ID','HYBRID_SOURCE_ID',$);
#167=PROPERTY_DEFINITION('HYBRID_SOURCE_ID','HYBRID_SOURCE_ID',$);
#168=PROPERTY_DEFINITION('HYBRID_SOURCE_ID','HYBRID_SOURCE_ID',$);
#169=PROPERTY_DEFINITION('HYBRID_SOURCE_ID','HYBRID_SOURCE_ID',$);
#170=PROPERTY_DEFINITION('HYBRID_SOURCE_ID','HYBRID_SOURCE_ID',$);
#171=PROPERTY_DEFINITION('HYBRID_SOURCE_ID','HYBRID_SOURCE_ID',$);
#172=STYLED_ITEM('',(#185),#265);
#173=STYLED_ITEM('',(#186),#271);
#174=STYLED_ITEM('',(#187),#116);
#175=STYLED_ITEM('',(#188),#266);
#176=STYLED_ITEM('',(#189),#272);
#177=STYLED_ITEM('',(#190),#117);
#178=STYLED_ITEM('',(#191),#267);
#179=STYLED_ITEM('',(#192),#273);
#180=STYLED_ITEM('',(#193),#118);
#181=STYLED_ITEM('',(#194),#119);
#182=STYLED_ITEM('',(#195),#120);
#183=STYLED_ITEM('',(#196),#121);
#184=STYLED_ITEM('',(#197),#122);
#185=PRESENTATION_STYLE_ASSIGNMENT((#198));
#186=PRESENTATION_STYLE_ASSIGNMENT((#199));
#187=PRESENTATION_STYLE_ASSIGNMENT((#200));
#188=PRESENTATION_STYLE_ASSIGNMENT((#201));
#189=PRESENTATION_STYLE_ASSIGNMENT((#202));
#190=PRESENTATION_STYLE_ASSIGNMENT((#203));
#191=PRESENTATION_STYLE_ASSIGNMENT((#204));
#192=PRESENTATION_STYLE_ASSIGNMENT((#205));
#193=PRESENTATION_STYLE_ASSIGNMENT((#206));
#194=PRESENTATION_STYLE_ASSIGNMENT((#207));
#195=PRESENTATION_STYLE_ASSIGNMENT((#208));
#196=PRESENTATION_STYLE_ASSIGNMENT((#209));
#197=PRESENTATION_STYLE_ASSIGNMENT((#210));
#198=SURFACE_STYLE_USAGE(.BOTH.,#211);
#199=SURFACE_STYLE_USAGE(.BOTH.,#212);
#200=SURFACE_STYLE_USAGE(.BOTH.,#213);
#201=SURFACE_STYLE_USAGE(.BOTH.,#214);
#202=SURFACE_STYLE_USAGE(.BOTH.,#215);
#203=SURFACE_STYLE_USAGE(.BOTH.,#216);
#204=SURFACE_STYLE_USAGE(.BOTH.,#217);
#205=SURFACE_STYLE_USAGE(.BOTH.,#218);
#206=SURFACE_STYLE_USAGE(.BOTH.,#219);
#207=SURFACE_STYLE_USAGE(.BOTH.,#220);
#208=SURFACE_STYLE_USAGE(.BOTH.,#221);
#209=SURFACE_STYLE_USAGE(.BOTH.,#222);
#210=SURFACE_STYLE_USAGE(.BOTH.,#223);
#211=SURFACE_SIDE_STYLE('',(#224));
#212=SURFACE_SIDE_STYLE('',(#225));
#213=SURFACE_SIDE_STYLE('',(#226));
#214=SURFACE_SIDE_STYLE('',(#227));
#215=SURFACE_SIDE_STYLE('',(#228));
#216=SURFACE_SIDE_STYLE('',(#229));
#217=SURFACE_SIDE_STYLE('',(#230));
#218=SURFACE_SIDE_STYLE('',(#231));
#219=SURFACE_SIDE_STYLE('',(#232));
#220=SURFACE_SIDE_STYLE('',(#233));
#221=SURFACE_SIDE_STYLE('',(#234));
#222=SURFACE_SIDE_STYLE('',(#235));
#223=SURFACE_SIDE_STYLE('',(#236));
#224=SURFACE_STYLE_FILL_AREA(#237);
#225=SURFACE_STYLE_FILL_AREA(#238);
#226=SURFACE_STYLE_FILL_AREA(#239);
#227=SURFACE_STYLE_FILL_AREA(#240);
#228=SURFACE_STYLE_FILL_AREA(#241);
#229=SURFACE_STYLE_FILL_AREA(#242);
#230=SURFACE_STYLE_FILL_AREA(#243);
#231=SURFACE_STYLE_FILL_AREA(#244);
#232=SURFACE_STYLE_FILL_AREA(#245);
#233=SURFACE_STYLE_FILL_AREA(#246);
#234=SURFACE_STYLE_FILL_AREA(#247);
#235=SURFACE_STYLE_FILL_AREA(#248);
#236=SURFACE_STYLE_FILL_AREA(#249);
#237=FILL_AREA_STYLE('',(#250));
#238=FILL_AREA_STYLE('',(#251));
#239=FILL_AREA_STYLE('',(#252));
#240=FILL_AREA_STYLE('',(#253));
#241=FILL_AREA_STYLE('',(#254));
#242=FILL_AREA_STYLE('',(#255));
#243=FILL_AREA_STYLE('',(#256));
#244=FILL_AREA_STYLE('',(#257));
#245=FILL_AREA_STYLE('',(#258));
#246=FILL_AREA_STYLE('',(#259));
#247=FILL_AREA_STYLE('',(#260));
#248=FILL_AREA_STYLE('',(#261));
#249=FILL_AREA_STYLE('',(#262));
#250=FILL_AREA_STYLE_COLOUR('',#263);
#251=FILL_AREA_STYLE_COLOUR('',#263);
#252=FILL_AREA_STYLE_COLOUR('',#263);
#253=FILL_AREA_STYLE_COLOUR('',#264);
#254=FILL_AREA_STYLE_COLOUR('',#264);
#255=FILL_AREA_STYLE_COLOUR('',#264);
#256=FILL_AREA_STYLE_COLOUR('',#263);
#257=FILL_AREA_STYLE_COLOUR('',#263);
#258=FILL_AREA_STYLE_COLOUR('',#263);
#259=FILL_AREA_STYLE_COLOUR('',#263);
#260=FILL_AREA_STYLE_COLOUR('',#263);
#261=FILL_AREA_STYLE_COLOUR('',#263);
#262=FILL_AREA_STYLE_COLOUR('',#263);
#263=COLOUR_RGB('',0.349019607843138,0.376470588235294,0.4);
#264=COLOUR_RGB('',0.866666666666667,0.32156862745098,0.156862745098039);
#265=COMPLEX_TRIANGULATED_FACE('ConvergentBody',#268,661,((0.,-0.819152386224865,
0.573575948015701),(0.,0.,1.),(-0.54130177593841,0.840827811341643,-0.000989464676607465),
(0.,-0.819151740331302,0.573576870447367),(-0.398641693761488,0.916737069464926,
0.0260373858870593),(0.,-0.819152049748446,0.573576428554137),(-1.,0.,0.),
(0.,0.,1.),(0.,0.,1.),(-0.512488139933166,0.858548947495253,0.0157990880318404),
(0.,0.,1.),(-0.702850389786322,0.711336619678249,-0.00124220849183431),
(0.,-0.819152228209909,0.573576173684661),(-0.2686980575482,0.963224413730549,
-0.000287512198569691),(-0.268062566009869,0.962732906258073,0.0358860963618035),
(0.,0.,1.),(0.,-0.881990567204122,0.471267057370819),(0.,-0.819152042150529,
0.573576439405088),(0.,0.,1.),(1.,0.,0.),(1.,0.,0.),(0.,-0.819152037537308,
0.57357644599345),(0.,0.,1.),(0.,0.,1.),(0.,-0.819152037306853,0.573576446322573),
(-1.,0.,0.),(-1.,0.,0.),(0.,-1.,0.),(0.,0.,1.),(0.,0.,1.),(-0.999957482871686,
0.00902210258249547,-0.00190633520462226),(0.,0.,1.),(-0.963818628101881,
0.266553563543244,-0.00168816059821463),(0.,0.,1.),(-0.862498632231072,
0.506057267496405,-0.00146676978500592),(0.,-0.819151653770142,0.573576994069353),
(-0.136356683983887,0.983845474616372,0.115995417193112),(0.,-0.819151966814874,
0.573576546995537),(0.,1.,0.),(0.,-0.881990562550961,0.471267066079351),
(0.,-0.932114376161983,0.36216403707734),(-0.907755933138619,0.,0.41949870780687),
(-1.,0.,0.),(0.,-1.,0.),(0.,-0.881990552808964,0.471267084311792),(0.,-0.819152061426879,
0.573576411875606),(0.90775592616423,0.,0.419498722898796),(0.,0.,1.),(0.,
-0.93211437539772,0.36216403904435),(0.,-1.,0.),(1.,0.,0.),(0.907755933294659,
0.,0.419498707469215),(0.,0.999197996741113,0.0400420192865714),(0.,0.,
1.),(0.,-0.819151653770142,0.573576994069353),(0.136356683983887,0.983845474616372,
0.115995417193112),(0.,-0.819152228209909,0.573576173684661),(0.2686980575482,
0.963224413730549,-0.000287512198569535),(0.,-0.819152046118901,0.573576433737665),
(0.,0.,1.),(1.,0.,0.),(0.,-0.819152026383195,0.573576461923172),(-1.,0.,
0.),(0.,0.,1.),(0.,0.,1.),(0.,-0.819152050284968,0.573576427787904),(-0.90775592388696,
0.,0.419498727826595),(0.,-0.895334019617112,0.445395322512782),(-0.907755932017708,
0.,0.419498710232418),(0.268062566009869,0.962732906258073,0.0358860963618035),
(0.,0.,1.),(0.,-0.819151740331302,0.573576870447367),(0.398641693761488,
0.916737069464926,0.0260373858870593),(0.,-0.819152386224865,0.573575948015701),
(0.54130177593841,0.840827811341643,-0.000989464676607709),(0.,0.,1.),(0.,
0.,1.),(0.702850389786322,0.711336619678249,-0.00124220849183438),(0.,-0.819152044427094,
0.573576436153816),(1.,0.,0.),(0.,0.,1.),(0.,-0.819152037155537,0.573576446538674),
(-0.999999999999999,0.,0.),(0.,1.,0.),(1.,0.,0.),(0.,0.,1.),(0.,-1.,0.),
(0.,0.,1.),(0.862498632231072,0.506057267496405,-0.00146676978500592),(0.,
0.,1.),(0.963818628101881,0.266553563543244,-0.00168816059821463),(0.,0.,
1.),(0.999957482871686,0.00902210258249526,-0.00190633520462158),(0.512488139933166,
0.858548947495253,0.0157990880318403),(0.,0.,1.),(0.,0.,1.),(0.,-0.819152046200842,
0.57357643362064),(-0.999999999999991,0.,0.),(0.,0.,1.),(1.,0.,0.),(0.,
-1.,0.),(0.,-0.819152035595196,0.573576448767073),(0.,1.,0.),(-1.,0.,0.),
(-1.,0.,0.),(0.,-1.,0.),(0.,0.,1.),(0.,0.,1.),(0.,1.,0.),(-1.,0.,0.),(-1.,
0.,0.),(0.,0.,1.),(0.,1.,0.),(0.,0.,1.),(0.,1.,0.),(1.,0.,0.),(-0.907755929685626,
0.,0.419498715278824),(0.,0.,1.),(0.,-1.,0.),(-0.999999999999972,0.,0.),
(0.,0.,1.),(-0.914917801570163,0.,0.40364020658257),(0.,-1.,0.),(0.,-0.895334025904023,
0.445395309874829),(0.90775593259634,0.,0.419498708980313),(0.,0.,1.),(-1.,
0.,0.),(0.,1.,0.),(0.907755931661989,0.,0.419498711002161),(0.,-1.,0.),
(0.,0.,1.),(0.,0.,1.),(1.,0.,0.),(0.,-1.,0.),(0.,0.,1.),(0.,1.,0.),(1.,
0.,0.),(0.,0.,1.),(0.,-1.,0.),(-1.,0.,0.),(1.,0.,0.),(0.,-1.,0.),(0.,0.,
1.),(0.,0.,1.),(-0.96575350468708,-0.259450387374336,0.0023800579675451),
(0.,0.,1.),(0.96575350468708,-0.259450387374336,0.00238005796754512),(0.,
0.,1.),(-0.999997490586076,-0.000580885372235188,0.00216365286833002),(0.,
0.,1.),(0.865658941719828,-0.500627477112291,0.00259341101443268),(-0.968470145159582,
-0.249120607573885,-0.00212151280855909),(0.,0.,1.),(0.,0.,1.),(-0.865658941719828,
-0.500627477112291,0.00259341101443277),(-0.87148513116887,-0.490416374345281,
-0.00233365070362716),(0.,0.,1.),(0.,0.,1.),(0.999997490586076,-0.00058088537223538,
0.00216365286833069),(0.968470145159582,-0.249120607573885,-0.00212151280855887),
(0.,0.,1.),(0.,0.,1.),(0.87148513116887,-0.490416374345281,-0.00233365070362718),
(0.,0.,1.),(-0.966054812854374,0.258329865404926,0.00194401665946521),(0.,
0.,1.),(0.966054812854374,0.258329865404926,0.00194401665946541),(0.,0.,
1.),(-0.866238819593677,0.499627205509329,0.00172132039205885),(0.,0.,1.),
(0.866238819593677,0.499627205509329,0.00172132039205885),(0.,0.,1.),(-0.707354576055246,
0.70685731762538,0.00149541069783505),(0.,0.,1.),(0.707354576055246,0.70685731762538,
0.00149541069783505),(0.,0.,1.),(0.706539839591029,-0.707667714389288,0.00280376206642183),
(0.715560525027944,-0.698546111443606,-0.00254267747685812),(0.,0.,1.),
(0.,0.,1.),(-0.706539839591029,-0.707667714389288,0.00280376206642207),
(-0.715560525027944,-0.698546111443606,-0.00254267747685789),(0.,0.,1.),
(0.,0.,1.),(0.498882274161891,-0.866658921328144,0.00433481365198974),(0.543298498850318,
-0.839539556944638,0.000271057543661643),(0.,-1.,0.),(0.,0.,1.),(0.,0.,
1.),(-0.498882274161891,-0.866658921328144,0.00433481365198974),(-0.543298498850318,
-0.839539556944638,0.000271057543661681),(0.,0.,1.),(0.,-1.,0.),(0.,0.,
1.),(0.259102116680463,-0.965845825333276,0.00281688089679111),(0.316237295559074,
-0.948679499475558,-0.00108635734833404),(0.,0.,1.),(0.,0.,1.),(0.415720445137181,
-0.909492313433625,-0.000493254596590192),(0.,-1.,0.),(0.,0.,1.),(-0.259102116680463,
-0.965845825333276,0.00281688089679111),(-0.316237295559074,-0.948679499475558,
-0.00108635734833404),(0.,0.,1.),(-0.415720445137181,-0.909492313433625,
-0.000493254596590192),(0.,-1.,0.),(0.,0.,1.),(0.,0.,1.),(0.,-0.999994668836908,
0.0032653174061032),(0.107048507744779,-0.994251894991112,-0.0019458407432251),
(0.,0.,1.),(0.,0.,1.),(-0.107048507744779,-0.994251894991112,-0.00194584074322511),
(0.,0.,1.),(-1.,0.,0.),(0.,-1.,0.),(0.,-1.,0.),(0.,0.,1.),(1.,0.,0.),(0.,
0.,1.),(0.,1.,0.),(-1.,0.,0.),(-1.,0.,0.),(0.,-1.,0.),(0.,0.,1.),(0.,0.,
1.),(1.,0.,0.),(0.,1.,0.),(1.,0.,0.),(0.,-1.,0.),(0.,0.,1.),(0.,0.,1.),
(0.,1.,0.),(-1.,0.,0.),(0.,1.,0.),(1.,0.,0.),(0.,0.,1.),(0.907755936574708,
0.,0.419498700371498),(1.,0.,0.),(0.,0.945410454921749,0.325881990488355),
(1.,0.,0.),(0.,0.054909067569459,0.99849135915072),(0.,0.,1.),(1.,0.,0.),
(0.,1.,0.),(0.,1.,0.),(0.,0.,1.),(-1.,0.,0.),(0.,0.,1.),(0.,-1.,0.),(1.,
0.,0.),(0.,-1.,0.),(1.,0.,0.),(0.,0.,1.),(0.,0.,1.),(-1.,0.,0.),(0.,-1.,
0.),(-1.,0.,0.),(0.,-1.,0.),(0.,0.,1.),(0.,0.,1.),(1.,0.,0.),(0.,1.,0.),
(0.,0.,1.),(0.,-1.,0.),(1.,0.,0.),(0.,-1.,0.),(-1.,0.,0.),(0.,0.,1.),(0.,
0.,1.),(0.,-1.,0.),(1.,0.,0.),(1.,0.,0.),(0.,0.,1.),(0.,1.,0.),(0.,0.,1.),
(0.,1.,0.),(-1.,0.,0.),(0.,0.,1.),(0.,-1.,0.),(1.,0.,0.),(1.,0.,0.),(0.,
1.,0.),(0.,0.,1.),(0.,0.,1.),(-1.,0.,0.),(0.,-1.,0.),(-1.,0.,0.),(0.,-1.,
0.),(0.,0.,1.),(-0.999999999999996,0.,0.),(0.,0.945410454921749,0.325881990488355),
(0.,1.,0.),(-0.907755963128072,0.,0.419498642912495),(0.,0.,1.),(-0.999999999999996,
0.,0.),(-0.999999999999852,0.,0.),(0.,0.0549090979473069,0.99849135748018),
(0.,-1.,0.),(0.,0.,1.),(1.,0.,0.),(0.,0.,1.),(0.,1.,0.),(0.907755930136845,
0.,0.41949871430243),(0.,0.,1.),(0.907755925301501,0.,0.41949872476566),
(0.,0.96126169523903,0.275637358255708),(0.907755890669643,0.,0.419498799705566),
(1.,0.,0.),(0.,1.,0.),(0.,0.362164424111198,-0.932114225783624),(0.,0.,
1.),(0.,0.961261694243506,0.275637361727512),(1.,0.,0.),(0.,0.96126169523903,
0.275637358255708),(0.90775585530158,0.,0.419498876238181),(0.,0.362164424111198,
-0.932114225783624),(0.,0.961261694314125,0.275637361481236),(0.,0.,1.),
(-1.,0.,0.),(0.,0.362164424111198,-0.932114225783624),(0.,1.,0.),(-1.,0.,
0.),(-0.916355654189953,-0.0805367370668226,0.39218127060931),(0.,0.961261688495861,
0.275637381771926),(0.,0.362164424111198,-0.932114225783624),(-0.918417166949415,
-0.14327707409515,0.368756813484636),(1.,0.,0.),(0.,-1.,0.),(0.,0.,-1.),
(0.,1.,0.),(1.,0.,0.),(0.,0.,-1.),(0.,-1.,0.),(-1.,0.,0.),(0.,0.,-1.),(0.907755936400044,
0.,0.419498700749453),(0.,0.,1.),(0.,-1.,0.),(0.,0.,1.),(0.,-1.,0.),(1.,
0.,0.),(0.,0.,1.),(0.,1.,0.),(1.,0.,0.),(0.,0.,1.),(-1.,0.,0.),(0.,-1.,
0.),(-1.,0.,0.),(0.,-1.,0.),(-0.914917801570163,0.,0.40364020658257),(0.,
-1.,0.),(-1.,0.,0.),(-0.912561213997966,0.,0.408940130956303),(-0.907755933410833,
0.,0.419498707217826),(0.,1.,0.),(0.,0.,1.),(0.,0.,1.),(0.,0.961261701964787,
0.275637334800208),(-0.907755945813924,0.,0.419498680378697),(0.,0.961261791841353,
0.275637021361741),(0.419497337166324,0.,0.907756566547642),(-0.907755945813924,
0.,0.419498680378697),(-0.91152304102904,-0.0282057269575947,0.410280614506662),
(0.419497337166324,0.,0.907756566547642),(0.,0.882323503878988,0.470643426069785),
(1.,0.,0.),(-0.999999999999921,0.,0.),(0.,0.882323503878988,0.470643426069785),
(2.74571738577723E-6,0.961262031545041,0.275636185400903),(-0.918417161708709,
-0.143277126341737,0.368756806237083),(0.419497337166324,0.,0.907756566547642),
(0.,0.,1.),(-1.,0.,0.),(0.,1.,0.),(0.,0.,1.),(0.,-1.,0.),(-1.,0.,0.),(-0.999999999985295,
-2.30740129459244E-6,-4.90765638252462E-6),(0.,0.217983157771485,0.975952531083337),
(-0.999999999998786,-1.02881413912507E-6,-1.17009543692459E-6),(0.,0.610741642872328,
0.791829934810253),(0.,0.217983095263309,0.975952545044802),(1.,0.,0.),
(-0.999999999999736,0.,0.),(0.,0.764334844094563,0.644819545379124),(-1.,
0.,0.),(0.,0.425482367148282,0.904966714993372),(0.,0.425482367148282,0.904966714993372),
(1.,0.,0.),(1.,0.,0.),(0.,0.764334844094563,0.644819545379124),(0.,0.610741642872328,
0.791829934810253),(1.,0.,0.),(0.,0.,-1.),(0.,0.,-1.),(-1.,0.,0.),(0.,1.,
0.),(0.,0.,-1.),(0.,0.,1.),(0.,-1.,0.),(0.,-1.,0.),(0.,-0.866025441983348,
0.499999933837543),(1.,0.,0.),(0.,1.,0.),(0.,0.86602538617118,0.500000030507058),
(0.866025386874583,0.,0.500000029288729),(1.,0.,0.),(0.86602544198336,0.,
0.499999933837521),(0.,-0.866025441983348,0.499999933837543),(0.,-1.,0.),
(0.,-1.,0.),(-1.,0.,0.),(0.,-0.866025386710791,0.500000029572424),(-0.866025386171248,
0.,0.500000030506939),(0.,1.,0.),(-1.,0.,0.),(-0.866025386171248,0.,0.500000030506939),
(0.,0.86602538617118,0.500000030507058),(0.866025414631324,0.,0.499999981212642),
(0.,-0.866025414631936,0.499999981211583),(0.,0.86602538617118,0.500000030507058),
(-0.866025386171248,0.,0.500000030506939),(0.,-0.866025385050325,0.500000032448435),
(0.866025384710176,0.,0.500000033037591),(0.,-0.866025385425323,0.500000031798919),
(-0.866025386171248,0.,0.500000030506939),(0.,0.86602538617118,0.500000030507058),
(0.866025385199441,0.,0.500000032190158),(-0.866025386171248,0.,0.500000030506939),
(0.,0.86602538617118,0.500000030507058),(0.866025365187112,0.,0.500000066852525),
(0.866025364780382,0.,0.500000067557002),(0.866025365593843,0.,0.500000066148047),
(0.866025366000573,0.,0.500000065443569),(0.866025366407304,0.,0.500000064739091),
(0.866025366814034,0.,0.500000064034614),(0.866025367220765,0.,0.500000063330136),
(0.866025367627495,0.,0.500000062625658),(0.866025368034226,0.,0.50000006192118),
(0.866025368440956,0.,0.500000061216703),(0.866025368847687,0.,0.500000060512225),
(0.866025369254417,0.,0.500000059807747),(0.866025369661148,0.,0.500000059103269),
(0.866025370067878,0.,0.500000058398791),(0.866025370474609,0.,0.500000057694314),
(0.866025370881339,0.,0.500000056989836),(0.866025371288069,0.,0.500000056285358),
(0.8660253716948,0.,0.50000005558088),(0.866025372101531,0.,0.500000054876403),
(0.866025372508261,0.,0.500000054171925),(0.866025372914991,0.,0.500000053467447),
(0.866025373321722,0.,0.50000005276297),(0.866025373728452,0.,0.500000052058492),
(0.866025374135183,0.,0.500000051354014),(0.866025374541913,0.,0.500000050649536),
(0.866025374948644,0.,0.500000049945059),(0.866025375762105,0.,0.500000048536103),
(0.866025375355374,0.,0.500000049240581),(0.866025376575566,0.,0.500000047127147),
(0.866025376168835,0.,0.500000047831625),(0.866025377389027,0.,0.500000045718192),
(0.866025376982296,0.,0.500000046422669),(0.866025378202488,0.,0.500000044309236),
(0.866025377795757,0.,0.500000045013714),(0.866025379015949,0.,0.50000004290028),
(0.866025378609218,0.,0.500000043604758),(0.86602537982941,0.,0.500000041491325),
(0.866025379422679,0.,0.500000042195803),(0.866025380642871,0.,0.500000040082369),
(0.86602538023614,0.,0.500000040786847),(0.866025381049601,0.,0.500000039377892),
(0.866025381863062,0.,0.500000037968936),(0.866025381456332,0.,0.500000038673414),
(0.866025382269793,0.,0.500000037264458),(0.866025383083254,0.,0.500000035855502),
(0.866025382676523,0.,0.50000003655998),(0.866025383489984,0.,0.500000035151025),
(0.866025384303445,0.,0.500000033742069),(0.866025383896715,0.,0.500000034446547),
(0.866025364373651,0.,0.50000006826148),(0.,-0.866025364373656,0.500000068261472),
(0.,-0.866025384423759,0.500000033533679),(0.,-0.866025384737042,0.500000032991057),
(0.,-0.866025384110476,0.500000034076301),(0.,-0.866025383797194,0.500000034618923),
(0.,-0.866025383483911,0.500000035161544),(0.,-0.866025383170628,0.500000035704166),
(0.,-0.866025382857345,0.500000036246788),(0.,-0.866025382544062,0.50000003678941),
(0.,-0.866025381290931,0.500000038959897),(0.,-0.866025381604213,0.500000038417275),
(0.,-0.866025382230779,0.500000037332031),(0.,-0.866025380977648,0.500000039502519),
(0.,-0.866025380037799,0.500000041130384),(0.,-0.866025380351082,0.500000040587762),
(0.,-0.866025381917496,0.500000037874653),(0.,-0.866025380664365,0.50000004004514),
(0.,-0.866025379724516,0.500000041673006),(0.,-0.866025379411233,0.500000042215628),
(0.,-0.866025378784668,0.500000043300871),(0.,-0.86602537909795,0.500000042758249),
(0.,-0.866025378471385,0.500000043843493),(0.,-0.866025377844819,0.500000044928736),
(0.,-0.866025378158102,0.500000044386115),(0.,-0.866025377531536,0.500000045471358),
(0.,-0.86602537690497,0.500000046556602),(0.,-0.866025377218253,0.50000004601398),
(0.,-0.866025376591688,0.500000047099224),(0.,-0.866025375965122,0.500000048184467),
(0.,-0.866025376278405,0.500000047641845),(0.,-0.866025375338556,0.500000049269711),
(0.,-0.866025375651839,0.500000048727089),(0.,-0.86602537471199,0.500000050354954),
(0.,-0.866025375025273,0.500000049812332),(0.,-0.866025374085425,0.500000051440198),
(0.,-0.866025374398708,0.500000050897576),(0.,-0.866025373458859,0.500000052525441),
(0.,-0.866025373772142,0.500000051982819),(0.,-0.866025372832293,0.500000053610685),
(0.,-0.866025373145576,0.500000053068063),(0.,-0.86602537251901,0.500000054153307),
(0.,-0.866025372205727,0.500000054695928),(0.,-0.866025371892444,0.50000005523855),
(0.,-0.866025371579162,0.500000055781172),(0.,-0.866025371265879,0.500000056323794),
(0.,-0.866025370952596,0.500000056866415),(0.,-0.866025370639313,0.500000057409037),
(0.,-0.86602537032603,0.500000057951659),(0.,-0.866025370012747,0.500000058494281),
(0.,-0.866025369699464,0.500000059036902),(0.,-0.866025369386182,0.500000059579524),
(0.,-0.866025369072899,0.500000060122146),(0.,-0.866025368759616,0.500000060664768),
(0.,-0.866025368446333,0.500000061207389),(0.,-0.86602536813305,0.500000061750011),
(0.,-0.866025367819767,0.500000062292633),(0.,-0.866025367506484,0.500000062835255),
(0.,-0.866025367193202,0.500000063377877),(0.,-0.866025366879919,0.500000063920498),
(0.,-0.866025366566636,0.50000006446312),(0.,-0.866025366253353,0.500000065005742),
(0.,-0.86602536594007,0.500000065548363),(0.,-0.866025365626787,0.500000066090985),
(0.,-0.866025365313504,0.500000066633607),(0.,-0.866025365000221,0.500000067176228),
(0.,-0.866025364686939,0.50000006771885),(-0.866025386171248,0.,0.500000030506939),
(-0.866025386171248,0.,0.500000030506939),(-0.866025386171248,0.,0.500000030506939),
(-0.866025386171248,0.,0.500000030506939),(-0.866025386171248,0.,0.500000030506939),
(-0.866025386171248,0.,0.500000030506939),(-0.866025386171248,0.,0.500000030506939),
(-0.866025386171248,0.,0.500000030506939),(-0.866025386171248,0.,0.500000030506939),
(-0.866025386171248,0.,0.500000030506939),(-0.866025386171248,0.,0.500000030506939),
(-0.866025386171248,0.,0.500000030506939),(-0.866025386171248,0.,0.500000030506939),
(-0.866025386171248,0.,0.500000030506939),(-0.866025386171248,0.,0.500000030506939),
(-0.866025386171248,0.,0.500000030506939),(-0.866025386171248,0.,0.500000030506939),
(-0.866025386171248,0.,0.500000030506939),(-0.866025386171248,0.,0.500000030506939),
(-0.866025386171248,0.,0.500000030506939),(-0.866025386171248,0.,0.500000030506939),
(-0.866025386171248,0.,0.500000030506939),(-0.866025386171248,0.,0.500000030506939),
(-0.866025386171248,0.,0.500000030506939),(-0.866025386171248,0.,0.500000030506939),
(-0.866025386171248,0.,0.500000030506939),(-0.866025386171248,0.,0.500000030506939),
(-0.866025386171248,0.,0.500000030506939),(-0.866025386171248,0.,0.500000030506939),
(-0.866025386171248,0.,0.500000030506939),(-0.866025386171248,0.,0.500000030506939),
(-0.866025386171248,0.,0.500000030506939),(-0.866025386171248,0.,0.500000030506939),
(-0.866025386171248,0.,0.500000030506939),(-0.866025386171248,0.,0.500000030506939),
(-0.866025386171248,0.,0.500000030506939),(-0.866025386171248,0.,0.500000030506939),
(-0.866025386171248,0.,0.500000030506939),(-0.866025386171248,0.,0.500000030506939),
(-0.866025386171248,0.,0.500000030506939),(-0.866025386171248,0.,0.500000030506939),
(-0.866025386171248,0.,0.500000030506939),(-0.866025386171248,0.,0.500000030506939),
(-0.866025386171248,0.,0.500000030506939),(-0.866025386171248,0.,0.500000030506939),
(-0.866025386171248,0.,0.500000030506939),(-0.866025386171248,0.,0.500000030506939),
(-0.866025386171248,0.,0.500000030506939),(-0.866025386171248,0.,0.500000030506939),
(0.,0.86602538617118,0.500000030507058),(0.,0.86602538617118,0.500000030507058),
(0.,0.86602538617118,0.500000030507058),(0.,0.86602538617118,0.500000030507058),
(0.,0.86602538617118,0.500000030507058),(0.,0.86602538617118,0.500000030507058),
(0.,0.86602538617118,0.500000030507058),(0.,0.86602538617118,0.500000030507058),
(0.,0.86602538617118,0.500000030507058),(0.,0.86602538617118,0.500000030507058),
(0.,0.86602538617118,0.500000030507058),(0.,0.86602538617118,0.500000030507058),
(0.,0.86602538617118,0.500000030507058),(0.,0.86602538617118,0.500000030507058),
(0.,0.86602538617118,0.500000030507058),(0.,0.86602538617118,0.500000030507058),
(0.,0.86602538617118,0.500000030507058),(0.,0.86602538617118,0.500000030507058),
(0.,0.86602538617118,0.500000030507058),(0.,0.86602538617118,0.500000030507058),
(0.,0.86602538617118,0.500000030507058),(0.,0.86602538617118,0.500000030507058),
(0.,0.86602538617118,0.500000030507058),(0.,0.86602538617118,0.500000030507058),
(0.,0.86602538617118,0.500000030507058),(0.,0.86602538617118,0.500000030507058),
(0.,0.86602538617118,0.500000030507058),(0.,0.86602538617118,0.500000030507058),
(0.,0.86602538617118,0.500000030507058),(0.,0.86602538617118,0.500000030507058),
(0.,0.86602538617118,0.500000030507058),(0.,0.86602538617118,0.500000030507058),
(0.,0.86602538617118,0.500000030507058),(0.,0.86602538617118,0.500000030507058),
(0.,0.86602538617118,0.500000030507058),(0.,0.86602538617118,0.500000030507058),
(0.,0.86602538617118,0.500000030507058),(0.,0.86602538617118,0.500000030507058),
(0.,0.86602538617118,0.500000030507058),(0.,0.86602538617118,0.500000030507058),
(0.,0.86602538617118,0.500000030507058),(0.,0.86602538617118,0.500000030507058),
(0.,0.86602538617118,0.500000030507058),(0.,0.86602538617118,0.500000030507058),
(0.,0.86602538617118,0.500000030507058),(0.,0.86602538617118,0.500000030507058),
(0.,0.86602538617118,0.500000030507058),(0.,0.86602538617118,0.500000030507058),
(0.,0.86602538617118,0.500000030507058),(0.,0.86602538617118,0.500000030507058),
(0.,0.86602538617118,0.500000030507058),(0.,0.86602538617118,0.500000030507058),
(0.,0.86602538617118,0.500000030507058),(0.,0.86602538617118,0.500000030507058),
(0.,0.86602538617118,0.500000030507058),(0.,0.86602538617118,0.500000030507058),
(0.,0.86602538617118,0.500000030507058),(0.,0.86602538617118,0.500000030507058),
(0.,0.86602538617118,0.500000030507058),(0.,0.86602538617118,0.500000030507058),
(0.,0.86602538617118,0.500000030507058),(0.,0.86602538617118,0.500000030507058),
(0.,0.86602538617118,0.500000030507058),(0.,0.86602538617118,0.500000030507058),
(0.,0.86602538617118,0.500000030507058)),$,(227,227,227,222,222,354,354,
354,228,228,240,240,214,214,215,215,379,358,358,358,359,359,359,355,355,
355,356,356,356,262,262,256,256,250,250,209,209,201,201,23,2,2,2,2,393,
388,388,388,397,397,397,397,200,200,193,193,188,188,48,48,48,24,24,24,11,
11,11,9,9,186,186,180,180,175,175,175,162,162,49,49,49,32,32,32,50,50,50,
152,152,146,146,140,140,173,173,46,46,46,51,51,51,26,26,26,33,33,33,25,
25,25,31,31,31,16,16,16,12,12,12,34,34,34,34,394,394,381,381,381,389,389,
389,360,360,360,363,363,363,357,357,357,361,361,361,258,258,145,145,263,
263,151,151,259,259,252,252,253,253,139,139,143,143,149,149,257,257,144,
144,251,251,150,150,241,241,160,160,161,161,159,159,242,242,243,243,174,
174,171,171,171,229,229,230,230,230,187,187,183,183,172,172,172,216,216,
219,219,231,231,231,202,202,196,196,206,206,386,386,386,376,376,376,384,
384,384,387,387,387,367,367,367,377,377,377,385,385,385,368,368,368,368,
375,375,369,369,362,362,362,380,380,380,364,364,364,365,365,365,382,382,
382,383,383,383,15,15,15,17,17,17,27,27,27,18,18,18,19,19,19,35,35,35,21,
21,21,20,20,20,43,43,43,44,44,44,42,42,36,36,36,36,47,47,22,22,22,390,390,
390,391,391,391,399,399,399,399,378,378,378,395,395,395,45,45,45,4,4,4,
4,5,5,5,396,396,396,398,398,398,1,1,1,366,366,366,350,350,350,352,352,352,
29,29,29,28,28,28,30,30,30,13,13,13,14,14,14,8,8,8,7,7,374,374,41,41,6,
6,6,54,54,54,52,52,52,37,37,39,39,370,370,40,40,38,38,371,371,373,373,372,
372,392,10,3,3,3,347,347,348,348,353,353,353,353,351,351,351,351,53,53,
53,53,55,55,55,55,349,349,294,106,108,346,56,56,295,295,107,107,298,297,
299,300,301,302,303,304,305,306,307,308,309,310,311,312,313,314,315,316,
317,318,319,320,321,322,324,323,326,325,328,327,330,329,332,331,334,333,
336,335,337,339,338,340,342,341,343,345,344,296,296,112,110,114,116,118,
120,122,124,132,130,126,134,142,138,128,136,148,154,158,156,164,168,166,
170,179,177,182,190,185,195,192,203,198,208,205,213,211,221,218,224,226,
233,235,237,239,245,247,249,255,261,265,267,269,271,273,275,277,279,281,
283,285,287,289,291,293,104,105,103,102,101,99,100,97,98,95,96,93,94,91,
92,89,90,87,88,86,85,84,83,82,81,80,79,78,77,76,75,74,73,72,71,70,69,68,
67,66,65,64,63,62,61,60,59,58,57,290,292,288,280,282,286,278,284,276,272,
274,270,266,268,264,254,260,248,244,246,238,234,236,225,232,220,223,212,
217,207,210,199,204,194,197,191,189,184,181,178,176,169,167,165,163,157,
155,153,147,141,137,135,133,131,129,127,125,123,121,119,117,115,113,111,
109),((1,4,6),(10,5,3),(8,11,2),(10,3,12),(6,4,13),(15,14,5),(15,5,10),
(6,13,17),(17,18,6),(6,18,22),(6,22,25),(7,26,27),(29,30,8),(8,30,32),(8,
32,34),(34,11,8),(17,13,36),(15,37,14),(17,36,38),(17,38,40),(40,41,17),
(45,46,17),(45,17,49),(17,46,18),(17,41,49),(53,39,37),(53,37,15),(40,38,
55),(53,56,39),(40,55,57),(40,57,59),(59,62,40),(40,62,66),(40,66,68),(40,
68,41),(70,58,56),(70,56,53),(59,57,72),(70,73,58),(59,72,74),(76,77,60),
(79,82,59),(85,80,61),(59,82,62),(60,77,88),(60,88,90),(90,92,60),(60,92,
86),(94,75,73),(94,73,70),(78,75,94),(79,97,82),(99,96,81),(100,80,85),
(82,102,62),(105,83,98),(84,109,103),(111,83,105),(113,109,84),(114,65,
64),(63,104,110),(64,108,114),(69,67,117),(114,118,65),(117,42,69),(105,
98,120),(99,121,96),(45,124,46),(124,45,49),(19,48,126),(125,129,47),(126,
48,131),(133,21,20),(126,135,19),(19,135,132),(24,23,138),(141,21,133),
(138,23,143),(27,26,140),(52,129,125),(144,146,148),(146,144,150),(149,
152,145),(150,144,154),(145,156,155),(145,152,156),(148,146,158),(147,160,
159),(151,163,147),(147,163,160),(148,158,164),(165,31,149),(149,31,152),
(164,158,166),(159,93,167),(159,160,93),(164,166,168),(169,33,165),(165,
33,31),(168,166,170),(167,91,171),(167,93,91),(168,170,172),(173,35,169),
(169,35,33),(172,170,174),(171,89,175),(171,91,89),(172,174,9),(10,12,173),
(173,12,35),(9,174,95),(175,78,94),(175,89,78),(9,95,16),(16,95,71),(16,
71,54),(150,154,176),(177,178,151),(151,178,163),(176,154,180),(155,182,
181),(155,156,182),(176,180,184),(185,186,177),(177,186,178),(184,180,189),
(181,191,190),(181,182,191),(184,189,194),(195,196,185),(185,199,186),(185,
196,199),(194,189,201),(190,203,202),(190,191,205),(190,205,203),(194,201,
208),(209,210,195),(195,210,196),(202,213,209),(202,203,213),(209,213,210),
(214,218,220),(224,217,216),(222,223,215),(220,218,226),(219,229,227),(230,
217,224),(221,228,233),(234,223,222),(233,228,235),(227,229,239),(236,227,
241),(241,227,239),(243,247,249),(245,128,246),(253,244,251),(136,128,245),
(137,244,253),(249,247,255),(248,258,256),(127,258,248),(250,257,259),(250,
259,252),(261,112,264),(263,109,113),(266,116,262),(115,109,263),(264,112,
107),(267,265,106),(271,265,267),(272,116,266),(267,106,123),(274,276,279),
(283,277,275),(281,282,273),(279,276,285),(286,278,288),(288,278,291),(283,
293,277),(278,297,291),(296,297,278),(289,280,287),(299,280,289),(301,282,
281),(232,302,225),(233,235,303),(225,302,305),(308,306,304),(308,304,52),
(52,304,129),(304,238,129),(225,305,312),(312,231,225),(307,315,313),(316,
306,308),(229,314,239),(313,315,318),(313,318,292),(292,240,313),(311,321,
317),(315,325,318),(317,321,326),(51,328,309),(331,322,310),(309,328,332),
(44,334,50),(50,334,329),(129,238,337),(259,130,339),(126,131,260),(237,
143,338),(340,143,237),(237,343,340),(242,343,237),(252,259,339),(252,339,
134),(134,339,142),(132,135,254),(340,138,143),(192,183,29),(139,193,28),
(206,193,139),(29,183,157),(29,157,153),(153,30,29),(86,92,161),(86,161,
162),(162,179,86),(86,179,188),(187,200,87),(87,200,101),(269,346,270),
(349,347,268),(123,350,267),(270,346,118),(352,119,348),(353,347,349),(270,
118,114),(354,355,117),(117,355,42),(290,319,300),(288,291,320),(300,319,
358),(318,361,359),(318,325,361),(300,358,357),(357,284,300),(360,364,355),
(360,363,364),(356,293,283),(354,294,355),(355,324,42),(355,364,324),(240,
292,366),(368,291,297),(366,292,369),(325,370,361),(324,371,327),(372,365,
362),(364,371,324),(241,239,367),(295,373,298),(354,122,294),(376,295,121),
(373,295,376),(379,381,297),(383,380,298),(297,381,385),(297,385,368),(298,
373,343),(298,343,242),(383,298,242),(379,387,381),(389,388,380),(389,380,
383),(392,386,382),(382,388,393),(392,382,393),(366,369,386),(366,386,392),
(393,388,389),(333,330,395),(395,330,336),(396,333,395),(395,336,396),(351,
122,354),(397,43,323),(335,43,397),(376,121,99),(398,322,331),(400,138,
340),(400,207,138),(402,401,341),(376,211,400),(402,377,401),(400,211,212),
(400,212,204),(204,207,400),(404,342,345),(408,342,404),(411,402,341),(376,
197,211),(413,374,378),(99,198,376),(376,198,197),(412,377,402),(416,344,
375),(417,374,413),(405,344,416),(367,391,241),(241,391,394),(241,394,384),
(384,394,390),(409,407,420),(410,421,403),(421,414,403),(396,399,333),(396,
336,399),(406,419,422),(418,415,423),(414,421,424),(425,420,407),(424,426,
414),(422,428,406),(407,429,425),(423,430,418),(420,432,433),(420,434,432),
(420,435,434),(420,436,435),(420,437,436),(420,438,437),(420,439,438),(420,
440,439),(420,441,440),(420,442,441),(420,443,442),(420,444,443),(420,445,
444),(420,446,445),(420,447,446),(420,448,447),(420,449,448),(420,450,449),
(420,451,450),(420,452,451),(420,453,452),(420,454,453),(420,455,454),(420,
456,455),(420,457,456),(420,458,459),(459,457,420),(420,460,461),(461,458,
420),(420,462,463),(463,460,420),(420,464,465),(465,462,420),(420,466,467),
(467,464,420),(420,468,469),(420,470,471),(469,466,420),(420,472,470),(420,
473,474),(471,468,420),(420,475,473),(420,476,477),(474,472,420),(420,478,
476),(420,479,480),(477,475,420),(420,425,479),(480,478,420),(433,481,420),
(421,483,484),(421,485,483),(421,486,485),(421,487,486),(421,488,487),(421,
489,488),(421,490,489),(421,491,492),(421,493,490),(421,494,491),(421,495,
496),(421,497,493),(421,498,494),(421,499,495),(492,497,421),(421,500,499),
(421,501,502),(496,498,421),(421,503,501),(421,504,505),(502,500,421),(421,
506,504),(421,507,508),(505,503,421),(421,509,507),(508,506,421),(421,510,
511),(511,509,421),(421,512,513),(513,510,421),(421,514,515),(515,512,421),
(421,516,517),(517,514,421),(421,518,519),(519,516,421),(421,520,521),(521,
518,421),(421,522,520),(421,523,522),(421,524,523),(421,525,524),(421,526,
525),(421,527,526),(421,528,527),(421,529,528),(421,530,529),(421,531,530),
(421,532,531),(421,533,532),(421,534,533),(421,535,534),(421,536,535),(421,
537,536),(421,538,537),(421,539,538),(421,540,539),(421,541,540),(421,542,
541),(421,543,542),(421,544,543),(421,545,544),(421,546,545),(421,547,546),
(421,482,547),(484,424,421),(415,548,549),(415,550,548),(415,551,550),(415,
552,551),(415,553,554),(554,552,415),(415,555,556),(556,553,415),(415,557,
558),(558,555,415),(415,559,560),(560,557,415),(415,561,562),(562,559,415),
(415,563,564),(564,561,415),(415,565,566),(566,563,415),(415,567,565),(415,
568,567),(415,569,568),(415,570,569),(415,571,570),(415,572,571),(415,573,
572),(415,574,573),(415,575,574),(415,576,575),(415,577,576),(415,578,577),
(415,579,578),(415,580,579),(415,581,580),(415,582,581),(415,583,582),(415,
584,583),(415,585,584),(415,586,585),(415,587,586),(415,588,587),(415,589,
588),(415,590,589),(415,591,590),(415,592,591),(415,593,592),(415,594,593),
(415,595,594),(415,596,595),(415,427,596),(549,423,415),(419,597,598),(419,
599,597),(419,600,601),(419,602,599),(419,603,600),(419,604,602),(419,605,
603),(419,606,607),(601,604,419),(419,608,606),(419,609,610),(607,605,419),
(419,611,609),(419,612,613),(610,608,419),(419,614,612),(419,615,616),(613,
611,419),(419,617,615),(616,614,419),(419,618,619),(619,617,419),(419,620,
621),(621,618,419),(419,622,623),(623,620,419),(419,624,625),(625,622,419),
(419,626,627),(627,624,419),(419,628,629),(629,626,419),(419,630,631),(631,
628,419),(419,632,630),(419,633,632),(419,634,633),(419,635,634),(419,636,
635),(419,637,636),(419,638,637),(419,639,638),(419,640,639),(419,641,640),
(419,642,641),(419,643,642),(419,644,643),(419,645,644),(419,646,645),(419,
647,646),(419,648,647),(419,649,648),(419,650,649),(419,651,650),(419,652,
651),(419,653,652),(419,654,653),(419,655,654),(419,656,655),(419,657,656),
(419,658,657),(419,659,658),(419,660,659),(419,661,660),(419,431,661),(598,
422,419)),());
#266=COMPLEX_TRIANGULATED_FACE('ConvergentBody',#269,356,((0.,0.,1.),(0.707106781186547,
0.,0.707106781186547),(0.,-0.707106781186547,0.707106781186548),(0.,-0.707106781186547,
0.707106781186548),(0.,0.,1.),(0.707106781186547,0.,0.707106781186547),
(0.,0.,1.),(0.707106781186547,0.,0.707106781186547),(0.,0.707106781186548,
0.707106781186547),(0.,0.,0.999999999999993),(0.,0.,0.999999999999996),
(0.,0.,0.999999999999997),(0.,1.,0.),(1.,0.,0.),(0.,0.,1.),(-0.707106781186547,
0.,0.707106781186547),(0.,0.707106781186548,0.707106781186547),(0.,0.707106781186548,
0.707106781186547),(0.,0.,1.),(-0.707106781186547,0.,0.707106781186547),
(0.,0.,1.),(-0.707106781186547,0.,0.707106781186547),(0.,-0.707106781186547,
0.707106781186548),(0.,0.,0.999999999999949),(0.,0.,0.999999999999978),
(0.,-1.,0.),(-1.,0.,0.),(0.,0.,0.999999999999996),(0.,0.,0.999999999999978),
(0.,1.,0.),(1.,0.,0.),(0.,0.,0.999999999999949),(0.,0.,0.999999999999996),
(0.,0.,0.999999999999993),(0.,0.,0.999999999999997),(-1.,0.,0.),(0.,1.,
0.),(0.,0.,0.999999999999978),(1.,0.,0.),(0.,-1.,0.),(0.,0.,0.999999999999996),
(0.,0.,0.999999999999997),(0.,-1.,0.),(-1.,0.,0.),(0.,0.,0.999999999999997),
(1.,0.,0.),(0.,-1.,0.),(0.,0.,0.999999999999978),(-1.,0.,0.),(0.,1.,0.),
(0.,-1.,0.),(1.,0.,0.),(0.707106781186547,0.,0.707106781186547),(0.,-0.707106781186547,
0.707106781186548),(0.,0.,1.),(-1.,0.,0.),(0.,-1.,0.),(0.,0.,1.),(1.,0.,
0.),(0.,1.,0.),(1.,0.,0.),(0.,1.,0.),(0.,0.707106781186548,0.707106781186547),
(0.707106781186547,0.,0.707106781186547),(0.,1.,0.),(-1.,0.,0.),(-0.707106781186547,
0.,0.707106781186547),(0.,0.707106781186548,0.707106781186547),(0.,0.,1.),
(0.,1.,0.),(-1.,0.,0.),(-1.,0.,0.),(0.,-1.,0.),(0.,-0.707106781186547,0.707106781186548),
(-0.707106781186547,0.,0.707106781186547),(0.,0.,1.),(0.,-1.,0.),(1.,0.,
0.),(0.,-1.,0.),(1.,0.,0.),(0.,-0.707106781186547,0.707106781186548),(0.707106781186547,
0.,0.707106781186547),(0.,-1.,0.),(0.,-0.707106781186547,0.707106781186548),
(-0.707106781186547,0.,0.707106781186547),(-1.,0.,0.),(-1.,0.,0.),(0.,-1.,
0.),(-0.707106781186547,0.,0.707106781186547),(0.,-0.707106781186547,0.707106781186548),
(1.,0.,0.),(0.,1.,0.),(0.,0.707106781186548,0.707106781186547),(0.707106781186547,
0.,0.707106781186547),(0.,1.,0.),(1.,0.,0.),(0.707106781186547,0.,0.707106781186547),
(0.,0.707106781186548,0.707106781186547),(1.,0.,0.),(0.707106781186547,
0.,0.707106781186547),(0.,-0.707106781186547,0.707106781186548),(0.,-1.,
0.),(-1.,0.,0.),(0.,1.,0.),(0.,0.707106781186548,0.707106781186547),(-0.707106781186547,
0.,0.707106781186547),(0.,1.,0.),(-1.,0.,0.),(-0.707106781186547,0.,0.707106781186547),
(0.,0.707106781186548,0.707106781186547),(0.707106781186547,0.,0.707106781186547),
(0.,0.,1.),(0.,-0.707106781186547,0.707106781186548),(0.,0.,1.),(0.,-0.707106781186547,
0.707106781186548),(-0.707106781186547,0.,0.707106781186547),(0.,0.707106781186548,
0.707106781186547),(0.,0.,1.),(0.707106781186547,0.,0.707106781186547),
(-0.707106781186547,0.,0.707106781186547),(0.,0.,1.),(0.,0.707106781186548,
0.707106781186547),(0.,0.,1.),(0.,0.707106781186548,0.707106781186547),
(0.707106781186547,0.,0.707106781186547),(0.,-0.707106781186547,0.707106781186548),
(0.,0.,1.),(-0.707106781186547,0.,0.707106781186547),(0.,0.,0.999999999999995),
(0.,0.,0.999999999999996),(0.,0.,0.999999999999995),(0.,0.,0.999999999999995),
(0.,0.,0.999999999999995),(0.,0.,0.999999999999994),(0.,0.,0.999999999999994),
(0.,0.,0.999999999999994),(0.,0.,0.999999999999994),(0.,0.,0.999999999999993),
(0.,0.,0.999999999999993),(0.,0.,0.999999999999993),(0.,0.,0.999999999999992),
(0.,0.,0.999999999999992),(0.,0.,0.999999999999992),(0.,0.,0.999999999999991),
(0.,0.,0.999999999999991),(0.,0.,0.99999999999999),(0.,0.,0.99999999999999),
(0.,0.,0.999999999999989),(0.,0.,0.999999999999989),(0.,0.,0.999999999999988),
(0.,0.,0.999999999999988),(0.,0.,0.999999999999987),(0.,0.,0.999999999999986),
(0.,0.,0.999999999999986),(0.,0.,0.999999999999985),(0.,0.,0.999999999999985),
(0.,0.,0.999999999999984),(0.,0.,0.999999999999983),(0.,0.,0.999999999999983),
(0.,0.,0.999999999999982),(0.,0.,0.999999999999981),(0.,0.,0.999999999999981),
(0.,0.,0.99999999999998),(0.,0.,0.999999999999979),(0.,0.,0.999999999999978),
(0.,0.,0.999999999999978),(0.,0.,0.999999999999977),(0.,0.,0.999999999999976),
(0.,0.,0.999999999999975),(0.,0.,0.999999999999974),(0.,0.,0.999999999999973),
(0.,0.,0.999999999999972),(0.,0.,0.999999999999972),(0.,0.,0.999999999999971),
(0.,0.,0.99999999999997),(0.,0.,0.999999999999969),(0.,0.,0.999999999999968),
(0.,0.,0.999999999999967),(0.,0.,0.999999999999966),(0.,0.,0.999999999999965),
(0.,0.,0.999999999999964),(0.,0.,0.999999999999963),(0.,0.,0.999999999999962),
(0.,0.,0.999999999999961),(0.,0.,0.99999999999996),(0.,0.,0.999999999999958),
(0.,0.,0.999999999999957),(0.,0.,0.999999999999956),(0.,0.,0.999999999999955),
(0.,0.,0.999999999999954),(0.,0.,0.999999999999953),(0.,0.,0.999999999999951),
(0.,0.,0.99999999999995),(0.,0.,0.999999999999993),(0.,0.,0.999999999999993),
(0.,0.,0.999999999999993),(0.,0.,0.999999999999994),(0.,0.,0.999999999999994),
(0.,0.,0.999999999999994),(0.,0.,0.999999999999994),(0.,0.,0.999999999999994),
(0.,0.,0.999999999999994),(0.,0.,0.999999999999994),(0.,0.,0.999999999999994),
(0.,0.,0.999999999999994),(0.,0.,0.999999999999994),(0.,0.,0.999999999999994),
(0.,0.,0.999999999999994),(0.,0.,0.999999999999995),(0.,0.,0.999999999999995),
(0.,0.,0.999999999999995),(0.,0.,0.999999999999995),(0.,0.,0.999999999999995),
(0.,0.,0.999999999999995),(0.,0.,0.999999999999995),(0.,0.,0.999999999999995),
(0.,0.,0.999999999999995),(0.,0.,0.999999999999995),(0.,0.,0.999999999999995),
(0.,0.,0.999999999999995),(0.,0.,0.999999999999995),(0.,0.,0.999999999999995),
(0.,0.,0.999999999999995),(0.,0.,0.999999999999996),(0.,0.,0.999999999999996),
(0.,0.,0.999999999999996),(0.,0.,0.999999999999996),(0.,0.,0.999999999999996),
(0.,0.,0.999999999999996),(0.,0.,0.999999999999996),(0.,0.,0.999999999999996),
(0.,0.,0.999999999999996),(0.,0.,0.999999999999996),(0.,0.,0.999999999999996),
(0.,0.,0.999999999999996),(0.,0.,0.999999999999996),(0.,0.,0.999999999999996),
(0.,0.,0.999999999999996),(0.,0.,0.999999999999996),(0.,0.,0.999999999999996),
(0.,0.,0.999999999999996),(0.,0.,0.999999999999996),(0.,0.,0.999999999999995),
(0.,0.,0.999999999999996),(0.,0.,0.999999999999995),(0.,0.,0.999999999999995),
(0.,0.,0.999999999999995),(0.,0.,0.999999999999994),(0.,0.,0.999999999999994),
(0.,0.,0.999999999999994),(0.,0.,0.999999999999994),(0.,0.,0.999999999999993),
(0.,0.,0.999999999999993),(0.,0.,0.999999999999993),(0.,0.,0.999999999999992),
(0.,0.,0.999999999999992),(0.,0.,0.999999999999992),(0.,0.,0.999999999999991),
(0.,0.,0.999999999999991),(0.,0.,0.99999999999999),(0.,0.,0.99999999999999),
(0.,0.,0.999999999999989),(0.,0.,0.999999999999989),(0.,0.,0.999999999999988),
(0.,0.,0.999999999999988),(0.,0.,0.999999999999987),(0.,0.,0.999999999999986),
(0.,0.,0.999999999999986),(0.,0.,0.999999999999985),(0.,0.,0.999999999999985),
(0.,0.,0.999999999999984),(0.,0.,0.999999999999983),(0.,0.,0.999999999999983),
(0.,0.,0.999999999999982),(0.,0.,0.999999999999981),(0.,0.,0.999999999999981),
(0.,0.,0.99999999999998),(0.,0.,0.999999999999979),(0.,0.,0.999999999999978),
(0.,0.,0.999999999999978),(0.,0.,0.999999999999977),(0.,0.,0.999999999999976),
(0.,0.,0.999999999999975),(0.,0.,0.999999999999974),(0.,0.,0.999999999999973),
(0.,0.,0.999999999999972),(0.,0.,0.999999999999972),(0.,0.,0.999999999999971),
(0.,0.,0.99999999999997),(0.,0.,0.999999999999969),(0.,0.,0.999999999999968),
(0.,0.,0.999999999999967),(0.,0.,0.999999999999966),(0.,0.,0.999999999999965),
(0.,0.,0.999999999999964),(0.,0.,0.999999999999963),(0.,0.,0.999999999999962),
(0.,0.,0.999999999999961),(0.,0.,0.99999999999996),(0.,0.,0.999999999999958),
(0.,0.,0.999999999999957),(0.,0.,0.999999999999956),(0.,0.,0.999999999999955),
(0.,0.,0.999999999999954),(0.,0.,0.999999999999953),(0.,0.,0.999999999999951),
(0.,0.,0.99999999999995),(0.,0.,0.999999999999996),(0.,0.,0.999999999999996),
(0.,0.,0.999999999999996),(0.,0.,0.999999999999996),(0.,0.,0.999999999999996),
(0.,0.,0.999999999999996),(0.,0.,0.999999999999996),(0.,0.,0.999999999999996),
(0.,0.,0.999999999999996),(0.,0.,0.999999999999996),(0.,0.,0.999999999999996),
(0.,0.,0.999999999999996),(0.,0.,0.999999999999996),(0.,0.,0.999999999999996),
(0.,0.,0.999999999999996),(0.,0.,0.999999999999996),(0.,0.,0.999999999999996),
(0.,0.,0.999999999999996),(0.,0.,0.999999999999996),(0.,0.,0.999999999999995),
(0.,0.,0.999999999999995),(0.,0.,0.999999999999995),(0.,0.,0.999999999999995),
(0.,0.,0.999999999999995),(0.,0.,0.999999999999995),(0.,0.,0.999999999999995),
(0.,0.,0.999999999999995),(0.,0.,0.999999999999995),(0.,0.,0.999999999999995),
(0.,0.,0.999999999999995),(0.,0.,0.999999999999995),(0.,0.,0.999999999999995),
(0.,0.,0.999999999999995),(0.,0.,0.999999999999995),(0.,0.,0.999999999999994),
(0.,0.,0.999999999999994),(0.,0.,0.999999999999994),(0.,0.,0.999999999999994),
(0.,0.,0.999999999999994),(0.,0.,0.999999999999994),(0.,0.,0.999999999999994),
(0.,0.,0.999999999999994),(0.,0.,0.999999999999994),(0.,0.,0.999999999999994),
(0.,0.,0.999999999999994),(0.,0.,0.999999999999994),(0.,0.,0.999999999999993),
(0.,0.,0.999999999999993),(0.,0.,0.999999999999993)),$,(147,147,147,185,
185,185,148,148,148,272,221,193,193,193,126,126,126,88,88,88,125,125,125,
53,112,112,112,1,160,160,160,220,52,51,81,81,81,154,154,154,222,79,79,79,
191,191,191,118,118,118,155,155,155,155,114,114,114,158,158,158,194,194,
194,194,119,119,119,119,116,116,116,80,80,80,80,156,156,156,157,157,157,
157,113,113,113,113,115,115,115,115,161,161,161,161,159,159,159,159,192,
192,192,192,117,117,117,117,82,82,82,82,146,146,146,124,124,124,186,186,
186,127,127,127,149,149,149,87,87,87,217,219,215,211,213,207,209,203,205,
201,199,197,195,189,187,183,181,179,177,175,173,171,169,167,165,163,153,
151,145,143,141,139,137,135,133,131,129,123,121,111,109,107,105,103,101,
99,97,95,93,91,89,85,83,77,75,73,71,69,67,65,63,61,59,57,55,270,271,269,
268,267,266,265,264,263,262,261,260,259,258,257,256,255,254,253,252,251,
250,249,248,247,246,245,244,243,242,241,240,239,238,237,236,235,234,233,
232,231,230,229,228,227,226,225,224,223,56,54,58,62,60,66,64,70,68,72,74,
76,78,84,86,90,92,94,96,98,100,102,104,106,108,110,120,122,128,130,132,
134,136,138,140,142,144,150,152,162,164,166,168,170,172,174,176,178,180,
182,184,188,190,196,198,200,202,204,206,208,210,212,214,216,218,3,2,4,5,
6,7,8,9,10,11,12,13,14,15,16,17,18,19,20,21,22,23,24,25,26,27,28,29,30,
31,32,33,34,35,36,37,38,39,40,41,42,43,44,45,46,47,48,49,50),((1,5,7),(10,
11,12),(15,19,21),(7,15,1),(1,15,21),(24,25,28),(29,11,32),(33,34,35),(38,
25,41),(28,25,42),(12,11,29),(45,41,12),(29,33,48),(48,33,35),(28,42,35),
(45,38,41),(51,26,40),(25,55,42),(29,58,12),(61,46,14),(65,30,50),(48,35,
69),(72,36,44),(76,38,45),(52,39,80),(83,26,51),(86,56,27),(88,43,57),(91,
59,31),(95,13,60),(62,13,95),(99,46,61),(66,49,103),(92,30,65),(103,49,
71),(107,70,37),(73,43,88),(108,36,72),(102,77,47),(80,39,78),(82,111,53),
(84,54,115),(87,56,86),(96,59,91),(98,117,63),(119,100,64),(106,120,67),
(68,124,93),(104,70,107),(74,90,126),(109,75,20),(79,77,102),(2,111,82),
(115,54,113),(85,116,89),(125,97,94),(9,117,98),(6,100,119),(16,120,106),
(122,124,68),(110,18,105),(20,75,128),(126,90,23),(4,81,101),(3,81,4),(1,
21,112),(112,21,114),(89,116,22),(8,97,125),(7,5,118),(105,18,17),(7,121,
15),(123,121,7),(21,19,127),(25,129,130),(25,131,129),(25,132,133),(133,
131,25),(25,134,135),(135,132,25),(25,136,137),(137,134,25),(25,138,136),
(25,139,138),(25,140,139),(25,141,140),(25,142,141),(25,143,142),(25,144,
143),(25,145,144),(25,146,145),(25,147,146),(25,148,147),(25,149,148),(25,
150,149),(25,151,150),(25,152,151),(25,153,152),(25,154,153),(25,155,154),
(25,156,155),(25,157,156),(25,158,157),(25,159,158),(25,160,159),(25,161,
160),(25,162,161),(25,163,162),(25,164,163),(25,165,164),(25,166,165),(25,
167,166),(25,168,167),(25,169,168),(25,170,169),(25,171,170),(25,172,171),
(25,173,172),(25,174,173),(25,175,174),(25,176,175),(25,177,176),(25,178,
177),(25,179,178),(25,180,179),(25,181,180),(25,182,181),(25,183,182),(25,
184,183),(25,185,184),(25,186,185),(25,187,186),(25,188,187),(25,189,188),
(25,190,189),(25,191,190),(25,192,191),(25,193,192),(25,24,193),(130,41,
25),(12,194,195),(12,196,194),(12,197,196),(12,198,197),(12,199,198),(12,
200,199),(12,201,200),(12,202,201),(12,203,202),(12,204,203),(12,205,204),
(12,206,205),(12,207,206),(12,208,207),(12,209,208),(12,210,209),(12,211,
210),(12,212,211),(12,213,212),(12,214,213),(12,215,214),(12,216,215),(12,
217,216),(12,218,217),(12,219,218),(12,220,219),(12,221,220),(12,222,221),
(12,223,222),(12,224,223),(12,225,224),(12,226,225),(12,227,226),(12,228,
227),(12,229,228),(12,230,229),(12,231,230),(12,232,231),(12,233,232),(12,
234,233),(12,235,234),(12,236,235),(12,237,236),(12,238,237),(12,239,238),
(12,240,239),(12,241,240),(12,242,241),(12,41,242),(195,10,12),(29,243,
244),(29,245,243),(29,246,247),(247,245,29),(29,248,249),(249,246,29),(29,
250,251),(251,248,29),(29,252,250),(29,253,252),(29,254,253),(29,255,254),
(29,256,255),(29,257,256),(29,258,257),(29,259,258),(29,260,259),(29,261,
260),(29,262,261),(29,263,262),(29,264,263),(29,265,264),(29,266,265),(29,
267,266),(29,268,267),(29,269,268),(29,270,269),(29,271,270),(29,272,271),
(29,273,272),(29,274,273),(29,275,274),(29,276,275),(29,277,276),(29,278,
277),(29,279,278),(29,280,279),(29,281,280),(29,282,281),(29,283,282),(29,
284,283),(29,285,284),(29,286,285),(29,287,286),(29,288,287),(29,289,288),
(29,290,289),(29,291,290),(29,292,291),(29,293,292),(29,294,293),(29,295,
294),(29,296,295),(29,297,296),(29,298,297),(29,299,298),(29,300,299),(29,
301,300),(29,302,301),(29,303,302),(29,304,303),(29,305,304),(29,306,305),
(29,307,306),(29,32,307),(244,33,29),(35,308,309),(35,310,308),(35,311,
310),(35,312,311),(35,313,312),(35,314,313),(35,315,314),(35,316,315),(35,
317,316),(35,318,317),(35,319,318),(35,320,319),(35,321,320),(35,322,321),
(35,323,322),(35,324,323),(35,325,324),(35,326,325),(35,327,326),(35,328,
327),(35,329,328),(35,330,329),(35,331,330),(35,332,331),(35,333,332),(35,
334,333),(35,335,334),(35,336,335),(35,337,336),(35,338,337),(35,339,338),
(35,340,339),(35,341,340),(35,342,341),(35,343,342),(35,344,343),(35,345,
344),(35,346,345),(35,347,346),(35,348,347),(35,349,348),(35,350,349),(35,
351,350),(35,352,351),(35,353,352),(35,354,353),(35,355,354),(35,356,355),
(35,34,356),(309,28,35)),());
#267=COMPLEX_TRIANGULATED_FACE('ConvergentBody',#270,1675,((-0.99807480120169,
0.0620216994785415,0.),(0.,0.,-1.),(-0.997880319859764,0.065074144227112,
0.000472217835034503),(0.,0.,1.),(-0.969422780598458,0.245396165577941,
-0.000440881386844026),(0.,0.,-1.),(-1.,0.,0.),(0.,-1.,0.),(0.,0.,1.),(0.,
0.,-1.),(0.,1.,0.),(-1.,0.,0.),(0.,0.,-1.),(0.,-1.,0.),(-1.,0.,0.),(-0.96599984251166,
0.258538976330924,0.00137912479676793),(0.,0.,1.),(0.,0.,1.),(-1.,0.,0.),
(0.,1.,0.),(-0.879394827738987,0.476091488934715,-0.00127714910808731),
(0.,0.,-1.),(-0.866148878154971,0.499781326249214,0.00217871601244189),
(0.,0.,1.),(-0.735436172828831,0.67759102118198,-0.00201089742221829),(0.,
0.,-1.),(-0.707254840848993,0.706952848644282,0.00287400233156677),(0.,
0.,1.),(-0.546374693817646,0.837536693603301,-0.00264212485025581),(0.,
0.,-1.),(0.,0.,-1.),(-0.192560300633909,0.924042879736523,-0.330250339936254),
(0.,0.961261509508504,0.275638005974198),(-0.500150273768984,0.865931693693419,
0.00346489625493552),(0.,0.,1.),(0.,0.,1.),(-0.0637794929530922,0.997960938594776,
0.00247816821052762),(-0.328784975046653,0.944382528165211,-0.00648696229799908),
(0.,0.,-1.),(-0.259126960695347,0.965833825182624,0.00427087507327036),
(0.,0.,1.),(-0.172257038553796,0.972510655975843,-0.156686108772001),(0.,
0.,-1.),(0.,0.961261509508504,0.275638005974198),(-0.069534676565198,0.997578388258517,
0.00151262504024852),(0.,0.,-1.),(0.,0.,-1.),(-0.00864112881689613,0.999962664749424,
0.),(0.,0.,-1.),(1.,0.,0.),(0.,0.961261509508504,0.275638005974198),(-0.0347913611711756,
0.999394525742316,0.000378291088851392),(0.,0.,-1.),(0.,1.,0.),(1.,0.,0.),
(0.,0.,-1.),(0.,1.,0.),(0.,0.,1.),(1.,0.,0.),(0.,0.,-1.),(0.,0.961261509508504,
0.275638005974198),(1.,0.,0.),(0.,0.,-1.),(-1.,0.,0.),(0.,-1.,0.),(-1.,
0.,0.),(0.,-1.,0.),(0.,0.,1.),(0.,0.,-1.),(1.,0.,0.),(0.,1.,0.),(0.,0.999622947435995,
-0.0274583859571979),(-0.99568492100888,0.,-0.0927983732375713),(1.,0.,
0.),(0.,0.,1.),(0.,1.,0.),(0.,1.,0.),(-1.,0.,0.),(0.,0.,-1.),(0.,1.,0.),
(0.,0.,1.),(-1.,0.,0.),(-1.,0.,0.),(0.,0.,-1.),(0.,1.,0.),(0.,1.,0.),(-1.,
0.,0.),(0.,0.,1.),(-0.99568492100888,0.,-0.0927983732375713),(0.,-0.999622947435995,
-0.0274583859571962),(0.258824296827401,0.965912048865437,0.00488847914741983),
(0.,0.,1.),(0.117322319632659,0.993088950482978,0.00313205118555864),(0.,
0.,-1.),(0.0637254738242314,0.997964206247799,0.00255088887994879),(0.,
0.,1.),(0.243238424366907,0.966136546387792,-0.0861118031710782),(0.,0.961261509508504,
0.275638005974198),(0.,0.,-1.),(0.,0.,1.),(0.499984713741239,0.866020592689087,
0.00485994480764747),(0.396906788703998,0.917841437568239,-0.00566538289502801),
(0.,0.,-1.),(0.,0.,-1.),(0.0591640070082497,0.998247675630646,0.00109470212416219),
(0.,0.,-1.),(0.0146284646294174,0.99989299828661,0.),(0.,1.,0.),(-1.,0.,
0.),(0.,0.,1.),(0.,0.,1.),(0.707142589474295,0.707054801155703,0.00478187350926277),
(0.,0.,1.),(0.,1.,0.),(1.,0.,0.),(0.,0.,-1.),(0.,0.961261509508504,0.275638005974198),
(-1.,0.,0.),(0.,1.,0.),(0.,0.,-1.),(-1.,0.,0.),(0.603258811743152,0.797535304004316,
-0.00403049885058515),(0.,0.,-1.),(0.,0.,-1.),(0.275365025377091,0.942088334380425,
-0.19142537194267),(0.,0.961261509508504,0.275638005974198),(0.776935480528128,
0.629568471849267,-0.00384686234563249),(0.,0.,-1.),(0.,0.,-1.),(1.,0.,
0.),(0.,1.,0.),(0.86608440087137,0.499877702310376,0.00448255509487562),
(0.,0.,1.),(0.905257032010601,0.42485034843498,-0.00344781525524957),(0.,
0.,-1.),(0.965856705182687,0.259035984941266,0.00460256006498834),(0.,0.,
1.),(0.987569873975466,0.157170719264306,-0.001763241906925),(0.,0.,-1.),
(0.,0.,-1.),(0.987952498119395,0.154755925818216,0.000681823873681281),
(0.991398028189417,0.130851301768187,0.00280829622856561),(0.,0.,-1.),(0.997965347310104,
0.0637066426239132,0.00257473373645974),(0.,0.,1.),(1.,0.,0.),(0.,-1.,0.),
(0.,0.,-1.),(0.,0.,-1.),(0.997790338157233,0.0664269220732154,0.0013802550321745),
(0.,0.,-1.),(0.999865446273669,0.0164039430612328,0.),(0.,0.,-1.),(0.,-1.,
0.),(1.,0.,0.),(0.,-1.,0.),(1.,0.,0.),(0.,0.,-1.),(1.,0.,0.),(0.,0.,1.),
(0.,-1.,0.),(0.,0.961261509508504,0.275638005974198),(0.,0.,-1.),(-1.,0.,
0.),(0.,0.,1.),(1.,0.,0.),(0.,-1.,0.),(0.,0.,1.),(-1.,0.,0.),(0.,1.,0.),
(0.,1.,0.),(0.,0.,1.),(1.,0.,0.),(-1.,0.,0.),(0.,0.,-1.),(0.,1.,0.),(0.,
1.,0.),(1.,0.,0.),(0.,0.,1.),(0.,-1.,0.),(1.,0.,0.),(0.,0.,-1.),(1.,0.,
0.),(0.,0.,1.),(0.,1.,0.),(0.,1.,0.),(1.,0.,0.),(0.,0.,-1.),(-0.258942014862564,
-0.965881047255126,0.00477864962699249),(0.,0.,1.),(-0.131733577373618,
-0.991281230068509,0.00279061036550718),(0.,0.,-1.),(-0.0637067912934424,
-0.997965338959176,0.00257429197844206),(0.,0.,1.),(-0.155398859413161,
-0.987851586045217,0.000662148803322106),(0.,0.,-1.),(0.,0.,1.),(-0.499896148671219,
-0.866072238385084,0.0047663867166468),(-0.413938851731539,-0.910299074779001,
-0.0031971055142305),(0.,0.,-1.),(0.,0.,-1.),(-0.154653937228112,-0.987967392967974,
-0.00160938867538358),(-0.0669006507650942,-0.997758659721388,0.00139995649460856),
(0.,0.,-1.),(0.,0.,-1.),(-0.0165206317388552,-0.999863525050769,0.),(0.,
-1.,0.),(1.,0.,0.),(0.,0.,1.),(0.,0.,1.),(-0.707167311772087,-0.707030015893842,
0.00479059351167927),(0.,0.,1.),(-0.866172021297267,-0.499728453623299,
0.00418355842227547),(0.,0.,1.),(0.,-1.,0.),(-1.,0.,0.),(0.,0.,-1.),(0.,
-1.,0.),(1.,0.,0.),(1.,0.,0.),(0.,0.,-1.),(0.,-1.,0.),(-0.609756716397175,
-0.792580811207843,-0.00352200420950496),(0.,0.,-1.),(0.,0.,-1.),(-0.773744802919981,
-0.63348911576631,-0.00324347960356598),(0.,0.,-1.),(-1.,0.,0.),(0.,-1.,
0.),(0.,-1.,0.),(0.,0.,-1.),(1.,0.,0.),(-0.897341406075151,-0.441330742193902,
-0.00236155407525751),(0.,0.,-1.),(-0.966056780698285,-0.258313028388182,
0.00294547649661565),(0.,0.,1.),(-0.97409440971467,-0.226140029841929,-0.000876279475586901),
(0.,0.,-1.),(-0.997906595762855,-0.0646628275731169,0.00106998282229749),
(0.,0.,1.),(-0.998365117846932,-0.0571584767683879,0.),(0.,0.,-1.),(-1.,
0.,0.),(0.,1.,0.),(0.,0.,-1.),(-1.,0.,0.),(0.,0.,1.),(0.,1.,0.),(1.,0.,
0.),(0.,0.,-1.),(0.,-1.,0.),(0.,-1.,0.),(1.,0.,0.),(0.,0.,1.),(0.,-1.,0.),
(-1.,0.,0.),(0.,0.,1.),(0.,-1.,0.),(0.,0.,-1.),(-1.,0.,0.),(-1.,0.,0.),
(0.,-1.,0.),(0.,0.,1.),(0.998058049394374,-0.0622906898241194,0.),(0.,0.,
-1.),(0.997878807119826,-0.0650975863076429,0.000436529531967226),(0.,0.,
1.),(0.969152037253246,-0.246463305181511,-0.000409740025648305),(0.,0.,
-1.),(0.999999999314162,0.,3.70361486216388E-5),(0.,1.,0.),(0.,0.,-1.),
(0.,0.,-1.),(0.,-1.,0.),(1.,0.,0.),(0.,0.,-1.),(0.,1.,0.),(0.999999993826132,
0.,0.000111120370175445),(0.965995389859362,-0.258556132356099,0.0012779638157068),
(0.,0.,1.),(0.,0.,1.),(1.,0.,0.),(0.,-1.,0.),(1.,0.,0.),(0.,1.,0.),(0.,
0.,1.),(0.878357534118253,-0.47800274370056,-0.00119133221186271),(0.,0.,
-1.),(0.866142279750747,-0.499793393745195,0.00202849620155931),(0.,0.,
1.),(0.,0.,1.),(0.0640712444306445,-0.997943419884018,0.00195098623756084),
(0.733231933815885,-0.679976010450291,-0.0018858538447296),(0.,0.,-1.),
(0.707252546473159,-0.706955841583081,0.00269695361271518),(0.,0.,1.),(0.641615899471254,
-0.767022777625113,-0.00225746538188993),(0.,-1.,0.),(0.,0.,-1.),(0.,0.,
-1.),(0.575194977424079,-0.81801611724695,-0.000608169662282676),(0.,-1.,
0.),(0.500546613400497,-0.865699997695292,0.00407453109754855),(0.,0.,1.),
(0.,-1.,0.),(-1.,0.,0.),(0.,0.,-1.),(0.,0.,-1.),(0.373222751045381,-0.927739523818804,
-0.00203814782968885),(0.,0.,-1.),(0.0477739382218311,-0.998858173529544,
0.),(0.,0.,-1.),(-1.,0.,0.),(0.,-1.,0.),(0.258480883492551,-0.966005830518772,
0.00451312227271225),(0.,0.,1.),(0.189169191001323,-0.981943915589652,-0.00107880135621403),
(0.,0.,-1.),(0.,-1.,0.),(-1.,0.,0.),(0.,0.,-1.),(0.,-1.,0.),(0.,0.,1.),
(-1.,0.,0.),(0.,0.,-1.),(1.,0.,0.),(0.,1.,0.),(0.,0.,-1.),(-1.,0.,0.),(0.,
-1.,0.),(0.,-0.999622947435995,-0.0274583859571962),(0.995684921008881,
0.,-0.0927983732375712),(-1.,0.,0.),(0.,0.,1.),(0.,-1.,0.),(0.,0.,1.),(0.,
-1.,0.),(1.,0.,0.),(0.,-1.,0.),(1.,0.,0.),(0.,0.,-1.),(1.,0.,0.),(0.,0.,
-1.),(0.,1.,0.),(0.,0.,-1.),(0.,1.,0.),(0.,0.,-1.),(0.97222315310783,-0.234055849234899,
0.),(0.,0.,-1.),(0.998256357844733,-0.0590274853146217,0.),(0.,0.,-1.),
(1.,0.,0.),(0.,0.9992347307188,-0.0391146126828215),(0.,0.9992347307188,
-0.0391146126828215),(0.,0.,-1.),(-1.,0.,0.),(0.,0.,-1.),(-0.998256357889366,
-0.0590274845598049,0.),(0.,0.,-1.),(-0.258819028446607,0.965925830752007,
0.),(0.,0.,-1.),(0.890435644086011,-0.45510917782564,0.),(0.,0.,-1.),(0.759181213389325,
-0.650879316952623,0.),(0.,0.,-1.),(0.585751687759862,-0.810490567672736,
0.),(0.,0.,-1.),(0.480129131858876,-0.877197820756779,0.),(0.,0.,-1.),(-0.500000028570388,
0.866025387289317,0.),(0.,0.,-1.),(0.563222691295608,-0.826305149451298,
0.),(0.,0.99827863256352,-0.0586495674929342),(-1.,0.,0.),(0.,0.877260097675121,
-0.48001533415823),(0.,0.9992347307188,-0.0391146126828215),(-1.,0.,0.),
(0.,0.,-1.),(0.,0.,-1.),(-0.866025387618691,0.500000027999894,0.),(0.,0.,
-1.),(0.69021937981744,-0.723600171174958,0.),(0.,0.,-1.),(0.783364177309381,
-0.621563002203636,0.),(0.,0.,-1.),(0.722216843081795,-0.691666705551861,
0.),(0.,0.,-1.),(0.486309786921176,-0.873786467705171,0.),(0.,0.,-1.),(-0.965925830915099,
0.258819027837938,0.),(0.,0.,-1.),(0.251210779088194,-0.967932406973701,
0.),(0.,0.,-1.),(0.0634403928547172,-0.997985629432829,0.),(0.,0.,-1.),
(-1.,0.,0.),(0.,0.,-1.),(-1.,0.,0.),(0.,-1.,0.),(0.,0.,-1.),(-0.982114597168041,
0.,-0.188284141736517),(0.,0.998278631321158,-0.0586495886390122),(0.,0.,
-1.),(-0.796202186697193,0.602427903942309,-0.0560597756888498),(0.,0.,
-1.),(0.,-0.998278630788163,-0.0586495977109798),(-0.982114597168041,0.,
-0.188284141736517),(0.,0.,-1.),(-0.660699295687222,0.748495869166494,-0.0568363837616687),
(0.,0.,-1.),(-0.479433014973713,0.875848446034195,-0.055077070843521),(0.,
0.,-1.),(-0.253069176651179,0.966021837939723,-0.0525147641397507),(0.,
0.,-1.),(0.000422468457966589,0.998662219801657,-0.0517067912486169),(0.,
0.,-1.),(-0.866025387818914,-0.500000027653099,0.),(0.,0.,-1.),(-0.965925830515264,
-0.258819029330142,0.),(0.,0.,-1.),(-0.707106779028264,0.707106783344831,
0.),(0.,0.,-1.),(-0.972223152494551,-0.234055851782341,0.),(0.,0.,-1.),
(0.258819027837942,0.965925830915098,0.),(0.,0.,-1.),(-0.890435645032424,
-0.455109175973954,0.),(0.,0.,-1.),(-0.759181210528124,-0.650879320289907,
0.),(0.,0.,-1.),(-0.58575145302452,-0.810490737318856,0.),(0.,0.,-1.),(-0.480128913101357,
-0.877197940492401,0.),(0.,0.,-1.),(0.500000027756697,0.866025387759102,
0.),(0.,0.,-1.),(-0.563222733515788,-0.826305120673353,0.),(0.,0.9992347307188,
-0.0391146126828215),(0.,0.,-1.),(1.,0.,0.),(0.,0.998278635524891,-0.0586495170872067),
(0.,0.877260097675121,-0.48001533415823),(1.,0.,0.),(0.,0.,-1.),(0.866025386863131,
0.500000029308563,0.),(0.,0.,-1.),(-0.783364174844008,-0.621563005310778,
0.),(0.,0.,-1.),(-0.690219139845803,-0.723600400076258,0.),(0.,0.,-1.),
(-0.722216842170966,-0.691666706502921,0.),(0.,0.,-1.),(-0.486309679643313,
-0.87378652741114,0.),(0.,0.,-1.),(0.965925830515264,0.258819029330141,
0.),(0.,0.,-1.),(-0.251210980991903,-0.967932354572925,0.),(0.,0.,-1.),
(-0.0634403937228301,-0.997985629377644,0.),(0.,0.,-1.),(1.,0.,0.),(0.,
0.,-1.),(0.,-1.,0.),(1.,0.,0.),(0.,0.,-1.),(0.,0.998278636277159,-0.0586495042827791),
(0.982114597168041,0.,-0.188284141736517),(0.,0.,-1.),(0.965925830892254,
-0.258819027923196,0.),(0.,0.,-1.),(0.866025382635468,-0.500000036631089,
0.),(0.,0.,-1.),(0.000422468851936296,0.998662219795618,-0.0517067913620518),
(0.,0.,-1.),(0.254749036169456,0.965583835888986,-0.0524479212232904),(0.,
0.,-1.),(0.982114597168041,0.,-0.188284141736517),(0.,-0.998278630788163,
-0.0586495977109798),(0.,0.,-1.),(0.793347159108848,0.606899310854925,-0.0476813550325222),
(0.,0.,-1.),(0.661346631236291,0.747909638924027,-0.0570246030844627),(0.,
0.,-1.),(0.480589341600391,0.875206313212293,-0.055206829771761),(0.,0.,
-1.),(0.707106783405038,0.707106778968057,0.),(0.,0.,-1.),(-0.253069177158596,
0.966021837839507,-0.0525147635379953),(0.,0.,-1.),(-0.479433015582633,
0.875848445644385,-0.0550770717418586),(0.,0.,-1.),(0.707106778968057,-0.707106783405038,
0.),(0.995684921008881,0.,-0.0927983732375712),(0.,0.999622947564004,-0.0274583812969706),
(0.,0.,-1.),(0.88919749732816,0.455007027272433,-0.0479209336098573),(0.,
0.,-1.),(0.951712599729987,0.3033429663053,-0.0471823304669342),(0.,0.,
-1.),(0.987266763539972,0.152522265288539,-0.0451807060653368),(0.,0.,-1.),
(0.993452858845134,-0.0128527088598972,-0.113517510223724),(0.,0.,-1.),
(0.987488885181213,-0.149664237401149,-0.0496620346612716),(0.,0.,-1.),
(0.950613817871569,-0.306795374431551,-0.0470102914162805),(0.,0.,-1.),
(0.885985233227454,-0.461265067888244,-0.0475889025818729),(0.,0.,-1.),
(0.789328093669332,-0.612063941355346,-0.0483620950424781),(0.,0.,-1.),
(0.654420385489154,-0.754632962359152,-0.0475715374701898),(0.,0.,-1.),
(0.473809933572097,-0.879444389085711,-0.0456257970238975),(0.,0.,-1.),
(0.250589981826317,-0.967089159554223,-0.0440819518736739),(0.,0.,-1.),
(-0.000640665881941249,-0.999226826405844,-0.0393107992558443),(0.,-0.99827854162569,
-0.0586511153319882),(0.,-0.877260101075577,-0.480015327943669),(-1.,0.,
0.),(0.,-0.99956959471198,-0.0293364163941376),(1.,0.,0.),(1.,0.,0.),(0.,
-0.998278541284804,-0.0586511211340718),(0.,-0.877260101075577,-0.480015327943669),
(1.45203507662108E-6,-0.998278721073285,-0.0586480609242825),(1.,0.,0.),
(0.,0.,-1.),(-0.000640666055190363,-0.999226826409773,-0.0393107991531528),
(0.,0.,-1.),(0.250589986939539,-0.967089157966446,-0.0440819576401936),
(0.,0.,-1.),(-0.254147018898402,-0.966193881876148,-0.0433436893925211),
(0.,0.,-1.),(-0.254147018580154,-0.966193882025738,-0.0433436879240031),
(0.,0.,-1.),(-0.474408098924459,-0.879016835801427,-0.0476062816498791),
(0.,0.,-1.),(-0.657219109045443,-0.752216467372088,-0.0472591675738334),
(0.,0.,-1.),(-0.79227815561384,-0.608212539820832,-0.0487117084675182),
(0.,0.,-1.),(-0.887473996644937,-0.458290387430269,-0.048578041006993),
(0.,0.,-1.),(-0.950695663666971,-0.306551230750786,-0.0469478222071608),
(0.,0.,-1.),(-0.987139037101675,-0.153329847748918,-0.0452380284635789),
(0.,0.,-1.),(-0.997123326360146,0.00494935925216489,-0.075634488637597),
(0.,0.,-1.),(-0.987002053536142,0.151912598792242,-0.0524357573000091),
(0.,0.,-1.),(-0.952428812512137,0.300179951703841,-0.05264364816196),(0.,
0.,-1.),(-0.890971902897472,0.450854419739415,-0.053845709659107),(0.,-0.99827854162569,
-0.0586511153319882),(1.,0.,0.),(0.,-0.877260101075577,-0.480015327943669),
(0.,-0.877260101075577,-0.480015327943669),(0.,-0.998278541284804,-0.0586511211340718),
(-1.,0.,0.),(-1.,0.,0.),(-1.45203507662108E-6,-0.998278721073285,-0.0586480609242825),
(0.,-0.99956959471198,-0.0293364163941376),(-1.,0.,0.),(0.,0.,-1.),(0.254749036169456,
0.965583835888986,-0.0524479212232904),(0.,0.,-1.),(0.480589342211733,0.875206312819455,
-0.0552068306776264),(0.,0.,-1.),(-0.707106781022186,-0.707106781350909,
0.),(0.,0.,-1.),(0.661346630588859,0.747909639587025,-0.0570246018975105),
(0.,0.,-1.),(0.793347159752171,0.606899309899387,-0.047681356490889),(0.,
0.,-1.),(-0.500000036631097,-0.866025382635464,0.),(0.,0.,-1.),(0.889197488022927,
0.455007044294184,-0.0479209446524851),(0.,0.,-1.),(0.951712599729987,0.3033429663053,
-0.0471823304669342),(0.,0.,-1.),(-0.258819027923195,-0.965925830892255,
0.),(0.,0.,-1.),(0.987266766373365,0.15252224475477,-0.0451807134698709),
(0.,0.,-1.),(0.993452858209184,-0.0128527095973572,-0.113517515705767),
(0.,0.,-1.),(0.,-1.,0.),(0.,0.,-1.),(0.987488884588138,-0.149664228335188,
-0.0496620737757545),(0.,0.,-1.),(-0.987139035472369,-0.153329855484999,
-0.0452380377959814),(0.,0.,-1.),(-0.997123328059369,0.00494937333591735,
-0.0756344653143688),(0.,0.,-1.),(0.258819029330142,-0.965925830515264,
0.),(0.,0.,-1.),(-0.950695657910816,-0.306551250776162,-0.0469478080115765),
(0.,0.,-1.),(0.950613817871569,-0.306795374431551,-0.0470102914162805),
(0.,0.,-1.),(-0.887473996138477,-0.458290388713576,-0.0485780381526739),
(2.83549670229641E-6,0.998277950087429,-0.0586611827463424),(-1.,0.,0.),
(0.,0.99827855189254,-0.0586509405835121),(0.,0.877260101075578,-0.480015327943668),
(1.,0.,0.),(2.03979898104612E-6,0.99827808872414,-0.0586588234549301),(-1.,
0.,0.),(-1.,0.,0.),(0.,0.998278541284804,-0.0586511211340723),(0.,0.877260101075578,
-0.480015327943668),(-1.45203507412881E-6,0.998278721073285,-0.0586480609242883),
(-1.,0.,0.),(-1.,0.,0.),(0.,0.99956959471198,-0.0293364163941411),(0.,0.,
-1.),(-0.987002053536142,0.151912598792242,-0.0524357573000091),(0.,0.,
-1.),(-0.952428810422209,0.300179959669063,-0.0526436405543467),(0.,0.,
-1.),(0.500000029308568,-0.866025386863128,0.),(0.,0.,-1.),(-0.890971905238202,
0.450854413676507,-0.0538457216928179),(0.,0.,-1.),(-0.796202186543939,
0.602427901390735,-0.0560598052851234),(0.,0.,-1.),(-0.660699286614014,
0.748495873938888,-0.0568364263847858),(0.,0.,-1.),(0.885985228895577,-0.461265075067382,
-0.0475889136452529),(0.,0.,-1.),(-0.792278149449398,-0.608212546603301,
-0.0487117240442579),(0.,0.,-1.),(0.789328093767605,-0.612063941593678,
-0.0483620904222409),(0.,0.,-1.),(-0.657219098513643,-0.752216474197664,
-0.0472592053948312),(0.,0.,-1.),(0.654420384737825,-0.754632962888081,
-0.0475715394154277),(0.,0.,-1.),(-0.474408098540897,-0.879016835893664,
-0.0476062837690698),(0.,0.,-1.),(0.473809933572097,-0.879444389085711,
-0.0456257970238975),(0.,1.,0.),(0.,0.,1.),(-1.,0.,0.),(-1.,0.,0.),(0.,
1.,0.),(0.,0.,1.),(0.,1.,0.),(0.,0.,1.),(1.,0.,0.),(0.,1.,0.),(0.,0.,-1.),
(1.,0.,0.),(0.,0.,-1.),(1.,0.,0.),(0.,-1.,0.),(0.,0.,-1.),(1.,0.,0.),(0.,
-1.,0.),(0.,0.,-1.),(-1.,0.,0.),(0.,-1.,0.),(1.,0.,0.),(0.,0.,1.),(0.,-1.,
0.),(0.,-1.,0.),(-1.,0.,0.),(0.,0.,-1.),(1.,0.,0.),(0.,-1.,0.),(0.,0.,1.),
(0.,-1.,0.),(0.,0.,-1.),(1.,0.,0.),(0.,0.,-1.),(0.,-1.,0.),(-1.,0.,0.),
(0.,-1.,0.),(-1.,0.,0.),(0.,0.,1.),(0.,0.,1.),(0.,-1.,0.),(-1.,0.,0.),(0.,
-1.,0.),(-1.,0.,0.),(0.,0.,1.),(0.,0.,1.),(0.,-1.,0.),(1.,0.,0.),(0.,0.,
-1.),(0.,1.,0.),(1.,0.,0.),(1.,0.,0.),(0.,0.,1.),(0.,-1.,0.),(2.08224086013838E-6,
0.998278131146781,-0.0586581014844059),(1.,0.,0.),(1.,0.,0.),(2.75839369932412E-6,
0.998278049475953,-0.0586594913622516),(0.,0.999569613212769,-0.0293357860244933),
(1.,0.,0.),(0.,-0.999737187816368,0.0229249928466817),(0.,-0.480015847306856,
0.877259816892511),(-1.,0.,0.),(-1.,0.,0.),(0.,-0.999737187816368,0.0229249928466817),
(0.,-0.877260101075577,-0.480015327943669),(0.,-0.999737187816368,0.0229249928466817),
(1.,0.,0.),(0.,-0.480015847306856,0.877259816892511),(0.,-0.480015847306856,
0.877259816892511),(-1.,0.,0.),(0.,-1.,0.),(0.,-0.999737187816368,0.0229249928466817),
(0.,-0.877260101075577,-0.480015327943669),(1.,0.,0.),(-1.,0.,0.),(0.,-0.998278680836806,
-0.0586487458239909),(1.,0.,0.),(0.,-1.,0.),(0.,-0.480015847306856,0.877259816892511),
(-1.,0.,0.),(0.,-0.999569613212769,-0.0293357860244887),(-1.,0.,0.),(0.,
-1.,0.),(0.,-0.758908425064712,0.651197360533501),(0.,-1.,0.),(0.,-0.758908425064712,
0.651197360533501),(1.,0.,0.),(1.,0.,0.),(0.,-0.998278680836806,-0.0586487458239909),
(-1.,0.,0.),(0.,-0.758908425064712,0.651197360533501),(0.,0.,1.),(0.,-0.999569613212769,
-0.0293357860244887),(1.,0.,0.),(0.,0.,1.),(0.,-0.758908425064712,0.651197360533501),
(1.,0.,0.),(0.,0.999737187816368,0.0229249928466755),(0.,0.480015847306799,
0.877259816892542),(1.,0.,0.),(1.,0.,0.),(0.,0.999737187816368,0.0229249928466755),
(0.,0.877260097675121,-0.48001533415823),(0.,0.999737187816368,0.0229249928466755),
(-1.,0.,0.),(0.,0.480015847306799,0.877259816892542),(0.,0.480015847306799,
0.877259816892542),(1.,0.,0.),(0.,1.,0.),(0.,0.999737187816368,0.0229249928466755),
(0.,0.877260097675121,-0.48001533415823),(-1.,0.,0.),(-1.,0.,0.),(0.,1.,
0.),(0.,0.480015847306799,0.877259816892542),(-1.,0.,0.),(0.,0.998278684173896,
-0.0586486890222978),(1.,0.,0.),(0.,1.,0.),(0.,0.758908425064722,0.651197360533489),
(0.,1.,0.),(0.,0.758908425064722,0.651197360533489),(-1.,0.,0.),(1.,0.,
0.),(0.,0.758908425064722,0.651197360533489),(0.,0.,1.),(0.,0.758908425064722,
0.651197360533489),(0.,0.,1.),(-1.,0.,0.),(0.,1.,0.),(0.,0.,1.),(-1.,0.,
0.),(0.,0.99827868102085,-0.0586487426913101),(1.,0.,0.),(1.,0.,0.),(0.,
0.999569613212769,-0.0293357860244933),(0.,0.999569613212769,-0.0293357860244933),
(-1.,0.,0.),(1.,0.,0.),(0.,0.877260101075578,-0.480015327943668),(0.,0.999737187816368,
0.0229249928466755),(1.,0.,0.),(0.,0.480015847306799,0.877259816892542),
(0.,1.,0.),(0.,0.877260101075578,-0.480015327943668),(-1.,0.,0.),(0.,0.999737187816368,
0.0229249928466755),(-1.,0.,0.),(0.,1.,0.),(0.,0.480015847306799,0.877259816892542),
(0.,-0.999737187816368,0.0229249928466817),(0.,-0.480015847306856,0.877259816892511),
(-1.,0.,0.),(-1.,0.,0.),(0.,-0.999737187816368,0.0229249928466817),(0.,
-0.877260101075577,-0.480015327943669),(0.,-0.999737187816368,0.0229249928466817),
(1.,0.,0.),(0.,-0.480015847306856,0.877259816892511),(0.,-0.480015847306856,
0.877259816892511),(-1.,0.,0.),(0.,-1.,0.),(0.,-0.999737187816368,0.0229249928466817),
(0.,-0.877260101075577,-0.480015327943669),(1.,0.,0.),(1.,0.,0.),(0.,-1.,
0.),(0.,-0.480015847306856,0.877259816892511),(-1.,0.,0.),(0.,-1.,0.),(0.,
-0.758908425064712,0.651197360533501),(0.,-1.,0.),(0.,-0.758908425064712,
0.651197360533501),(1.,0.,0.),(-1.,0.,0.),(0.,-0.758908425064712,0.651197360533501),
(0.,0.,1.),(0.,-0.758908425064712,0.651197360533501),(0.,0.,1.),(1.,0.,
0.),(1.,0.,0.),(0.,0.999737187816368,0.0229249928466755),(0.,0.480015847306799,
0.877259816892542),(0.,0.999737187816368,0.0229249928466755),(0.,0.480015847306799,
0.877259816892542),(-1.,0.,0.),(1.,0.,0.),(0.,1.,0.),(0.,0.758908425064722,
0.651197360533489),(0.,1.,0.),(0.,0.758908425064722,0.651197360533489),
(-1.,0.,0.),(1.,0.,0.),(0.,0.758908425064722,0.651197360533489),(0.,0.,
1.),(0.,0.,1.),(1.,0.,0.),(0.,1.,0.),(0.,0.,1.),(0.,0.758908425064722,0.651197360533489),
(-1.,0.,0.),(0.,1.,0.),(0.,0.,-1.),(-1.,0.,0.),(-1.,0.,0.),(0.,1.,0.),(0.,
0.,1.),(0.,1.,0.),(1.,0.,0.),(0.,0.,-1.),(0.,1.,0.),(0.,0.,1.),(1.,0.,0.),
(0.976682302228785,0.212829678083499,-0.0281994439653321),(0.997475604384953,
0.0549991092620409,-0.0449167745642377),(0.995357907883761,-0.0690841033973341,
-0.0670076254694101),(0.618028788373895,0.784820772406927,-0.0457905223784306),
(0.724948531413852,0.687862324502631,-0.0359867938379652),(0.76433232178195,
0.643238231127251,-0.0451738851074351),(0.84065031596954,0.540843996648645,
-0.0281925087467124),(0.863263328106085,0.503368215884789,-0.0373746650041188),
(0.91929107004756,0.392546653802161,-0.0284789943561743),(0.933022044524902,
0.3584059817519,-0.0318593263429737),(0.968869390088541,0.245626745772819,
-0.0309775194376936),(0.993998625806994,0.103063275314929,-0.0366700582923864),
(-0.124217889734279,0.991620580040617,-0.0354759229601329),(0.00021859484925989,
0.99804254424579,-0.0625382450319927),(0.125434646790926,0.991506272756817,
-0.0343723794393118),(0.209570056725198,0.976293095339011,-0.054149638203505),
(0.361862955152732,0.931744900230624,-0.0301105061790264),(0.427734820278892,
0.902673986402879,-0.0471444354353639),(0.564750946376844,0.824639644175474,
-0.0320285157415669),(-0.360741863616136,0.932171048723227,-0.030371759201537),
(-0.564101806815722,0.825080249676146,-0.0321206030701026),(-0.724562999205345,
0.688264965579437,-0.0360527022356539),(-0.842383347027761,0.537254496521979,
-0.041807925291996),(-0.922800113436409,0.382227221481332,-0.0483973325753789),
(-0.876932743251575,0.477908651795963,-0.0509144807675738),(-0.767954842748646,
0.638707218789409,-0.0479421335069788),(-0.61777537394494,0.785006519479682,
-0.0460255550926318),(-0.427318646269766,0.902847311627744,-0.0475973364457461),
(-0.20959056926281,0.976254868262059,-0.054756054192402),(-0.972197887526289,
0.227854019237159,-0.0539797499706494),(-0.996740443829156,-0.0697493231871817,
-0.0405403447221055),(-0.974890268223044,-0.220794879966062,-0.0289583477562868),
(-0.92906277672016,-0.368887077169362,-0.0276528698415169),(-0.964763131299786,
-0.26009241691133,-0.0397999390684889),(-0.991459894768837,-0.121829847607054,
-0.0465270383434058),(-0.995784522011869,0.00815158778413546,-0.0913604801771034),
(-0.995672659608867,0.0728375215354892,-0.0577117870453835),(-0.948337810514371,
0.312878588429232,-0.0525584060958951),(-0.855800621181774,-0.516507956021275,
-0.028719821580467),(-0.371163219913283,-0.928013952456989,-0.0320619436210741),
(-0.454415494282732,-0.888902822677086,-0.0579511034622147),(-0.567624015074471,
-0.822843564453289,-0.0270452574131327),(-0.613323625095798,-0.788676552395103,
-0.0427015995194928),(-0.721250025145656,-0.692191077327914,-0.0258826910311253),
(-0.750928942418458,-0.659566797012385,-0.0328232191766728),(-0.83485438258922,
-0.549672745386938,-0.0296316190978322),(-0.914103300387254,-0.404032352241694,
-0.0342493001851606),(-0.144771226542445,-0.989307739330807,-0.0176490471573917),
(0.36323822714206,-0.93134775735217,-0.0254822529964925),(0.558591892251493,
-0.829114074665228,-0.0233441449387139),(0.42104669827251,-0.905930370604745,
-0.044831255723741),(0.255272000432878,-0.96488899129305,-0.0618501437061989),
(0.133506051470319,-0.990857393311336,-0.0194360577553631),(0.0785891793429488,
-0.996214504197403,-0.0371537685426972),(-0.0986870252825899,-0.994809795482878,
-0.0247859204426013),(-0.301885276039892,-0.951932391833981,-0.0518652242601305),
(0.987620064507471,-0.147853515366534,-0.052401776458599),(0.973211207476174,
-0.226734423804676,-0.0380978569571691),(0.958189364938538,-0.281787173730387,
-0.0496903374885116),(0.925886704348941,-0.376464087443263,-0.0317584882412144),
(0.905684581606225,-0.421586994025508,-0.0447196277857117),(0.850134317114563,
-0.525838923468446,-0.0276598884614883),(0.825342522364649,-0.563327122877345,
-0.038370215108745),(0.741124041652724,-0.670867615983653,-0.0259190414317604),
(0.711566141687171,-0.70196827205208,-0.0302352614781238),(0.596288097680379,
-0.802197175985982,-0.0303347227584263),(0.919291072992589,0.392546644962181,
-0.0284790211395929),(0.933022044525198,0.35840598175205,-0.0318593263326308),
(0.968869390088541,0.245626745772819,-0.0309775194376936),(0.361862955152732,
0.931744900230624,-0.0301105061790264),(0.42773481978133,0.9026739866524,
-0.0471444351721009),(0.564750946217926,0.82463964439772,-0.0320285128215299),
(0.618028788895014,0.7848207719764,-0.0457905227239099),(0.724948531536997,
0.687862324177361,-0.0359867975745275),(0.764332321175038,0.643238231878324,
-0.0451738846816031),(0.84065031580103,0.540843997132806,-0.0281925044832591),
(0.86326333611456,0.50336820448156,-0.0373746336084992),(-0.124217889685347,
0.991620580069468,-0.0354759223250181),(-0.360741863917258,0.932171048555085,
-0.0303717607855627),(-0.209590570433355,0.976254868060592,-0.0547560533038792),
(0.000218595405343491,0.998042544245658,-0.0625382450321638),(0.125434646889369,
0.991506272699409,-0.0343723807360493),(0.209570056725198,0.976293095339011,
-0.054149638203505),(-0.564101806973567,0.825080249453843,-0.0321206060083097),
(-0.724562995632122,0.688264968711225,-0.0360527142603926),(-0.842383345981344,
0.537254495500937,-0.0418079594970639),(-0.922800112753419,0.382227218850389,
-0.0483973663764295),(-0.972197888936642,0.227854022603671,-0.0539797103591914),
(-0.94833780758019,0.312878597529267,-0.0525584048665651),(-0.876932745736297,
0.477908646503432,-0.0509144876499454),(-0.767954841672592,0.638707218050457,
-0.0479421605882529),(-0.617775362837637,0.785006525386791,-0.046025603428768),
(-0.427318646771639,0.902847311376549,-0.0475973367048224),(-0.996740445254939,
-0.069749323285759,-0.0405403094976525),(-0.974890266590728,-0.220794883356757,
-0.0289583768560296),(-0.929062772438984,-0.368887085993475,-0.0276528959646338),
(-0.855800620845586,-0.51650795661778,-0.0287198208705269),(-0.721250019935705,
-0.692191082411597,-0.0258827002572545),(-0.750928937546155,-0.659566801274844,
-0.0328232449930411),(-0.834854379841588,-0.549672749547193,-0.0296316193372241),
(-0.914103300237913,-0.404032352983745,-0.0342492954172032),(-0.964763128981599,
-0.260092431121599,-0.0397999023980118),(-0.991459893726879,-0.121829855088445,
-0.0465270409569945),(-0.995784525057601,0.00815160765860454,-0.0913604452068218),
(-0.995672657172603,0.0728375270369722,-0.057711822133657),(-0.371163219883715,
-0.928013952393412,-0.0320619458035621),(-0.144771226486595,-0.989307739324952,
-0.0176490479437014),(0.0785891791142865,-0.996214504193337,-0.0371537691353844),
(-0.0986870253032469,-0.994809795481399,-0.0247859204197248),(-0.301885275733095,
-0.951932391829505,-0.051865226128026),(-0.454415493177804,-0.888902823078911,
-0.0579511059628359),(-0.567624014781174,-0.822843564637991,-0.0270452579493374),
(-0.613323612413107,-0.788676559725696,-0.0427016462888473),(0.363238224971175,
-0.931347758847853,-0.0254822292759519),(0.558591892251493,-0.829114074665228,
-0.0233441449387139),(0.825342522160949,-0.563327122840123,-0.038370220036802),
(0.741124041542866,-0.670867615938374,-0.025919045744988),(0.711566142106479,
-0.701968271650199,-0.0302352609403889),(0.596288098305626,-0.802197175631275,
-0.0303347198481404),(0.42104669827251,-0.905930370604745,-0.044831255723741),
(0.255271993213268,-0.964888993288734,-0.0618501423699186),(0.133506051493959,
-0.990857393322888,-0.0194360570040035),(0.99747560471357,0.054999118068417,
-0.0449167564834605),(0.9766822991791,0.212829688303476,-0.0281994724573506),
(0.993998625530622,0.103063289160435,-0.0366700268702761),(0.995357908275434,
-0.0690841034253587,-0.0670076196224565),(0.987620065101923,-0.147853527857072,
-0.0524017300123945),(0.973211206837372,-0.22673442777804,-0.0380978496284308),
(0.958189364938538,-0.281787173730387,-0.0496903374885116),(0.925886704348941,
-0.376464087443263,-0.0317584882412144),(0.905684584673053,-0.421586987785274,
-0.044719624503555),(0.850134319882558,-0.525838920550244,-0.0276598588639556),
(0.,1.,0.),(-1.,0.,0.),(0.126625198659841,-0.991950633380692,0.),(0.251210779088194,
-0.967932406973701,0.),(0.371752254601871,-0.928331977903608,0.),(0.486309787733198,
-0.873786467253237,0.),(0.593038401170268,-0.805174176645906,0.),(0.69021937045578,
-0.72360018010475,0.),(0.0634403889762232,-0.997985629679378,0.),(0.,-1.,
0.),(0.776288884206694,-0.63037732213106,0.),(0.646235667684565,-0.7631379048457,
0.),(0.474081149223501,-0.880481154796015,0.),(0.480129131858876,-0.877197820756779,
0.),(0.48615437267588,-0.873872946101504,0.),(0.585751685412313,-0.810490569369339,
0.),(0.67718542132423,-0.735812411655257,0.),(0.759181224307826,-0.650879304217356,
0.),(0.830596345527404,-0.556874950771286,0.),(0.890435642430695,-0.455109181064319,
0.),(0.937864930466765,-0.347000536311647,0.),(0.972223154980086,-0.234055841457904,
0.),(0.993031511700585,-0.117849127148448,0.),(1.,0.,0.),(0.998256357628106,
-0.0590274889781569,0.),(0.563222690207167,-0.826305150193197,0.),(0.722216843553369,
-0.691666705059459,0.),(0.790339379844904,-0.612669294698512,0.),(0.783364177309381,
-0.621563002203636,0.),(0.,1.,0.),(-0.998256357889366,-0.0590274845598049,
0.),(-0.993031511577047,-0.117849128189411,0.),(-0.972223151390228,-0.234055856369486,
0.),(-0.937864929931244,-0.34700053775904,0.),(-0.890435647970564,-0.455109170225389,
0.),(-0.830596345013119,-0.556874951538358,0.),(-0.759181207559657,-0.650879323752307,
0.),(-0.67718542484025,-0.735812408419381,0.),(-0.585751470493368,-0.810490724693908,
0.),(-1.,0.,0.),(-0.486153859572252,-0.873873231551924,0.),(-0.474081232324399,
-0.880481110051646,0.),(-0.646235667684565,-0.7631379048457,0.),(-0.776288893932301,
-0.630377310154296,0.),(-0.690219139845803,-0.723600400076258,0.),(-0.593037862453572,
-0.805174573428954,0.),(-0.486309688471384,-0.873786522497839,0.),(-0.371752645363576,
-0.928331821422267,0.),(-0.126625195158502,-0.991950633827647,0.),(0.,-1.,
0.),(-0.0634403937228301,-0.997985629377644,0.),(-0.251210976184287,-0.967932355820663,
0.),(-0.78336416938116,-0.621563012195679,0.),(-0.79033937922811,-0.612669295494172,
0.),(-0.56322273421468,-0.826305120196976,0.),(-0.480128911776978,-0.877197941217291,
0.),(1.,0.,0.),(0.70710679644346,0.707106765929635,0.),(0.793353262358618,
0.608761530572471,0.),(-0.258819000728955,0.965925838178928,0.),(-0.130526210217427,
0.991444859004411,0.),(0.,1.,0.),(0.130526209765165,0.991444859063952,0.),
(0.258818996543076,0.965925839300531,0.),(0.382683336310438,0.92387957229842,
0.),(-0.965925839300531,0.258818996543076,0.),(-0.923879572298422,0.382683336310434,
0.),(-0.866025402641379,0.500000001979837,0.),(-0.793353269424063,0.608761521364606,
0.),(-0.707106766343717,0.707106796029377,0.),(-0.608761530969503,0.793353262053965,
0.),(-0.500000005903214,0.866025400376217,0.),(-0.382683342061616,0.923879569916205,
0.),(-0.707106780056218,-0.707106782316878,0.),(-0.793353250301976,-0.608761546284988,
0.),(-0.866025404018326,-0.499999999594895,0.),(-0.923879572298422,-0.382683336310434,
0.),(-0.965925836550806,-0.25881900680519,0.),(-0.991444858302718,-0.130526215547314,
0.),(-1.,0.,0.),(-0.991444859064313,0.130526209762423,0.),(0.258819006805198,
-0.965925836550804,0.),(0.130526215547303,-0.991444858302719,0.),(0.,-1.,
0.),(-0.130526209761042,-0.991444859064495,0.),(-0.258818997129402,-0.965925839143425,
0.),(-0.382683336789708,-0.9238795720999,0.),(-0.500000061337931,-0.866025368370965,
0.),(-0.608761567834771,-0.793353233766241,0.),(0.965925839143423,-0.258818997129412,
0.),(0.923879572099904,-0.382683336789698,0.),(0.866025368370969,-0.500000061337924,
0.),(0.793353233766241,-0.608761567834771,0.),(0.707106765929636,-0.707106796443459,
0.),(0.608761530572469,-0.793353262358619,0.),(0.500000010979762,-0.86602539744527,
0.),(0.382683346689814,-0.923879567999143,0.),(0.866025397445269,0.500000010979764,
0.),(0.923879567999147,0.382683346689804,0.),(0.965925836550807,0.258819006805189,
0.),(0.991444858302718,0.130526215547314,0.),(1.,0.,0.),(0.99144485836244,
-0.130526215093681,0.),(0.608761520055226,0.793353270428786,0.),(0.500000000307325,
0.866025403607004,0.),(0.997037303036133,0.0750011523923295,-0.0170717162071077),
(0.,-1.,0.),(1.,0.,0.),(-1.,0.,0.),(0.,-1.,0.),(1.,0.,0.),(0.,1.,0.),(0.,
1.,0.),(-1.,0.,0.),(1.,0.,0.),(0.,1.,0.),(0.,1.,0.),(-1.,0.,0.),(0.852169905216324,
0.522236682519124,-0.0327917684033717),(0.744978238372023,0.66585221017283,
-0.0405987507206169),(0.591731207337927,0.80519468424332,-0.0389319756588315),
(0.395069324747699,0.917837732009595,-0.0386539304971594),(0.167663834260802,
0.984848223148826,-0.0443036797745656),(-0.167069215588109,0.984910350616268,
-0.0451605851569028),(-0.394305827000617,0.918150855372322,-0.0390118132420604),
(-0.591284595240044,0.805514761838635,-0.0390959830655899),(-0.746677192010382,
0.663857973098919,-0.0420209767197882),(-0.860174146007648,0.507886300220503,
-0.0463890567735792),(-0.936210334073627,0.347791171082297,-0.0505124904449658),
(-0.980355136354305,0.189917090077467,-0.0532475869898342),(-0.987035687045735,
0.15169408780493,-0.0524352574436827),(-0.992138370129032,0.11235461384993,
-0.0551171050068978),(-0.994445315207853,-0.0958228467676259,-0.0435487898626577),
(-0.970040663227858,-0.240496704483022,-0.0343867244334734),(-0.921756168555736,
-0.386532321332924,-0.030956910285603),(-0.84549021789863,-0.533192967937481,
-0.0291813361542701),(-0.736272958094098,-0.676047412979747,-0.0293602892144842),
(-0.590732386490718,-0.806112910531778,-0.0348887234642661),(-0.336766963039612,
-0.940651119710431,-0.0419938518427295),(-0.121762690771766,-0.992332311882412,
-0.0212233345666418),(0.106092163192448,-0.993953307775245,-0.0283067990383128),
(0.392356464510656,-0.919140391241196,-0.0351759284977746),(0.577598451658377,
-0.81587945072077,-0.026846797451837),(0.726513985083756,-0.686577553000607,
-0.0280836819776131),(0.837962051648785,-0.544728395763695,-0.0330238526715329),
(0.916084817136143,-0.399155892919905,-0.0382515484647718),(0.966109863970105,
-0.254368639234393,-0.0439127101612827),(0.992292800072692,-0.108556752760973,
-0.0597530781959307),(0.996034757657269,0.0790548273675676,-0.0408055855062763),
(0.972915030823495,0.229261015346485,-0.0295927295127693),(0.926314688491112,
0.375540421275289,-0.0301743247479133),(-1.,0.,0.),(-1.,0.,0.),(-1.,0.,
0.),(-1.,0.,0.),(-1.,0.,0.),(-1.,0.,0.),(-1.,0.,0.),(-1.,0.,0.),(-1.,0.,
0.),(-1.,0.,0.),(-1.,0.,0.),(-1.,0.,0.),(-1.,0.,0.),(-1.,0.,0.),(-1.,0.,
0.),(-1.,0.,0.),(-1.,0.,0.),(-1.,0.,0.),(-1.,0.,0.),(-1.,0.,0.),(-1.,0.,
0.),(-1.,0.,0.),(-1.,0.,0.),(-1.,0.,0.),(-1.,0.,0.),(-1.,0.,0.),(-1.,0.,
0.),(-1.,0.,0.),(-1.,0.,0.),(-1.,0.,0.),(-1.,0.,0.),(-1.,0.,0.),(-1.,0.,
0.),(-1.,0.,0.),(-1.,0.,0.),(-1.,0.,0.),(-1.,0.,0.),(-1.,0.,0.),(-1.,0.,
0.),(-1.,0.,0.),(-1.,0.,0.),(-1.,0.,0.),(-1.,0.,0.),(-1.,0.,0.),(-1.,0.,
0.),(-1.,0.,0.),(-1.,0.,0.),(-1.,0.,0.),(-1.,0.,0.),(-1.,0.,0.),(-1.,0.,
0.),(-1.,0.,0.),(-1.,0.,0.),(-1.,0.,0.),(-1.,0.,0.),(-1.,0.,0.),(0.,-1.,
0.),(0.,-1.,0.),(0.,-1.,0.),(0.,-1.,0.),(0.,-1.,0.),(0.,-1.,0.),(0.,-1.,
0.),(0.,-1.,0.),(0.,-1.,0.),(0.,-1.,0.),(0.,-1.,0.),(0.,-1.,0.),(0.,-1.,
0.),(0.,-1.,0.),(0.,-1.,0.),(0.,-1.,0.),(0.,-1.,0.),(0.,-1.,0.),(0.,-1.,
0.),(0.,-1.,0.),(0.,-1.,0.),(0.,-1.,0.),(0.,-1.,0.),(0.,-1.,0.),(0.,-1.,
0.),(0.,-1.,0.),(0.,-1.,0.),(0.,-1.,0.),(0.,-1.,0.),(0.,-1.,0.),(0.788025498126508,
-0.615642602735117,0.),(0.789183847467773,-0.614157027881277,0.),(0.78686434406339,
-0.617126003375073,0.),(0.785700397610539,-0.618607213985289,0.),(0.78453367118926,
-0.620086218819852,0.),(0.591609388148799,-0.806224740289085,0.),(0.577494731146979,
-0.816394411726023,0.),(0.605553387481021,-0.795804683895653,0.),(0.619313896450777,
-0.785143488582155,0.),(0.632878582360385,-0.774251057467479,0.),(0.478115653518266,
-0.878296887083634,0.),(0.479122710482908,-0.877747929817844,0.),(0.47710796493187,
-0.878844690373999,0.),(0.476099648698145,-0.879391337522438,0.),(0.475090708798952,
-0.879936826376138,0.),(0.999996230621998,-0.00274567692836608,0.),(0.999999057727929,
-0.00137278667458644,0.),(0.999991518271539,-0.00411866300918806,0.),(0.999984920297775,
-0.00549173716156376,0.),(0.999976436353853,-0.00686489162688522,0.),(0.999966066124853,
-0.00823811864364385,0.),(0.999953809327814,-0.00961141044764924,0.),(0.999939665711752,
-0.0109847592722483,0.),(0.999923635057672,-0.0123581573485445,0.),(0.999905717178585,
-0.0137315969056171,0.),(0.999885911919523,-0.0151050701707411,0.),(0.999864219157547,
-0.0164785693696065,0.),(0.999840638801758,-0.0178520867265385,0.),(0.999815170793309,
-0.0192256144647171,0.),(0.999787815105408,-0.0205991448063974,0.),(0.999758571743324,
-0.0219726699731296,0.),(0.999727440744396,-0.0233461821859791,0.),(0.999694422178027,
-0.0247196736657467,0.),(0.999659516145693,-0.0260931366331891,0.),(0.99962272278094,
-0.0274665633092388,0.),(0.999584042249378,-0.0288399459152249,0.),(0.999543474748685,
-0.0302132766730928,0.),(0.999501020508595,-0.0315865478056247,0.),(0.999456679790896,
-0.0329597515366599,0.),(0.99941045288942,-0.0343328800913148,0.),(0.999362340130034,
-0.0357059256962033,0.),(0.999312341870628,-0.0370788805796562,0.),(0.999260458501106,
-0.0384517369719419,0.),(0.999206690443366,-0.0398244871054855,0.),(0.99915103815129,
-0.0411971232150888,0.),(0.999093502110724,-0.0425696375381501,0.),(0.999034082839459,
-0.0439420223148832,0.),(0.998972780887213,-0.0453142697885364,0.),(0.998909596835609,
-0.0466863722056124,0.),(0.99884453129815,-0.0480583218160863,0.),(0.998777584920197,
-0.0494301108736246,0.),(0.99870875837894,-0.0508017316358036,0.),(0.998638052383373,
-0.0521731763643276,0.),(0.998565467674264,-0.0535444373252465,0.),(0.998491005024125,
-0.054915506789174,0.),(0.998414665237179,-0.0562863770315043,0.),(0.998336449149324,
-0.0576570403326296,0.),(0.,1.,0.),(0.,1.,0.),(0.,1.,0.),(0.,1.,0.),(0.,
1.,0.),(0.,1.,0.),(0.,1.,0.),(0.,1.,0.),(0.,1.,0.),(0.,1.,0.),(0.,1.,0.),
(0.,1.,0.),(0.,1.,0.),(0.,1.,0.),(0.,1.,0.),(0.,1.,0.),(0.,1.,0.),(0.,1.,
0.),(0.,1.,0.),(0.,1.,0.),(0.,1.,0.),(0.,1.,0.),(0.,1.,0.),(0.,1.,0.),(0.,
1.,0.),(0.,1.,0.),(0.,1.,0.),(0.,1.,0.),(0.,1.,0.),(0.,1.,0.),(0.,1.,0.),
(0.,1.,0.),(0.,1.,0.),(0.,1.,0.),(0.,1.,0.),(0.,1.,0.),(0.,1.,0.),(0.,1.,
0.),(0.,1.,0.),(0.,1.,0.),(0.,1.,0.),(0.,1.,0.),(0.,1.,0.),(0.,1.,0.),(0.,
1.,0.),(0.,1.,0.),(0.,1.,0.),(-1.,0.,0.),(-1.,0.,0.),(-1.,0.,0.),(-1.,0.,
0.),(-1.,0.,0.),(-1.,0.,0.),(-1.,0.,0.),(-1.,0.,0.),(-1.,0.,0.),(-1.,0.,
0.),(-1.,0.,0.),(-1.,0.,0.),(-1.,0.,0.),(-1.,0.,0.),(-1.,0.,0.),(-1.,0.,
0.),(-1.,0.,0.),(-1.,0.,0.),(-1.,0.,0.),(-1.,0.,0.),(-1.,0.,0.),(-1.,0.,
0.),(-1.,0.,0.),(-1.,0.,0.),(-1.,0.,0.),(-1.,0.,0.),(-1.,0.,0.),(-1.,0.,
0.),(-1.,0.,0.),(-1.,0.,0.),(-1.,0.,0.),(-1.,0.,0.),(-1.,0.,0.),(-1.,0.,
0.),(-1.,0.,0.),(-1.,0.,0.),(-1.,0.,0.),(-1.,0.,0.),(-1.,0.,0.),(-1.,0.,
0.),(-1.,0.,0.),(-1.,0.,0.),(-0.534155099193569,-0.845386497411396,0.),
(-0.548780655755833,-0.835966382020352,0.),(-0.519358873245283,-0.854556236172547,
0.),(-0.504405275112507,-0.863467033788017,0.),(-0.489308030821804,-0.872111031333333,
0.),(-0.697733875854693,-0.716357060748889,0.),(-0.710090091165136,-0.704110831069292,
0.),(-0.685158814422331,-0.728393711545745,0.),(-0.672376140871396,-0.740209649482421,
0.),(-0.659397654930917,-0.751794342005583,0.),(-0.76856164344913,-0.63977574213061,
0.),(-0.779574926763226,-0.626308976114913,0.),(-0.757308872561113,-0.653056867003338,
0.),(-0.745826627140834,-0.666140107070373,0.),(-0.734125545528875,-0.679013757888551,
0.),(-0.722216842170966,-0.691666706502921,0.),(-0.00409342631550262,-0.999991621895403,
0.),(-0.00204659301477833,-0.999997905726323,0.),(-0.00614047421409304,
-0.999981147110497,0.),(-0.00818771100564509,-0.999966480132453,0.),(-0.0102351109700388,
-0.999947619879877,0.),(-0.0122826483735506,-0.999924565429279,0.),(-0.014330297470467,
-0.999897316015204,0.),(-0.0163780325047007,-0.999865871030347,0.),(-0.018425827711408,
-0.999830230025653,0.),(-0.0204736573186081,-0.999790392710392,0.),(-0.0225214955488034,
-0.999746358952232,0.),(-0.0245693166206009,-0.999698128777281,0.),(-0.0266170947503345,
-0.999645702370121,0.),(-0.0286648041536873,-0.999589080073823,0.),(-0.0307124190473152,
-0.999528262389945,0.),(-0.0327599136504695,-0.999463249978514,0.),(-0.0348072621866203,
-0.999394043657992,0.),(-0.0368544388850785,-0.999320644405221,0.),(-0.0389014179826182,
-0.999243053355359,0.),(-0.0409481737250971,-0.999161271801794,0.),(-0.0429946803690769,
-0.999075301196041,0.),(-0.0450409121834417,-0.998985143147626,0.),(-0.0470868434510145,
-0.998890799423951,0.),(-0.0491324484701727,-0.998792271950142,0.),(-0.051177701556461,
-0.998689562808883,0.),(-0.053222577044202,-0.998582674240232,0.),(-0.0552670492881044,
-0.998471608641421,0.),(-0.0573110926648684,-0.998356368566635,0.),(-0.059354681574788,
-0.998236956726786,0.),(-0.06139779044335,-0.998113375989258,0.),(1.,0.,
0.),(1.,0.,0.),(1.,0.,0.),(1.,0.,0.),(1.,0.,0.),(1.,0.,0.),(1.,0.,0.),(1.,
0.,0.),(1.,0.,0.),(1.,0.,0.),(1.,0.,0.),(1.,0.,0.),(1.,0.,0.),(1.,0.,0.),
(1.,0.,0.),(1.,0.,0.),(1.,0.,0.),(1.,0.,0.),(1.,0.,0.),(1.,0.,0.),(1.,0.,
0.),(1.,0.,0.),(1.,0.,0.),(1.,0.,0.),(1.,0.,0.),(1.,0.,0.),(1.,0.,0.),(1.,
0.,0.),(1.,0.,0.),(1.,0.,0.),(1.,0.,0.),(1.,0.,0.),(1.,0.,0.),(1.,0.,0.),
(1.,0.,0.),(1.,0.,0.),(1.,0.,0.),(1.,0.,0.),(1.,0.,0.),(1.,0.,0.),(1.,0.,
0.),(1.,0.,0.),(1.,0.,0.),(1.,0.,0.),(1.,0.,0.),(1.,0.,0.),(1.,0.,0.),(1.,
0.,0.),(1.,0.,0.),(1.,0.,0.),(1.,0.,0.),(1.,0.,0.),(1.,0.,0.),(1.,0.,0.),
(1.,0.,0.),(1.,0.,0.),(0.,1.,0.),(0.,1.,0.),(0.,1.,0.),(0.,1.,0.),(0.,1.,
0.),(0.,1.,0.),(0.,1.,0.),(0.,1.,0.),(0.,1.,0.),(0.,1.,0.),(0.,1.,0.),(0.,
1.,0.),(0.,1.,0.),(0.,1.,0.),(0.,1.,0.),(0.,1.,0.),(0.,1.,0.),(0.,1.,0.),
(0.,1.,0.),(0.,1.,0.),(0.,1.,0.),(0.,1.,0.),(0.,1.,0.),(0.,1.,0.),(0.,1.,
0.),(0.,1.,0.),(0.,1.,0.),(0.,1.,0.),(0.,1.,0.),(0.,1.,0.),(0.,1.,0.),(0.,
1.,0.),(0.,1.,0.),(0.,1.,0.),(0.,1.,0.),(0.,1.,0.),(0.,1.,0.),(0.,1.,0.),
(0.,1.,0.),(0.,1.,0.),(0.,1.,0.),(0.,1.,0.),(0.,1.,0.),(0.,1.,0.),(0.,1.,
0.),(0.,1.,0.),(0.,1.,0.),(0.422593066803368,0.906319535202527,0.),(0.402714910403937,
0.915325461755735,0.),(0.442288643754744,0.896872764446323,0.),(0.461773179482373,
0.88699804436692,0.),(0.481019117357529,0.876710105300825,0.),(0.173620863944017,
0.984812568767953,0.),(0.152089162624992,0.988366777371654,0.),(0.195090306041134,
0.980785283580854,0.),(0.216466659634045,0.976290010840467,0.),(0.237719494692097,
0.971333846750608,0.),(-0.0871833906623618,0.996192278826038,0.),(-0.108901322512496,
0.994052564985891,0.),(-0.0654031553064004,0.997858921529475,0.),(-0.0435917124195705,
0.999049429512038,0.),(-0.0217802918243766,0.999762781307668,0.),(-0.342046125309019,
0.93968316371056,0.),(-0.362470233109761,0.931995348759507,0.),(-0.321439397274437,
0.946930152587743,0.),(-0.300679292474498,0.953725307977635,0.),(-0.279795712202631,
0.960059560357076,0.),(-0.573599223403462,0.81913608815077,0.),(-0.591337664882264,
0.806424060957751,0.),(-0.555570289283156,0.831469574708438,0.),(-0.537276260712442,
0.843406319442092,0.),(-0.518743672861706,0.854929822772576,0.),(-0.766062212966768,
0.642766431812099,0.),(-0.779906097212263,0.625896540596875,0.),(-0.751839762180935,
0.659345866752583,0.),(-0.737258566714987,0.675610691008781,0.),(-0.722339987065344,
0.691538099519064,0.),(-0.906319534931003,0.422593067385695,0.),(-0.91532546162673,
0.40271491069715,0.),(-0.896872764019239,0.442288644620784,0.),(-0.88699804377182,
0.461773180625472,0.),(-0.876710104525947,0.481019118769828,0.),(-0.984812568768273,
0.1736208639422,0.),(-0.988366777372005,0.152089162622712,0.),(-0.980785283581124,
0.195090306039778,0.),(-0.976290010840666,0.216466659633147,0.),(-0.971333846750717,
0.237719494691651,0.),(-0.996192278513188,-0.0871833942371126,0.),(-0.994052564497501,
-0.108901326970527,0.),(-0.997858921353569,-0.0654031579901981,0.),(-0.999049429433979,
-0.0435917142085663,0.),(-0.999762781288188,-0.0217802927185737,0.),(-0.93968316441556,
-0.342046123372215,0.),(-0.93199535026341,-0.362470229242878,0.),(-0.946930152577209,
-0.32143939730547,0.),(-0.95372530733819,-0.300679294502757,0.),(-0.960059559177854,
-0.279795716248881,0.),(-0.819136082151683,-0.573599231970539,0.),(-0.806424052150151,
-0.59133767689344,0.),(-0.831469571369314,-0.555570294280508,0.),(-0.843406318602944,
-0.537276262029721,0.),(-0.854929824263361,-0.518743670404776,0.),(-0.642766455997747,
-0.766062192673739,0.),(-0.625896575779616,-0.779906068977125,0.),(-0.659345880280025,
-0.751839750317685,0.),(-0.675610694262686,-0.737258563733167,0.),(-0.691538092926554,
-0.722339993376737,0.),(-0.42259308836655,-0.906319525148179,0.),(-0.402714921499603,
-0.915325456873985,0.),(-0.442288675589616,-0.896872748747103,0.),(-0.461773221347618,
-0.886998022571778,0.),(-0.481019168968342,-0.876710076983837,0.),(-0.173620864140168,
-0.984812568733371,0.),(-0.152089162721079,-0.988366777356868,0.),(-0.195090306336768,
-0.980785283522049,0.),(-0.21646666002815,-0.976290010753084,0.),(-0.237719495183236,
-0.971333846630409,0.),(0.0871833942376381,-0.996192278513142,0.),(0.108901326970783,
-0.994052564497473,0.),(0.0654031579909948,-0.997858921353517,0.),(0.0435917142096346,
-0.999049429433932,0.),(0.0217802927199127,-0.999762781288159,0.),(0.342046130416884,
-0.939683161851289,0.),(0.362470237976658,-0.931995346866681,0.),(0.321439402624646,
-0.946930150771592,0.),(0.300679298067508,-0.953725306214337,0.),(0.279795718037964,
-0.960059558656451,0.),(0.573599224727418,-0.81913608722367,0.),(0.59133766532974,
-0.806424060629625,0.),(0.555570291512094,-0.831469573219109,0.),(0.537276263871133,
-0.843406317429907,0.),(0.518743676970972,-0.854929820279206,0.),(0.766062187717831,
-0.642766461904299,0.),(0.77990606657111,-0.62589657877766,0.),(0.751839742677495,
-0.659345888991991,0.),(0.737258553284994,-0.675610705664229,0.),(0.722339980008647,
-0.691538106890073,0.),(0.906319525148183,-0.422593088366541,0.),(0.915325456873989,
-0.402714921499593,0.),(0.896872748747107,-0.442288675589607,0.),(0.886998022571782,
-0.46177322134761,0.),(0.876710076983841,-0.481019168968334,0.),(0.984812568110212,
-0.173620867674851,0.),(0.988366776674523,-0.15208916715537,0.),(0.980785282997387,
-0.195090308974424,0.),(0.976290010365724,-0.216466661775191,0.),(0.971333846418321,
-0.23771949604984,0.),(0.996192278695697,0.0871833921516857,0.),(0.994052564611162,
0.10890132593303,0.),(0.997858921559334,0.0654031548508332,0.),(0.999049429617012,
0.0435917100137537,0.),(0.999762781402502,0.0217802874713209,0.),(0.939683161851293,
0.342046130416875,0.),(0.931995346866685,0.362470237976648,0.),(0.946930150771595,
0.321439402624637,0.),(0.95372530621434,0.300679298067498,0.),(0.960059558656454,
0.279795718037955,0.),(0.819136087223669,0.57359922472742,0.),(0.806424060629624,
0.591337665329741,0.),(0.831469573219108,0.555570291512096,0.),(0.843406317429906,
0.537276263871134,0.),(0.854929820279205,0.518743676970974,0.),(0.642766431117653,
0.766062213549445,0.),(0.625896539598954,0.779906098013123,0.),(0.65934586635229,
0.751839762531983,0.),(0.675610690892057,0.737258566821952,0.),(0.691538099674152,
0.722339986916869,0.),(0.995664936821915,0.0890453580445389,-0.0268748543090466),
(0.972915032455161,0.229261010260886,-0.0295927152679643),(0.926314687118462,
0.375540425736608,-0.0301743113623559),(0.852169901214095,0.522236687930221,
-0.0327917862342402),(0.744978238635458,0.665852209978996,-0.0405987490656693),
(0.591731207140851,0.805194684325923,-0.0389319769458091),(0.395069325001053,
0.917837731894978,-0.0386539306293118),(0.167663834212995,0.984848223186142,
-0.0443036791259581),(-0.167069215022447,0.984910350677308,-0.0451605859183121),
(-0.394305826599532,0.918150855583751,-0.0390118123199335),(-0.591284600750391,
0.805514759038723,-0.0390959574155502),(-0.746677194246772,0.663857971822212,
-0.0420209571507827),(-0.86017414526079,0.507886303363081,-0.046389036216055),
(-0.936210336121759,0.347791167934061,-0.0505124741607985),(-0.980355135605816,
0.189917088384655,-0.0532476068081675),(-0.987035687045735,0.15169408780493,
-0.0524352574436827),(-0.992138371415135,0.1123546111046,-0.0551170874526055),
(-0.994445314860618,-0.0958228429613658,-0.0435488061669521),(-0.970040665271702,
-0.240496695697496,-0.0343867282220918),(-0.921756170898113,-0.386532316602076,
-0.0309568996102726),(-0.845490219404981,-0.533192965536031,-0.029181336388352),
(-0.736272963108496,-0.676047408279816,-0.0293602716877521),(-0.590732392994339,
-0.806112906789933,-0.0348886998018839),(-0.336766963206703,-0.940651119741093,
-0.0419938498159258),(-0.12176269078965,-0.992332311888382,-0.0212233341848692),
(0.106092163294005,-0.993953307762153,-0.0283067991174161),(0.392356465535565,
-0.919140390349753,-0.0351759403590374),(0.577598451343822,-0.815879450895566,
-0.0268467989072935),(0.726513984937657,-0.686577553232424,-0.0280836800897626),
(0.837962050250708,-0.544728397166663,-0.0330238650050082),(0.916084815690705,
-0.399155896079593,-0.0382515501100806),(0.966109864324302,-0.254368637255994,
-0.0439127138287815),(0.992292799188358,-0.108556746453856,-0.0597531043401699)),
$,(7,7,8,8,10,10,6,6,6,50,50,50,5,5,5,12,12,51,51,51,14,14,16,16,18,18,
20,20,22,22,33,33,33,24,24,40,40,26,26,28,28,32,32,32,34,34,39,39,309,309,
309,36,36,311,311,311,312,312,312,310,310,310,47,47,47,48,48,48,307,307,
307,49,49,308,308,308,484,484,484,379,379,379,45,45,45,46,46,46,41,41,1131,
1131,1126,1126,1124,1124,1129,1129,1129,1135,1135,1133,1133,1125,1125,1123,
1123,859,859,859,1140,1140,1119,1119,1119,856,856,856,858,858,858,1138,
1138,1127,1127,1127,1142,1142,1118,1118,1118,1145,1145,1146,1146,1149,1149,
1158,1158,1159,1159,1160,1160,1165,1165,1156,1156,1156,1161,1161,1164,1164,
1157,1157,1157,1162,1162,1162,1163,1163,1163,857,857,857,1116,1116,1116,
855,855,855,1120,1120,1120,854,854,854,677,677,677,1115,1115,1115,1114,
1114,1114,1113,1113,1113,27,27,31,31,38,38,30,30,23,23,25,25,29,29,35,35,
37,37,302,302,302,19,19,15,15,43,43,43,304,304,304,301,301,301,21,21,17,
17,42,42,42,303,303,303,13,13,11,11,9,9,2,2,1,1,3,3,3,4,4,4,305,305,305,
306,306,306,483,483,483,482,482,482,373,373,373,1154,1154,1150,1150,1148,
1148,1151,1151,1151,1108,1108,1108,1155,1155,1155,1147,1147,1109,1109,1109,
1153,1153,1153,1144,1144,1143,1143,1122,1122,1141,1141,1139,1139,1136,1136,
1136,1137,1137,1137,1134,1134,850,850,850,1132,1132,1121,1121,851,851,851,
1130,1130,1128,1128,848,848,848,849,849,849,1111,1111,1111,852,852,852,
1107,1107,853,853,853,781,781,781,674,674,674,1112,1112,1112,580,580,507,
507,510,510,555,555,555,648,648,648,603,603,564,564,502,502,499,499,493,
493,477,477,474,474,431,431,707,707,707,115,115,115,405,405,335,335,339,
339,393,393,331,331,362,362,328,328,324,324,344,344,56,56,56,54,54,54,152,
152,53,53,53,162,162,173,173,183,183,194,194,403,403,360,360,428,428,652,
652,596,596,657,657,660,660,666,666,682,682,688,688,736,736,1104,1104,1104,
784,784,784,759,759,823,823,827,827,768,768,831,831,801,801,834,834,838,
838,817,817,1045,1045,1045,1106,1106,1106,799,799,757,757,969,969,980,980,
1105,1105,1105,1008,1008,1000,1000,990,990,733,733,958,958,948,948,731,
731,1117,1117,1018,1018,1026,1026,1036,1036,1042,1042,1034,1034,1023,1023,
1015,1015,1005,1005,997,997,987,987,976,976,965,965,706,706,706,780,780,
783,783,783,782,782,190,190,201,201,955,955,180,180,169,169,159,159,149,
149,144,144,134,134,125,125,117,117,123,123,131,131,141,141,452,452,452,
375,375,375,374,374,372,372,205,205,215,215,426,426,225,225,235,235,472,
472,244,244,253,253,562,562,261,261,268,268,578,578,259,259,900,900,892,
892,594,594,909,909,250,250,917,917,708,708,453,453,453,709,709,376,376,
376,377,377,378,378,898,898,906,906,686,686,914,914,927,927,937,937,241,
241,924,924,232,232,934,934,222,222,944,944,212,212,485,485,485,52,52,52,
788,788,788,676,676,676,673,673,673,670,670,670,481,481,481,671,671,671,
480,480,480,675,675,675,672,672,672,478,478,478,479,479,479,44,44,44,704,
704,704,450,450,450,1152,1152,1152,1110,1110,1110,785,785,786,786,787,787,
699,699,699,698,698,698,776,776,776,700,700,700,775,775,775,705,705,777,
777,777,703,703,701,701,701,778,778,778,451,451,702,702,702,449,449,779,
779,779,792,792,792,793,793,793,716,716,716,790,790,790,717,717,717,714,
714,714,710,710,791,791,791,715,715,715,789,789,789,713,713,713,712,712,
712,454,454,455,455,711,711,461,461,461,458,458,458,384,384,384,381,381,
381,368,368,368,367,367,367,445,445,445,369,369,369,444,444,444,446,446,
446,370,370,370,447,447,447,371,371,371,448,448,448,460,460,460,383,383,
383,459,459,459,382,382,382,457,457,457,456,456,456,380,380,380,486,486,
486,487,487,487,678,678,678,679,679,679,260,267,265,224,226,234,236,243,
245,252,254,262,192,193,195,204,206,214,216,182,172,161,151,140,142,153,
163,174,184,130,119,127,135,133,126,118,120,132,145,171,170,168,160,158,
150,148,143,181,203,213,211,202,200,191,189,179,258,257,251,249,242,240,
233,231,223,221,1019,1025,1027,981,989,991,999,1001,1007,1009,1017,967,
957,959,968,970,979,947,936,926,913,905,907,915,928,938,949,894,902,910,
918,933,925,923,916,908,901,893,895,946,956,966,964,954,945,943,935,978,
988,1006,1004,998,996,986,977,975,1041,1035,1037,1040,1033,1032,1024,1022,
1016,1014,116,57,325,327,329,330,333,334,323,322,336,394,432,476,491,492,
497,498,500,501,505,506,508,553,509,430,392,391,338,649,602,650,651,655,
656,658,659,664,665,604,680,683,737,824,826,829,830,832,835,1043,837,833,
822,821,735,681,1102,732,734,563,565,579,581,595,597,361,363,404,406,427,
429,473,475,425,424,402,401,359,358,343,345,593,592,577,576,561,560,471,
470,798,797,756,755,730,729,685,684,758,760,800,802,816,815,689,687,266,
1044,1044,55,55,1103,1103,647,647,554,554,114,114,1013,1003,993,983,972,
961,951,940,930,922,911,903,899,896,897,904,912,921,929,939,950,960,971,
982,992,1002,1012,1020,1030,1038,1039,1031,1021,59,58,60,61,62,63,64,65,
66,67,68,69,70,71,72,73,74,75,76,77,78,79,80,81,82,83,84,85,86,87,88,89,
90,91,92,93,94,95,96,97,98,99,100,101,102,103,104,105,106,107,108,109,110,
111,112,113,318,320,316,314,300,298,296,294,292,290,288,286,284,282,280,
278,276,274,272,270,246,228,218,208,197,186,176,165,155,137,364,387,350,
342,340,416,420,413,409,400,465,469,443,439,436,551,552,550,549,548,547,
546,545,544,543,542,541,540,539,538,537,536,535,534,533,532,531,530,529,
528,527,526,525,524,523,522,521,520,519,518,517,516,515,514,513,512,511,
154,136,164,175,185,196,207,217,227,239,269,271,273,275,277,279,281,283,
285,287,289,291,293,295,297,299,313,315,317,319,321,326,332,337,341,355,
388,399,410,417,423,435,440,464,468,488,496,606,605,607,608,609,610,611,
612,613,614,615,616,617,618,619,620,621,622,623,624,625,626,627,628,629,
630,631,632,633,634,635,636,637,638,639,640,641,642,643,644,645,646,722,
725,718,694,690,754,761,748,745,741,818,820,812,796,774,767,1010,1028,994,
984,973,962,952,941,931,919,890,888,886,884,882,880,878,876,874,872,870,
868,866,864,862,860,846,844,842,840,1100,1101,1099,1098,1097,1096,1095,
1094,1093,1092,1091,1090,1089,1088,1087,1086,1085,1084,1083,1082,1081,1080,
1079,1078,1077,1076,1075,1074,1073,1072,1071,1070,1069,1068,1067,1066,1065,
1064,1063,1062,1061,1060,1059,1058,1057,1056,1055,1054,1053,1052,1051,1050,
1049,1048,1047,1046,669,661,691,697,721,728,738,744,751,762,771,807,819,
825,828,836,839,841,843,845,847,861,863,865,867,869,871,873,875,877,879,
881,883,885,887,889,891,920,932,942,953,963,974,985,995,1011,1029,601,599,
654,663,668,585,583,587,589,591,569,567,571,573,575,495,490,504,557,559,
438,434,442,463,467,412,408,415,419,422,386,366,390,396,398,349,347,352,
354,357,353,356,351,348,346,395,397,389,385,365,418,421,414,411,407,462,
466,441,437,433,556,558,503,494,489,572,574,570,568,566,588,590,586,584,
582,662,667,653,600,598,723,726,719,695,692,749,752,746,742,739,772,794,
769,765,763,810,813,808,805,803,806,804,809,811,814,766,764,770,773,795,
743,740,747,750,753,696,693,720,724,727,264,256,248,238,230,220,210,199,
188,178,167,157,147,138,128,124,121,122,129,139,146,156,166,177,187,198,
209,219,229,237,247,255,263),((1,3,5),(3,1,7),(10,2,6),(13,2,10),(7,1,15),
(5,3,16),(17,4,18),(18,4,9),(5,16,21),(10,6,22),(21,16,23),(18,24,17),(21,
23,25),(22,26,10),(25,23,27),(18,28,24),(25,27,29),(26,30,31),(10,26,31),
(29,27,34),(36,35,28),(36,28,18),(29,34,38),(31,30,39),(38,34,40),(41,35,
36),(38,40,42),(42,32,38),(42,40,37),(42,37,45),(47,43,46),(49,43,47),(44,
51,33),(45,37,52),(52,37,48),(48,37,54),(54,37,57),(18,58,36),(47,46,53),
(47,56,49),(10,31,60),(33,51,61),(10,63,13),(65,67,14),(14,67,8),(60,69,
10),(72,11,71),(12,73,64),(70,62,50),(50,74,70),(76,77,71),(71,77,80),(71,
80,72),(83,87,64),(64,89,83),(87,66,64),(64,73,89),(55,59,50),(50,59,74),
(91,93,95),(91,97,93),(96,100,92),(101,102,91),(91,102,97),(95,93,105),
(104,94,106),(106,94,99),(95,105,107),(95,107,108),(111,100,96),(113,111,
96),(113,96,110),(106,99,116),(108,107,119),(116,120,106),(102,101,122),
(122,101,112),(102,125,97),(103,123,124),(98,126,117),(122,112,127),(123,
128,129),(124,123,129),(127,112,132),(133,111,113),(127,132,134),(129,128,
135),(134,132,136),(113,137,133),(134,136,138),(129,135,139),(138,136,141),
(141,136,142),(142,136,144),(113,145,137),(138,141,146),(139,148,129),(143,
149,140),(140,149,151),(140,151,153),(146,141,155),(142,144,150),(150,144,
152),(152,144,157),(157,144,159),(160,145,113),(153,151,158),(117,126,162),
(124,129,163),(154,156,161),(113,165,160),(161,167,154),(110,168,113),(170,
171,114),(173,166,115),(118,169,109),(109,121,118),(118,174,169),(176,177,
170),(177,171,170),(154,167,180),(183,187,166),(166,187,181),(173,183,166),
(164,174,118),(189,191,193),(195,191,189),(197,190,194),(198,199,189),(189,
199,202),(189,202,195),(193,191,203),(204,192,205),(205,192,196),(193,203,
206),(193,206,207),(194,210,197),(194,212,210),(214,212,194),(194,209,214),
(205,196,217),(217,221,205),(207,206,222),(199,198,223),(223,198,211),(200,
224,201),(195,202,218),(201,224,225),(201,225,227),(218,202,230),(227,231,
201),(223,211,226),(226,211,213),(226,213,233),(227,225,234),(233,213,235),
(214,236,212),(233,235,237),(227,234,238),(237,235,239),(214,240,236),(237,
239,241),(238,242,227),(241,239,243),(243,239,246),(247,240,214),(227,242,
245),(232,249,219),(219,249,253),(208,220,219),(219,253,208),(250,231,227),
(227,245,84),(83,89,228),(229,90,251),(248,85,244),(86,85,248),(255,251,
258),(255,252,251),(258,251,262),(251,90,262),(214,88,247),(264,266,268),
(270,266,264),(273,265,269),(276,265,273),(270,264,278),(268,266,279),(280,
267,281),(284,266,270),(281,267,286),(268,279,287),(273,269,288),(287,279,
289),(290,280,291),(291,280,281),(287,289,293),(288,294,273),(293,289,295),
(291,296,290),(293,295,297),(273,294,299),(297,295,301),(301,295,303),(291,
304,296),(298,302,305),(273,299,307),(301,303,309),(310,300,308),(312,300,
310),(305,302,314),(309,303,315),(316,304,291),(309,315,317),(310,308,318),
(317,315,292),(317,292,311),(311,292,319),(319,292,322),(291,281,323),(310,
321,312),(273,325,276),(327,271,277),(307,328,273),(330,331,274),(332,326,
275),(313,329,306),(313,333,329),(330,337,331),(330,335,339),(339,337,330),
(187,342,326),(344,271,327),(181,187,326),(181,326,332),(313,320,324),(324,
333,313),(345,347,349),(351,355,349),(349,355,357),(349,357,345),(359,361,
347),(359,347,345),(363,361,359),(359,365,363),(359,367,365),(369,371,367),
(369,367,359),(373,353,376),(373,354,353),(379,381,383),(383,385,379),(379,
387,381),(389,391,387),(389,387,379),(389,393,391),(393,395,397),(395,393,
389),(397,400,378),(403,405,397),(405,400,397),(403,397,408),(408,397,410),
(410,397,412),(412,397,414),(414,397,416),(397,418,416),(397,395,418),(420,
385,371),(420,371,369),(379,385,420),(376,402,373),(345,357,422),(424,422,
426),(345,422,424),(424,426,428),(428,430,424),(424,430,432),(434,432,436),
(424,432,434),(438,354,441),(441,354,373),(444,446,448),(444,450,446),(448,
452,444),(454,452,456),(444,452,454),(454,456,458),(460,458,462),(454,458,
460),(439,465,462),(460,462,468),(468,462,470),(470,462,472),(474,472,462),
(462,465,476),(462,476,479),(479,481,462),(462,481,483),(462,483,474),(485,
436,450),(434,436,485),(485,450,444),(441,466,438),(470,472,487),(489,470,
487),(489,491,470),(477,467,332),(332,467,493),(441,494,466),(479,476,495),
(495,476,497),(497,476,499),(499,476,501),(501,476,503),(503,476,505),(505,
476,507),(507,476,509),(509,476,511),(511,476,513),(513,476,515),(515,476,
517),(517,476,405),(519,406,478),(331,522,478),(478,525,519),(527,525,478),
(522,527,478),(517,405,529),(531,517,529),(531,533,517),(529,405,535),(535,
405,537),(537,405,539),(539,405,541),(541,405,543),(543,405,545),(545,405,
547),(547,405,549),(549,405,551),(551,405,553),(553,405,555),(555,405,403),
(89,401,407),(519,557,406),(557,561,406),(406,561,564),(564,565,406),(565,
90,406),(414,416,567),(567,416,569),(569,416,571),(569,571,573),(573,571,
575),(575,571,577),(575,577,579),(579,577,581),(581,577,583),(581,583,585),
(585,583,587),(587,583,589),(587,589,591),(591,589,593),(593,589,595),(595,
589,597),(591,593,599),(591,599,601),(601,599,603),(373,402,605),(607,610,
402),(610,605,402),(607,402,613),(613,402,615),(402,618,615),(72,618,402),
(73,401,89),(595,597,619),(619,597,621),(621,597,623),(621,623,625),(625,
623,627),(627,623,491),(627,491,629),(629,491,489),(601,603,631),(631,603,
633),(631,633,635),(635,633,637),(635,637,639),(639,637,641),(639,641,643),
(643,641,533),(643,533,531),(75,58,18),(76,645,77),(649,645,76),(76,20,
649),(154,180,147),(163,129,175),(494,176,131),(651,176,494),(651,654,176),
(654,177,176),(129,148,182),(657,660,663),(666,661,658),(665,669,659),(658,
672,666),(659,669,675),(658,340,672),(677,340,658),(663,660,678),(662,668,
679),(680,682,664),(664,682,256),(664,256,260),(260,670,664),(679,668,681),
(667,257,683),(674,257,667),(255,685,252),(673,685,255),(259,341,671),(258,
687,339),(258,691,687),(258,262,691),(671,341,676),(343,188,272),(272,188,
693),(186,185,694),(270,695,284),(694,185,285),(323,281,334),(281,286,184),
(282,183,696),(696,183,173),(283,698,335),(172,650,697),(673,335,698),(673,
698,685),(650,684,697),(177,649,171),(332,493,181),(181,493,130),(337,522,
331),(699,494,441),(699,702,494),(702,703,494),(494,703,651),(214,209,254),
(339,335,673),(685,215,252),(216,686,87),(87,686,66),(339,687,337),(705,
709,711),(707,715,708),(706,713,714),(711,709,717),(710,520,718),(708,720,
521),(708,715,720),(712,719,722),(714,713,724),(718,520,526),(719,524,528),
(722,719,528),(721,557,519),(720,715,725),(725,715,727),(728,716,730),(730,
716,723),(726,734,721),(721,734,557),(725,727,735),(735,688,725),(687,738,
726),(738,734,726),(729,731,736),(737,740,689),(736,731,741),(689,740,336),
(687,691,738),(722,528,523),(523,732,722),(743,747,749),(745,753,746),(744,
751,752),(749,747,755),(748,442,756),(700,443,746),(746,753,701),(746,701,
700),(750,757,758),(752,751,760),(756,442,375),(374,606,757),(757,611,761),
(758,757,761),(757,606,611),(701,753,704),(704,753,763),(754,766,764),(759,
766,754),(704,763,769),(769,653,704),(767,770,765),(773,652,771),(772,770,
767),(775,654,651),(776,652,773),(762,610,778),(778,781,762),(758,761,783),
(762,781,782),(778,610,607),(609,784,779),(779,784,787),(779,787,780),(790,
608,614),(785,608,790),(616,791,612),(616,793,791),(617,793,616),(783,768,
758),(796,800,802),(798,806,799),(797,804,805),(802,800,808),(801,560,809),
(799,563,562),(799,806,563),(803,810,811),(805,804,813),(809,560,559),(810,
558,733),(811,810,733),(563,806,566),(566,806,814),(815,807,817),(817,807,
812),(566,814,820),(820,261,566),(90,565,262),(816,818,821),(822,824,263),
(821,818,823),(263,824,690),(739,819,811),(811,733,739),(784,826,787),(827,
786,829),(829,786,792),(780,787,832),(789,835,833),(828,830,788),(788,830,
795),(794,835,789),(780,832,838),(838,842,780),(843,782,781),(836,839,834),
(844,841,840),(845,839,836),(81,841,844),(80,77,843),(843,77,654),(843,
654,775),(775,782,843),(793,831,791),(617,837,793),(82,846,617),(72,80,
618),(617,846,837),(847,851,853),(849,647,850),(855,79,848),(78,647,849),
(853,851,856),(852,179,857),(646,179,852),(858,656,854),(655,79,855),(178,
656,858),(645,649,177),(66,648,19),(686,648,66),(777,774,783),(783,774,
768),(18,9,68),(338,742,523),(692,825,739),(739,825,819),(523,742,732),
(582,586,859),(860,588,861),(861,588,592),(862,574,863),(863,574,576),(864,
576,865),(865,576,580),(866,580,867),(867,580,582),(868,582,869),(859,586,
870),(413,415,871),(871,415,872),(872,415,873),(873,415,568),(874,568,875),
(875,568,570),(876,570,877),(877,570,574),(411,413,878),(409,411,879),(404,
409,880),(556,404,881),(882,556,883),(881,404,884),(880,409,885),(879,411,
886),(878,413,887),(554,556,882),(552,554,888),(548,550,889),(546,548,890),
(544,546,891),(891,546,892),(890,548,893),(889,550,894),(894,550,895),(895,
550,552),(888,554,896),(542,544,897),(536,538,898),(898,538,899),(899,538,
900),(900,538,540),(901,540,902),(902,540,542),(903,542,904),(897,544,905),
(530,536,906),(644,532,907),(640,644,908),(908,644,909),(907,532,910),(910,
532,911),(911,532,530),(912,530,913),(906,536,914),(915,592,916),(916,592,
602),(917,602,918),(918,602,632),(919,632,920),(920,632,636),(921,636,922),
(922,636,640),(923,640,924),(925,496,498),(926,498,927),(928,475,484),(929,
484,930),(930,484,482),(931,482,932),(932,482,480),(933,480,934),(934,480,
496),(935,496,925),(488,473,936),(490,488,937),(937,488,938),(936,473,939),
(939,473,940),(940,473,475),(941,475,928),(630,490,942),(628,630,943),(626,
628,944),(622,626,945),(620,622,946),(946,622,947),(945,626,948),(944,628,
949),(943,630,950),(942,490,951),(594,596,952),(600,594,953),(604,600,954),
(634,604,955),(956,638,634),(957,634,958),(955,604,959),(954,600,960),(953,
594,961),(952,596,962),(962,596,963),(963,596,620),(534,642,964),(518,534,
965),(966,518,967),(965,534,968),(964,642,969),(969,642,970),(970,642,638),
(971,638,956),(514,516,972),(512,514,973),(974,510,975),(975,510,512),(976,
512,977),(973,514,978),(972,516,979),(979,516,980),(980,516,518),(500,502,
981),(498,500,982),(982,500,983),(981,502,984),(984,502,504),(985,504,986),
(986,504,506),(987,506,988),(988,506,508),(989,508,990),(990,508,510),(991,
376,353),(992,398,377),(392,394,993),(392,994,995),(388,996,997),(998,382,
997),(997,382,388),(996,388,995),(995,388,392),(993,994,392),(993,394,999),
(999,394,1000),(1000,394,399),(384,382,1001),(372,386,1002),(368,372,1003),
(368,1004,1005),(366,1006,1007),(364,1008,1009),(362,1010,1011),(348,1012,
1013),(1014,352,350),(1015,350,1013),(1013,350,348),(1012,348,1011),(1011,
348,362),(1010,362,1009),(1009,362,364),(1008,364,1007),(1007,364,366),
(1006,366,1005),(1005,366,368),(1003,372,1016),(1002,386,1017),(1017,386,
1018),(1018,386,384),(1001,1019,384),(1001,382,998),(1020,354,438),(358,
1021,1022),(423,1023,1024),(427,1025,1026),(429,1027,1028),(1029,431,1028),
(1028,431,429),(1027,429,1026),(1026,429,427),(1025,427,1024),(1024,427,
423),(1023,423,1022),(1022,423,358),(1021,358,1030),(1030,358,356),(431,
1029,1031),(437,433,1032),(451,437,1033),(449,447,1034),(449,1035,1036),
(453,1037,1038),(459,457,1039),(1040,463,459),(1039,1041,459),(1039,457,
1042),(1042,457,1038),(1038,457,453),(1037,453,1036),(1036,453,449),(1034,
1035,449),(1034,447,1043),(1043,447,1044),(1044,447,451),(1033,437,1045),
(1032,433,1046),(1046,433,1031),(1031,433,431),(1047,440,464),(1048,486,
1049),(1050,360,1051),(1051,360,346),(1052,346,1053),(1053,346,425),(1054,
425,1055),(1055,425,435),(1056,390,1057),(1057,390,380),(1058,380,1059),
(1059,380,421),(1060,421,1061),(1061,421,370),(1062,370,1063),(1063,370,
360),(1064,572,1065),(1065,572,417),(1066,417,1067),(1067,417,419),(1068,
419,1069),(1069,419,396),(1070,396,1071),(1071,396,390),(1072,598,1073),
(1073,598,590),(1074,590,1075),(1075,590,584),(1076,584,1077),(1077,584,
578),(1078,578,1079),(1079,578,572),(1080,469,1081),(1081,469,471),(1082,
471,1083),(1083,471,492),(1084,492,1085),(1085,492,624),(1086,624,1087),
(1087,624,598),(1049,486,445),(1088,445,1089),(1089,445,455),(1090,455,
1091),(1091,455,461),(1092,461,1093),(1093,461,469),(1094,435,486),(1095,
435,1094),(586,588,1096),(588,860,1096),(1097,463,1040),(1099,398,992),
(1101,440,1047),(1103,354,1020),(1105,352,1014),(1107,376,991),(496,935,
1109),(1109,934,496),(480,933,1110),(1110,932,480),(482,931,1111),(1111,
930,482),(484,929,1112),(1112,928,484),(475,941,1113),(1113,940,475),(488,
936,1114),(1114,938,488),(490,937,1115),(1115,951,490),(630,942,1116),(1116,
950,630),(628,943,1117),(1117,949,628),(626,944,1118),(1118,948,626),(622,
945,1119),(1119,947,622),(620,946,1120),(620,1121,1122),(1122,963,620),
(1120,1121,620),(594,952,1123),(1123,961,594),(600,953,1124),(1124,960,
600),(604,954,1125),(1125,959,604),(634,955,1126),(1126,958,634),(634,957,
1127),(1127,956,634),(638,971,1128),(1128,970,638),(534,964,1129),(1129,
968,534),(518,965,1130),(1130,967,518),(518,966,1131),(1131,980,518),(514,
972,1132),(1132,978,514),(512,973,1133),(1133,977,512),(512,976,1134),(1134,
975,512),(510,974,1135),(1135,990,510),(508,989,1136),(1136,988,508),(506,
987,1137),(1137,986,506),(504,985,1138),(1138,984,504),(500,981,1139),(1139,
983,500),(498,982,1140),(1140,927,498),(498,926,1141),(1141,925,498),(377,
1142,1143),(377,1144,1142),(377,1145,1144),(377,1146,1145),(377,1147,1146),
(377,1148,1147),(377,1149,1148),(377,1150,1149),(377,1151,1150),(377,1152,
1151),(377,1153,1152),(377,1154,1153),(377,1155,1154),(377,1156,1155),(377,
1157,1156),(377,1158,1157),(377,1159,1158),(377,1160,1159),(377,1161,1160),
(377,1162,1161),(377,1163,1162),(377,1164,1163),(377,1165,1164),(377,1166,
1165),(377,1167,1166),(377,1168,1167),(377,1169,1168),(377,1170,1169),(377,
1171,1170),(377,1172,1171),(377,1173,1172),(377,1174,1173),(377,1175,1174),
(377,1176,1175),(377,1177,1176),(377,1178,1177),(377,1179,1178),(377,1180,
1179),(377,1181,1180),(377,1182,1181),(377,1183,1182),(377,1184,1183),(377,
1185,1184),(377,1186,1185),(377,1187,1186),(377,1188,1187),(377,1189,1188),
(377,1190,1189),(377,1191,1190),(377,1192,1191),(377,1193,1192),(377,1194,
1193),(377,1195,1194),(377,1196,1195),(377,1197,1196),(377,1108,1197),(1143,
992,377),(399,1198,1199),(399,1200,1198),(399,1201,1200),(399,1202,1201),
(399,1203,1202),(399,1204,1203),(399,1205,1204),(399,1206,1205),(399,1207,
1206),(399,1208,1207),(399,1209,1208),(399,1210,1209),(399,1211,1210),(399,
1212,1211),(399,1213,1212),(399,1214,1213),(399,1215,1214),(399,1216,1215),
(399,1217,1216),(399,1218,1217),(399,1219,1218),(399,1220,1219),(399,1221,
1220),(399,1222,1221),(399,1223,1222),(399,1224,1223),(399,1225,1224),(399,
1226,1225),(399,1227,1226),(399,1100,1227),(1199,1000,399),(384,1228,1229),
(384,1230,1228),(384,1231,1230),(384,1232,1231),(384,1019,1232),(1229,1018,
384),(372,1233,1234),(372,1235,1233),(372,1236,1235),(372,1237,1236),(372,
1002,1237),(1234,1016,372),(368,1238,1239),(368,1240,1238),(368,1241,1240),
(368,1242,1241),(368,1003,1242),(1239,1004,368),(350,1243,1244),(350,1245,
1243),(350,1246,1245),(350,1247,1246),(350,1248,1247),(350,1249,1248),(350,
1250,1249),(350,1251,1250),(350,1252,1251),(350,1253,1252),(350,1254,1253),
(350,1255,1254),(350,1256,1255),(350,1257,1256),(350,1258,1257),(350,1259,
1258),(350,1260,1259),(350,1261,1260),(350,1262,1261),(350,1263,1262),(350,
1264,1263),(350,1265,1264),(350,1266,1265),(350,1267,1266),(350,1268,1267),
(350,1269,1268),(350,1270,1269),(350,1271,1270),(350,1272,1271),(350,1273,
1272),(350,1274,1273),(350,1275,1274),(350,1276,1275),(350,1277,1276),(350,
1278,1277),(350,1279,1278),(350,1280,1279),(350,1281,1280),(350,1282,1281),
(350,1283,1282),(350,1284,1283),(350,1015,1284),(1244,1014,350),(353,1285,
1286),(353,1287,1285),(353,1288,1287),(353,1289,1288),(353,1290,1289),(353,
1291,1290),(353,1292,1291),(353,1293,1292),(353,1294,1293),(353,1295,1294),
(353,1296,1295),(353,1297,1296),(353,1298,1297),(353,1299,1298),(353,1300,
1299),(353,1301,1300),(353,1302,1301),(353,1303,1302),(353,1304,1303),(353,
1305,1304),(353,1306,1305),(353,1307,1306),(353,1308,1307),(353,1309,1308),
(353,1310,1309),(353,1311,1310),(353,1312,1311),(353,1313,1312),(353,1314,
1313),(353,1315,1314),(353,1316,1315),(353,1317,1316),(353,1318,1317),(353,
1319,1318),(353,1320,1319),(353,1321,1320),(353,1322,1321),(353,1323,1322),
(353,1324,1323),(353,1325,1324),(353,1326,1325),(353,1327,1326),(353,1328,
1327),(353,1329,1328),(353,1330,1329),(353,1331,1330),(353,1106,1331),(1286,
991,353),(356,1332,1333),(356,1334,1332),(356,1335,1334),(356,1336,1335),
(356,1337,1336),(356,1338,1337),(356,1339,1338),(356,1340,1339),(356,1341,
1340),(356,1342,1341),(356,1343,1342),(356,1344,1343),(356,1345,1344),(356,
1346,1345),(356,1347,1346),(356,1348,1347),(356,1349,1348),(356,1350,1349),
(356,1351,1350),(356,1352,1351),(356,1353,1352),(356,1354,1353),(356,1355,
1354),(356,1356,1355),(356,1357,1356),(356,1358,1357),(356,1359,1358),(356,
1360,1359),(356,1361,1360),(356,1362,1361),(356,1363,1362),(356,1364,1363),
(356,1365,1364),(356,1366,1365),(356,1367,1366),(356,1368,1367),(356,1369,
1368),(356,1370,1369),(356,1371,1370),(356,1372,1371),(356,1373,1372),(356,
1104,1373),(1333,1030,356),(437,1374,1375),(437,1376,1374),(437,1377,1376),
(437,1378,1377),(437,1032,1378),(1375,1045,437),(451,1379,1380),(451,1381,
1379),(451,1382,1381),(451,1383,1382),(451,1033,1383),(451,1384,1385),(451,
1386,1384),(451,1387,1386),(451,1388,1387),(451,1389,1388),(1385,1044,451),
(1380,1389,451),(459,1390,1391),(459,1392,1390),(459,1393,1392),(459,1394,
1393),(459,1395,1394),(459,1396,1395),(459,1397,1396),(459,1398,1397),(459,
1399,1398),(459,1400,1399),(459,1401,1400),(459,1402,1401),(459,1403,1402),
(459,1404,1403),(459,1405,1404),(459,1406,1405),(459,1407,1406),(459,1408,
1407),(459,1409,1408),(459,1410,1409),(459,1411,1410),(459,1412,1411),(459,
1413,1412),(459,1414,1413),(459,1415,1414),(459,1416,1415),(459,1417,1416),
(459,1418,1417),(459,1419,1418),(459,1041,1419),(1391,1040,459),(464,1420,
1421),(464,1422,1420),(464,1423,1422),(464,1424,1423),(464,1425,1424),(464,
1426,1425),(464,1427,1426),(464,1428,1427),(464,1429,1428),(464,1430,1429),
(464,1431,1430),(464,1432,1431),(464,1433,1432),(464,1434,1433),(464,1435,
1434),(464,1436,1435),(464,1437,1436),(464,1438,1437),(464,1439,1438),(464,
1440,1439),(464,1441,1440),(464,1442,1441),(464,1443,1442),(464,1444,1443),
(464,1445,1444),(464,1446,1445),(464,1447,1446),(464,1448,1447),(464,1449,
1448),(464,1450,1449),(464,1451,1450),(464,1452,1451),(464,1453,1452),(464,
1454,1453),(464,1455,1454),(464,1456,1455),(464,1457,1456),(464,1458,1457),
(464,1459,1458),(464,1460,1459),(464,1461,1460),(464,1462,1461),(464,1463,
1462),(464,1464,1463),(464,1465,1464),(464,1466,1465),(464,1467,1466),(464,
1468,1467),(464,1469,1468),(464,1470,1469),(464,1471,1470),(464,1472,1471),
(464,1473,1472),(464,1474,1473),(464,1475,1474),(464,1098,1475),(1421,1047,
464),(438,1476,1477),(438,1478,1476),(438,1479,1478),(438,1480,1479),(438,
1481,1480),(438,1482,1481),(438,1483,1482),(438,1484,1483),(438,1485,1484),
(438,1486,1485),(438,1487,1486),(438,1488,1487),(438,1489,1488),(438,1490,
1489),(438,1491,1490),(438,1492,1491),(438,1493,1492),(438,1494,1493),(438,
1495,1494),(438,1496,1495),(438,1497,1496),(438,1498,1497),(438,1499,1498),
(438,1500,1499),(438,1501,1500),(438,1502,1501),(438,1503,1502),(438,1504,
1503),(438,1505,1504),(438,1506,1505),(438,1507,1506),(438,1508,1507),(438,
1509,1508),(438,1510,1509),(438,1511,1510),(438,1512,1511),(438,1513,1512),
(438,1514,1513),(438,1515,1514),(438,1516,1515),(438,1517,1516),(438,1518,
1517),(438,1519,1518),(438,1520,1519),(438,1521,1520),(438,1522,1521),(438,
1102,1522),(1477,1020,438),(435,1523,1524),(435,1525,1523),(435,1526,1525),
(435,1527,1526),(435,1095,1527),(1524,1055,435),(425,1528,1529),(425,1530,
1528),(425,1531,1530),(425,1532,1531),(425,1054,1532),(1529,1053,425),(346,
1533,1534),(346,1535,1533),(346,1536,1535),(346,1537,1536),(346,1052,1537),
(1534,1051,346),(360,1538,1539),(360,1540,1538),(360,1541,1540),(360,1542,
1541),(360,1050,1542),(1539,1063,360),(370,1543,1544),(370,1545,1543),(370,
1546,1545),(370,1547,1546),(370,1062,1547),(1544,1061,370),(421,1548,1549),
(421,1550,1548),(421,1551,1550),(421,1552,1551),(421,1060,1552),(1549,1059,
421),(380,1553,1554),(380,1555,1553),(380,1556,1555),(380,1557,1556),(380,
1058,1557),(1554,1057,380),(390,1558,1559),(390,1560,1558),(390,1561,1560),
(390,1562,1561),(390,1056,1562),(1559,1071,390),(396,1563,1564),(396,1565,
1563),(396,1566,1565),(396,1567,1566),(396,1070,1567),(1564,1069,396),(419,
1568,1569),(419,1570,1568),(419,1571,1570),(419,1572,1571),(419,1068,1572),
(1569,1067,419),(417,1573,1574),(417,1575,1573),(417,1576,1575),(417,1577,
1576),(417,1066,1577),(1574,1065,417),(572,1578,1579),(572,1580,1578),(572,
1581,1580),(572,1582,1581),(572,1064,1582),(1579,1079,572),(578,1583,1584),
(578,1585,1583),(578,1586,1585),(578,1587,1586),(578,1078,1587),(1584,1077,
578),(584,1588,1589),(584,1590,1588),(584,1591,1590),(584,1592,1591),(584,
1076,1592),(1589,1075,584),(590,1593,1594),(590,1595,1593),(590,1596,1595),
(590,1597,1596),(590,1074,1597),(1594,1073,590),(598,1598,1599),(598,1600,
1598),(598,1601,1600),(598,1602,1601),(598,1072,1602),(1599,1087,598),(624,
1603,1604),(624,1605,1603),(624,1606,1605),(624,1607,1606),(624,1086,1607),
(1604,1085,624),(492,1608,1609),(492,1610,1608),(492,1611,1610),(492,1612,
1611),(492,1084,1612),(1609,1083,492),(471,1613,1614),(471,1615,1613),(471,
1616,1615),(471,1617,1616),(471,1082,1617),(1614,1081,471),(469,1618,1619),
(469,1620,1618),(469,1621,1620),(469,1622,1621),(469,1080,1622),(1619,1093,
469),(461,1623,1624),(461,1625,1623),(461,1626,1625),(461,1627,1626),(461,
1092,1627),(1624,1091,461),(455,1628,1629),(455,1630,1628),(455,1631,1630),
(455,1632,1631),(455,1090,1632),(1629,1089,455),(445,1633,1634),(445,1635,
1633),(445,1636,1635),(445,1637,1636),(445,1088,1637),(1634,1049,445),(486,
1638,1639),(486,1640,1638),(486,1641,1640),(486,1642,1641),(486,1048,1642),
(1639,1094,486),(586,1096,1643),(1643,870,586),(582,859,1644),(1644,869,
582),(582,868,1645),(1645,867,582),(580,866,1646),(1646,865,580),(576,864,
1647),(1647,863,576),(574,862,1648),(1648,877,574),(570,876,1649),(1649,
875,570),(568,874,1650),(1650,873,568),(413,871,1651),(1651,887,413),(411,
878,1652),(1652,886,411),(409,879,1653),(1653,885,409),(404,880,1654),(1654,
884,404),(556,881,1655),(1655,883,556),(554,882,1656),(1656,896,554),(552,
888,1657),(552,1658,1659),(1659,895,552),(1657,1658,552),(548,889,1660),
(1660,893,548),(546,890,1661),(1661,892,546),(544,891,1662),(1662,905,544),
(542,897,1663),(1663,904,542),(542,903,1664),(1664,902,542),(540,901,1665),
(1665,900,540),(536,898,1666),(1666,914,536),(530,906,1667),(1667,913,530),
(530,912,1668),(1668,911,530),(644,907,1669),(1669,909,644),(640,908,1670),
(1670,924,640),(640,923,1671),(1671,922,640),(636,921,1672),(1672,920,636),
(632,919,1673),(1673,918,632),(602,917,1674),(1674,916,602),(592,915,1675),
(1675,861,592)),());
#268=COORDINATES_LIST('',399,((-72.948287,-72.9573620000001,-3.384998),
(-72.948287,-72.9573620000001,-2.404994),(-72.948287,72.8426380000001,-3.384998),
(-72.948287,72.8426380000001,-2.404994),(-72.948287,73.299442,-2.227507),
(-71.833937,72.5833929999999,0.269653000000005),(-71.733672,71.8214330000001,
0.223318000000006),(-71.733672,72.596679,0.223318000000006),(-71.456643,
-71.70324,0.822784000000013),(-69.948285,69.8426360000001,-3.384998),(-67.65231,
-65.9389779999999,9.055004),(-67.65231,-29.834963,9.055004),(-67.65231,
28.1635670000001,9.055004),(-67.65231,70.0642339999999,9.055004),(-60.491288,
-54.8364329999999,0.555004),(-60.491288,-54.8364329999999,9.055004),(-60.491288,
-29.8364329999999,0.555004),(-60.491288,-29.8364329999999,9.055004),(-60.048288,
28.1635670000001,0.555004),(-60.048288,28.1635670000001,9.055004),(-60.048288,
63.1635670000001,0.555004),(-60.048288,63.1635670000001,9.055004),(-56.277327,
-71.70324,0.82278500000001),(-49.398333,-65.9389779999999,9.055004),(-49.398333,
-54.8364329999999,9.055004),(-49.398333,-54.8364329999999,24.911081),(-49.398333,
-29.8364329999999,9.055004),(-49.398333,-29.8364329999999,48.554902),(-49.398333,
-29.834963,9.055004),(-49.398333,-29.834963,48.554902),(-49.398288,-54.8364329999999,
0.555004),(-49.398288,-54.8364329999999,24.911081),(-49.398288,-29.8364329999999,
0.555004),(-49.398288,-29.8364329999999,48.555004),(-49.398288,28.1635670000001,
0.555004),(-49.398288,28.1635670000001,48.555004),(-49.398288,52.540305,
48.434767),(-49.398288,53.5778,48.079838),(-49.398288,54.512978,47.507288),
(-49.398288,57.928862,44.23045),(-49.398288,60.5836059999999,40.311488),
(-49.398288,62.3597159999999,35.92385),(-49.398288,63.1635670000001,0.555004),
(-49.398288,63.1635670000001,9.055004),(-49.398288,70.0642339999999,9.055004),
(-49.398286,-38.28078,48.555004),(-49.398286,51.4503890000001,48.555004),
(-40.048287,-65.3017910000001,9.965002),(-40.048287,-38.28078,48.555004),
(-40.048287,-35.057362,9.965002),(-40.048287,-35.057362,48.555004),(-36.048286,
-27.857362,48.555004),(-36.048286,-27.857362,48.592851),(-36.048286,27.7426379999999,
48.555004),(-36.048286,27.7426379999999,48.592851),(-33.0482868863229,-24.8573628863229,
53.7890014648438),(-33.0482868863229,-23.8653631794004,53.7890014648438),
(-33.0482868863229,-22.8733634724778,53.7890014648438),(-33.0482868863229,
-21.8813637655553,53.7890014648438),(-33.0482868863229,-20.8893640586327,
53.7890014648438),(-33.0482868863229,-19.8973643517102,53.7890014648438),
(-33.0482868863229,-18.9053646447876,53.7890014648438),(-33.0482868863229,
-17.9133649378651,53.7890014648438),(-33.0482868863229,-16.9213652309425,
53.7890014648438),(-33.0482868863229,-15.92936552402,53.7890014648438),
(-33.0482868863229,-14.9373658170975,53.7890014648438),(-33.0482868863229,
-13.9453661101749,53.7890014648438),(-33.0482868863229,-12.9533664032524,
53.7890014648438),(-33.0482868863229,-11.9613666963298,53.7890014648438),
(-33.0482868863229,-10.9693669894073,53.7890014648438),(-33.0482868863229,
-9.97736728248474,53.7890014648438),(-33.0482868863229,-8.9853675755622,
53.7890014648438),(-33.0482868863229,-7.99336786863965,53.7890014648438),
(-33.0482868863229,-7.00136816171711,53.7890014648438),(-33.0482868863229,
-6.00936845479456,53.7890014648438),(-33.0482868863229,-5.01736874787202,
53.7890014648438),(-33.0482868863229,-4.02536904094948,53.7890014648438),
(-33.0482868863229,-3.03336933402693,53.7890014648438),(-33.0482868863229,
-2.04136962710439,53.7890014648438),(-33.0482868863229,-1.04936992018185,
53.7890014648438),(-33.0482868863229,-0.0573702132593006,53.7890014648438),
(-33.0482868863229,0.934629493663241,53.7890014648438),(-33.0482868863229,
1.92662920058579,53.7890014648438),(-33.0482868863229,2.91862890750833,
53.7890014648438),(-33.0482868863229,3.91062861443087,53.7890014648438),
(-33.0482868863229,4.90262832135342,53.7890014648438),(-33.0482868863229,
5.89462802827596,53.7890014648438),(-33.0482868863229,6.88662773519851,
53.7890014648438),(-33.0482868863229,7.87862744212105,53.7890014648438),
(-33.0482868863229,8.8706271490436,53.7890014648438),(-33.0482868863229,
9.86262685596614,53.7890014648438),(-33.0482868863229,10.8546265628887,
53.7890014648438),(-33.0482868863229,11.8466262698112,53.7890014648438),
(-33.0482868863229,12.8386259767338,53.7890014648438),(-33.0482868863229,
13.8306256836563,53.7890014648438),(-33.0482868863229,14.8226253905789,
53.7890014648438),(-33.0482868863229,15.8146250975014,53.7890014648438),
(-33.0482868863229,16.8066248044239,53.7890014648438),(-33.0482868863229,
17.7986245113465,53.7890014648438),(-33.0482868863229,18.790624218269,53.7890014648438),
(-33.0482868863229,19.7826239251916,53.7890014648438),(-33.0482868863229,
20.7746236321141,53.7890014648438),(-33.0482868863229,21.7666233390367,
53.7890014648438),(-33.0482868863229,22.7586230459592,53.7890014648438),
(-33.0482868863229,23.7506227528817,53.7890014648438),(-33.0482868863229,
24.7426224598043,53.7890014648438),(-33.0482868863229,24.7426388863229,
53.7890014648438),(-33.0482579989344,-24.857362886323,53.7890014648438),
(-32.048287212067,24.7426388863229,53.7890014648438),(-32.0482584400668,
-24.857362886323,53.7890014648438),(-31.048287537811,24.7426388863229,53.7890014648438),
(-31.0482588811993,-24.857362886323,53.7890014648438),(-30.048287863555,
24.7426388863229,53.7890014648438),(-30.0482593223317,-24.857362886323,
53.7890014648438),(-29.048288189299,24.7426388863229,53.7890014648438),
(-29.0482597634642,-24.857362886323,53.7890014648438),(-28.048288515043,
24.7426388863229,53.7890014648438),(-28.0482602045967,-24.857362886323,
53.7890014648438),(-27.048288840787,24.7426388863229,53.7890014648438),
(-27.0482606457291,-24.857362886323,53.7890014648438),(-26.048289166531,
24.7426388863229,53.7890014648438),(-26.0482610868616,-24.857362886323,
53.7890014648438),(-25.048289492275,24.7426388863229,53.7890014648438),
(-25.0482615279941,-24.857362886323,53.7890014648438),(-24.048289818019,
24.7426388863229,53.7890014648438),(-24.0482619691265,-24.857362886323,
53.7890014648438),(-23.048290143763,24.7426388863229,53.7890014648438),
(-23.048262410259,-24.857362886323,53.7890014648438),(-22.048290469507,
24.7426388863229,53.7890014648438),(-22.0482628513914,-24.857362886323,
53.7890014648438),(-21.048290795251,24.7426388863229,53.7890014648438),
(-21.0482632925239,-24.857362886323,53.7890014648438),(-20.048291120995,
24.7426388863229,53.7890014648438),(-20.0482637336564,-24.857362886323,
53.7890014648438),(-19.048291446739,24.7426388863229,53.7890014648438),
(-19.0482641747888,-24.857362886323,53.7890014648438),(-18.048291772483,
24.7426388863229,53.7890014648438),(-18.0482646159213,-24.857362886323,
53.7890014648438),(-17.548287,-50.1073779999999,5.965002),(-17.547699,-50.250849,
9.965002),(-17.048292098227,24.7426388863229,53.7890014648438),(-17.0482650570538,
-24.857362886323,53.7890014648438),(-16.992638,-45.7325679999999,9.965002),
(-16.951989,-54.6367110000001,5.965002),(-16.951989,-45.578045,5.965002),
(-16.91863,-54.7594220000001,9.965002),(-16.048292423971,24.7426388863229,
53.7890014648438),(-16.0482654981862,-24.857362886323,53.7890014648438),
(-15.291008,-41.510317,9.965002),(-15.203732,-58.8573779999999,5.965002),
(-15.203732,-41.357378,5.965002),(-15.148,-58.9532059999999,9.965002),(-15.048292749715,
24.7426388863229,53.7890014648438),(-15.0482659393187,-24.857362886323,
53.7890014648438),(-14.048293075459,24.7426388863229,53.7890014648438),
(-14.0482663804512,-24.857362886323,53.7890014648438),(-13.048293401203,
24.7426388863229,53.7890014648438),(-13.0482668215836,-24.857362886323,
53.7890014648438),(-12.557951,-37.8698,9.965002),(-12.422656,-62.481747,
5.965002),(-12.422656,-37.7330090000001,5.965002),(-12.35562,-62.548421,
9.965002),(-12.048293726947,24.7426388863229,53.7890014648438),(-12.0482672627161,
-24.857362886323,53.7890014648438),(-11.048294052691,24.7426388863229,53.7890014648438),
(-11.0482677038485,-24.857362886323,53.7890014648438),(-10.048294378435,
24.7426388863229,53.7890014648438),(-10.048268144981,-24.857362886323,53.7890014648438),
(-9.04829470417904,24.7426388863229,53.7890014648438),(-9.04826858611347,
-24.857362886323,53.7890014648438),(-8.978406,-35.057362,9.965002),(-8.978406,
-35.057362,48.555004),(-8.798287,-65.2628219999999,5.965002),(-8.798287,
-34.951933,5.965002),(-8.730443,-65.3017910000001,9.965002),(-8.04829502992305,
24.7426388863229,53.7890014648438),(-8.04826902724594,-24.857362886323,
53.7890014648438),(-7.04829535566705,24.7426388863229,53.7890014648438),
(-7.0482694683784,-24.857362886323,53.7890014648438),(-6.690997,-66.297634,
8.542789),(-6.04829568141106,24.7426388863229,53.7890014648438),(-6.04826990951086,
-24.857362886323,53.7890014648438),(-5.57504,-33.503011,48.555004),(-5.04829600715506,
24.7426388863229,53.7890014648438),(-5.04827035064333,-24.857362886323,
53.7890014648438),(-4.57762,-67.01108,5.965002),(-4.57762,-33.2036760000001,
5.965002),(-4.539822,-67.0211630000001,7.509484),(-4.04829633289906,24.7426388863229,
53.7890014648438),(-4.04827079177579,-24.857362886323,53.7890014648438),
(-3.04829665864307,24.7426388863229,53.7890014648438),(-3.04827123290826,
-24.857362886323,53.7890014648438),(-2.313101,-67.4602050000001,6.882466),
(-2.04829698438707,24.7426388863229,53.7890014648438),(-2.04827167404072,
-24.857362886323,53.7890014648438),(-1.919043,-32.707657,48.555004),(-1.04829731013108,
24.7426388863229,53.7890014648438),(-1.04827211517318,-24.857362886323,
53.7890014648438),(-0.0482976358750804,24.7426388863229,53.7890014648438),
(-0.048287000000002,-67.6073779999999,5.965002),(-0.048287000000002,-67.6073779999999,
6.672282),(-0.048287000000002,-32.607378,5.965002),(-0.0482725563056476,
-24.857362886323,53.7890014648438),(0.951702038380915,24.7426388863229,
53.7890014648438),(0.951727002561888,-24.857362886323,53.7890014648438),
(1.822469,-32.707657,48.555004),(1.95170171263691,24.7426388863229,53.7890014648438),
(1.95172656142942,-24.857362886323,53.7890014648438),(2.216527,-67.4602050000001,
6.882466),(2.95170138689291,24.7426388863229,53.7890014648438),(2.95172612029696,
-24.857362886323,53.7890014648438),(3.9517010611489,24.7426388863229,53.7890014648438),
(3.9517256791645,-24.857362886323,53.7890014648438),(4.443248,-67.0211630000001,
7.509484),(4.481046,-67.01108,5.965002),(4.481046,-33.2036760000001,5.965002),
(4.9517007354049,24.7426388863229,53.7890014648438),(4.95172523803203,-24.857362886323,
53.7890014648438),(5.478466,-33.503011,48.555004),(5.95170040966089,24.7426388863229,
53.7890014648438),(5.95172479689957,-24.857362886323,53.7890014648438),
(6.594423,-66.297634,8.542789),(6.95170008391689,24.7426388863229,53.7890014648438),
(6.95172435576711,-24.857362886323,53.7890014648438),(7.95169975817289,
24.7426388863229,53.7890014648438),(7.95172391463464,-24.857362886323,53.7890014648438),
(8.633869,-65.3017910000001,9.965002),(8.701713,-65.2628219999999,5.965002),
(8.701713,-34.951933,5.965002),(8.881832,-35.057362,9.965002),(8.881832,
-35.057362,48.555004),(8.95169943242888,24.7426388863229,53.7890014648438),
(8.95172347350218,-24.857362886323,53.7890014648438),(9.95169910668488,
24.7426388863229,53.7890014648438),(9.95172303236972,-24.857362886323,53.7890014648438),
(10.9516987809409,24.7426388863229,53.7890014648438),(10.9517225912373,
-24.857362886323,53.7890014648438),(11.9516984551969,24.7426388863229,53.7890014648438),
(11.9517221501048,-24.857362886323,53.7890014648438),(12.259046,-62.548421,
9.965002),(12.326082,-62.481747,5.965002),(12.326082,-37.7330090000001,
5.965002),(12.461377,-37.8698,9.965002),(12.9516981294529,24.7426388863229,
53.7890014648438),(12.9517217089723,-24.857362886323,53.7890014648438),
(13.9516978037089,24.7426388863229,53.7890014648438),(13.9517212678399,
-24.857362886323,53.7890014648438),(14.9516974779649,24.7426388863229,53.7890014648438),
(14.9517208267074,-24.857362886323,53.7890014648438),(15.051426,-58.9532059999999,
9.965002),(15.107158,-58.8573779999999,5.965002),(15.107158,-41.357378,
5.965002),(15.194434,-41.510317,9.965002),(15.9516971522209,24.7426388863229,
53.7890014648438),(15.9517203855749,-24.857362886323,53.7890014648438),
(16.822056,-54.7594220000001,9.965002),(16.855415,-54.6367110000001,5.965002),
(16.855415,-45.578045,5.965002),(16.896064,-45.7325679999999,9.965002),
(16.9516968264769,24.7426388863229,53.7890014648438),(16.9517199444425,
-24.857362886323,53.7890014648438),(17.451125,-50.250849,9.965002),(17.451713,
-50.1073779999999,5.965002),(17.9516965007329,24.7426388863229,53.7890014648438),
(17.95171950331,-24.857362886323,53.7890014648438),(18.9516961749888,24.7426388863229,
53.7890014648438),(18.9517190621775,-24.857362886323,53.7890014648438),
(19.9516958492448,24.7426388863229,53.7890014648438),(19.9517186210451,
-24.857362886323,53.7890014648438),(20.9516955235008,24.7426388863229,53.7890014648438),
(20.9517181799126,-24.857362886323,53.7890014648438),(21.9516951977568,
24.7426388863229,53.7890014648438),(21.9517177387802,-24.857362886323,53.7890014648438),
(22.9516948720128,24.7426388863229,53.7890014648438),(22.9517172976477,
-24.857362886323,53.7890014648438),(23.9516945462688,24.7426388863229,53.7890014648438),
(23.9517168565152,-24.857362886323,53.7890014648438),(24.9516942205248,
24.7426388863229,53.7890014648438),(24.9517164153828,-24.857362886323,53.7890014648438),
(25.9516938947808,24.7426388863229,53.7890014648438),(25.9517159742503,
-24.857362886323,53.7890014648438),(26.9516935690368,24.7426388863229,53.7890014648438),
(26.9517155331178,-24.857362886323,53.7890014648438),(27.9516932432928,
24.7426388863229,53.7890014648438),(27.9517150919854,-24.857362886323,53.7890014648438),
(28.9516929175488,24.7426388863229,53.7890014648438),(28.9517146508529,
-24.857362886323,53.7890014648438),(29.9516925918048,24.7426388863229,53.7890014648438),
(29.9517142097204,-24.857362886323,53.7890014648438),(30.9516922660608,
24.7426388863229,53.7890014648438),(30.951713768588,-24.857362886323,53.7890014648438),
(31.9516919403168,24.7426388863229,53.7890014648438),(31.9517133274555,
-24.857362886323,53.7890014648438),(32.9516916145728,24.7426388863229,53.7890014648438),
(32.951712886323,24.7426388863229,53.7890014648438),(32.9517128863231,-24.857362886323,
53.7890014648438),(32.9517128863231,-23.8653632938658,53.7890014648438),
(32.9517128863231,-22.8733637014086,53.7890014648438),(32.9517128863231,
-21.8813641089514,53.7890014648438),(32.9517128863231,-20.8893645164942,
53.7890014648438),(32.9517128863231,-19.8973649240371,53.7890014648438),
(32.9517128863231,-18.9053653315799,53.7890014648438),(32.9517128863231,
-17.9133657391227,53.7890014648438),(32.9517128863231,-16.9213661466655,
53.7890014648438),(32.9517128863231,-15.9293665542083,53.7890014648438),
(32.9517128863231,-14.9373669617511,53.7890014648438),(32.9517128863231,
-13.9453673692939,53.7890014648438),(32.9517128863231,-12.9533677768367,
53.7890014648438),(32.9517128863231,-11.9613681843796,53.7890014648438),
(32.9517128863231,-10.9693685919224,53.7890014648438),(32.9517128863231,
-9.97736899946518,53.7890014648438),(32.9517128863231,-8.98536940700799,
53.7890014648438),(32.9517128863231,-7.9933698145508,53.7890014648438),
(32.9517128863231,-7.00137022209361,53.7890014648438),(32.9517128863231,
-6.00937062963643,53.7890014648438),(32.9517128863231,-5.01737103717924,
53.7890014648438),(32.9517128863231,-4.02537144472205,53.7890014648438),
(32.9517128863231,-3.03337185226486,53.7890014648438),(32.9517128863231,
-2.04137225980767,53.7890014648438),(32.9517128863231,-1.04937266735049,
53.7890014648438),(32.9517128863231,-0.0573730748932988,53.7890014648438),
(32.9517128863231,0.934626517563892,53.7890014648438),(32.9517128863231,
1.92662611002108,53.7890014648438),(32.9517128863231,2.91862570247827,53.7890014648438),
(32.9517128863231,3.91062529493545,53.7890014648438),(32.9517128863231,
4.90262488739264,53.7890014648438),(32.9517128863231,5.89462447984983,53.7890014648438),
(32.9517128863231,6.88662407230702,53.7890014648438),(32.9517128863231,
7.87862366476421,53.7890014648438),(32.9517128863231,8.87062325722139,53.7890014648438),
(32.9517128863231,9.86262284967858,53.7890014648438),(32.9517128863231,
10.8546224421358,53.7890014648438),(32.9517128863231,11.846622034593,53.7890014648438),
(32.9517128863231,12.8386216270501,53.7890014648438),(32.9517128863231,
13.8306212195073,53.7890014648438),(32.9517128863231,14.8226208119645,53.7890014648438),
(32.9517128863231,15.8146204044217,53.7890014648438),(32.9517128863231,
16.8066199968789,53.7890014648438),(32.9517128863231,17.7986195893361,53.7890014648438),
(32.9517128863231,18.7906191817933,53.7890014648438),(32.9517128863231,
19.7826187742505,53.7890014648438),(32.9517128863231,20.7746183667076,53.7890014648438),
(32.9517128863231,21.7666179591648,53.7890014648438),(32.9517128863231,
22.758617551622,53.7890014648438),(32.9517128863231,23.7506171440792,53.7890014648438),
(32.9517128863231,24.7426167365364,53.7890014648438),(35.109111,-27.857362,
48.555004),(35.109111,-27.857362,48.592851),(35.109111,-27.0147609999999,
50.052279),(35.951712,-27.857362,48.555004),(35.951712,-27.857362,48.592851),
(35.951712,27.7426379999999,48.555004),(35.951712,27.7426379999999,48.592851),
(39.951713,-65.3017910000001,9.965002),(39.951713,-38.28078,48.555004),
(39.951713,-35.057362,9.965002),(39.951713,-35.057362,48.555004),(49.293587,
-65.4488329999999,9.755004),(49.293587,-38.28078,48.555004),(49.293587,
-29.8364329999999,9.755004),(49.293587,-29.8364329999999,48.555004),(49.301712,
-54.8364329999999,0.555004),(49.301712,-54.8364329999999,9.755004),(49.301712,
-29.8364329999999,0.555004),(49.301712,-29.8364329999999,9.755004),(49.301712,
-29.8364329999999,48.555004),(49.301712,28.1635670000001,0.555004),(49.301712,
28.1635670000001,48.555004),(49.301712,51.4503890000001,48.555004),(49.301712,
52.540305,48.434767),(49.301712,53.5778,48.079838),(49.301712,54.512978,
47.507288),(49.301712,57.928862,44.23045),(49.301712,60.5836059999999,40.311488),
(49.301712,62.3597159999999,35.92385),(49.301712,63.1635670000001,0.555004),
(49.301712,63.1635670000001,9.055004),(49.301712,70.0642339999999,9.055004),
(56.180753,-71.70324,0.82278500000001),(59.754617,-54.8364329999999,0.555004),
(59.754617,-54.8364329999999,9.755004),(59.754617,-29.8364329999999,0.555004),
(59.754617,-29.8364329999999,9.755004),(59.754617,28.1635670000001,0.555004),
(59.754617,28.1635670000001,9.055004),(59.754617,63.1635670000001,0.555004),
(59.754617,63.1635670000001,9.055004),(67.232247,-65.4488329999999,9.755004),
(67.232247,-29.8364329999999,9.755004),(67.555736,28.1635670000001,9.055004),
(67.555736,70.0642339999999,9.055004),(69.851711,-69.95736,-3.384998),(70.767845,
-71.70324,0.822784000000013),(71.360069,-71.70324,0.822784000000013),(72.769691,
73.299442,-2.227507),(72.851713,-72.9573620000001,-3.384998),(72.851713,
-72.9573620000001,-2.404994),(72.851713,72.8426380000001,-3.384998),(72.851713,
72.8426380000001,-2.404994)));
#269=COORDINATES_LIST('',272,((-33.0482868863229,-24.8573628863229,53.7890014648438),
(-33.0482868863229,-23.8653631794004,53.7890014648438),(-33.0482868863229,
-22.8733634724778,53.7890014648438),(-33.0482868863229,-21.8813637655553,
53.7890014648438),(-33.0482868863229,-20.8893640586327,53.7890014648438),
(-33.0482868863229,-19.8973643517102,53.7890014648438),(-33.0482868863229,
-18.9053646447876,53.7890014648438),(-33.0482868863229,-17.9133649378651,
53.7890014648438),(-33.0482868863229,-16.9213652309425,53.7890014648438),
(-33.0482868863229,-15.92936552402,53.7890014648438),(-33.0482868863229,
-14.9373658170975,53.7890014648438),(-33.0482868863229,-13.9453661101749,
53.7890014648438),(-33.0482868863229,-12.9533664032524,53.7890014648438),
(-33.0482868863229,-11.9613666963298,53.7890014648438),(-33.0482868863229,
-10.9693669894073,53.7890014648438),(-33.0482868863229,-9.97736728248474,
53.7890014648438),(-33.0482868863229,-8.9853675755622,53.7890014648438),
(-33.0482868863229,-7.99336786863965,53.7890014648438),(-33.0482868863229,
-7.00136816171711,53.7890014648438),(-33.0482868863229,-6.00936845479456,
53.7890014648438),(-33.0482868863229,-5.01736874787202,53.7890014648438),
(-33.0482868863229,-4.02536904094947,53.7890014648438),(-33.0482868863229,
-3.03336933402693,53.7890014648438),(-33.0482868863229,-2.04136962710439,
53.7890014648438),(-33.0482868863229,-1.04936992018184,53.7890014648438),
(-33.0482868863229,-0.0573702132593006,53.7890014648438),(-33.0482868863229,
0.934629493663245,53.7890014648438),(-33.0482868863229,1.92662920058579,
53.7890014648438),(-33.0482868863229,2.91862890750833,53.7890014648438),
(-33.0482868863229,3.91062861443088,53.7890014648438),(-33.0482868863229,
4.90262832135342,53.7890014648438),(-33.0482868863229,5.89462802827596,
53.7890014648438),(-33.0482868863229,6.88662773519851,53.7890014648438),
(-33.0482868863229,7.87862744212105,53.7890014648438),(-33.0482868863229,
8.8706271490436,53.7890014648438),(-33.0482868863229,9.86262685596614,53.7890014648438),
(-33.0482868863229,10.8546265628887,53.7890014648438),(-33.0482868863229,
11.8466262698112,53.7890014648438),(-33.0482868863229,12.8386259767338,
53.7890014648438),(-33.0482868863229,13.8306256836563,53.7890014648438),
(-33.0482868863229,14.8226253905789,53.7890014648438),(-33.0482868863229,
15.8146250975014,53.7890014648438),(-33.0482868863229,16.8066248044239,
53.7890014648438),(-33.0482868863229,17.7986245113465,53.7890014648438),
(-33.0482868863229,18.790624218269,53.7890014648438),(-33.0482868863229,
19.7826239251916,53.7890014648438),(-33.0482868863229,20.7746236321141,
53.7890014648438),(-33.0482868863229,21.7666233390367,53.7890014648438),
(-33.0482868863229,22.7586230459592,53.7890014648438),(-33.0482868863229,
23.7506227528818,53.7890014648438),(-33.0482868863229,24.7426224598043,
53.7890014648438),(-33.0482868863229,24.7426388863229,53.7890014648438),
(-33.0482579989344,-24.857362886323,53.7890014648438),(-32.048287212067,
24.7426388863229,53.7890014648438),(-32.0482584400668,-24.857362886323,
53.7890014648438),(-31.0482875378109,24.7426388863229,53.7890014648438),
(-31.0482588811993,-24.857362886323,53.7890014648438),(-30.048287863555,
24.7426388863229,53.7890014648438),(-30.0482593223317,-24.857362886323,
53.7890014648438),(-29.048288189299,24.7426388863229,53.7890014648438),
(-29.0482597634642,-24.857362886323,53.7890014648438),(-28.048288515043,
24.7426388863229,53.7890014648438),(-28.0482602045967,-24.857362886323,
53.7890014648438),(-27.048288840787,24.7426388863229,53.7890014648438),
(-27.0482606457291,-24.857362886323,53.7890014648438),(-26.048289166531,
24.7426388863229,53.7890014648438),(-26.0482610868616,-24.857362886323,
53.7890014648438),(-25.048289492275,24.7426388863229,53.7890014648438),
(-25.0482615279941,-24.857362886323,53.7890014648438),(-24.048289818019,
24.7426388863229,53.7890014648438),(-24.0482619691265,-24.857362886323,
53.7890014648438),(-23.048290143763,24.7426388863229,53.7890014648438),
(-23.048262410259,-24.857362886323,53.7890014648438),(-22.048290469507,
24.7426388863229,53.7890014648438),(-22.0482628513915,-24.857362886323,
53.7890014648438),(-21.048290795251,24.7426388863229,53.7890014648438),
(-21.0482632925239,-24.857362886323,53.7890014648438),(-20.048291120995,
24.7426388863229,53.7890014648438),(-20.048286,-5.807362,53.789003),(-20.048286,
-5.807362,88.265002),(-20.048286,5.692638,53.789003),(-20.048286,5.692638,
88.265002),(-20.0482637336564,-24.857362886323,53.7890014648438),(-19.048291446739,
24.7426388863229,53.7890014648438),(-19.0482641747888,-24.857362886323,
53.7890014648438),(-18.048291772483,24.7426388863229,53.7890014648438),
(-18.048286,-3.807362,90.265002),(-18.048286,3.692638,90.265002),(-18.0482646159213,
-24.857362886323,53.7890014648438),(-17.048292098227,24.7426388863229,53.7890014648438),
(-17.0482650570538,-24.857362886323,53.7890014648438),(-16.048292423971,
24.7426388863229,53.7890014648438),(-16.0482654981862,-24.857362886323,
53.7890014648438),(-15.048292749715,24.7426388863229,53.7890014648438),
(-15.0482659393187,-24.857362886323,53.7890014648438),(-14.048293075459,
24.7426388863229,53.7890014648438),(-14.0482663804512,-24.857362886323,
53.7890014648438),(-13.048293401203,24.7426388863229,53.7890014648438),
(-13.0482668215836,-24.857362886323,53.7890014648438),(-12.048293726947,
24.7426388863229,53.7890014648438),(-12.0482672627161,-24.857362886323,
53.7890014648438),(-11.048294052691,24.7426388863229,53.7890014648438),
(-11.0482677038486,-24.857362886323,53.7890014648438),(-10.048294378435,
24.7426388863229,53.7890014648438),(-10.048268144981,-24.857362886323,53.7890014648438),
(-9.04829470417904,24.7426388863229,53.7890014648438),(-9.04826858611348,
-24.857362886323,53.7890014648438),(-8.04829502992304,24.7426388863229,
53.7890014648438),(-8.04826902724594,-24.857362886323,53.7890014648438),
(-7.04829535566704,24.7426388863229,53.7890014648438),(-7.04826946837841,
-24.857362886323,53.7890014648438),(-6.798287,-20.057362,53.789003),(-6.798287,
-20.057362,88.265002),(-6.798287,-5.807362,53.789003),(-6.798287,-5.807362,
88.265002),(-6.798287,5.692638,53.789003),(-6.798287,5.692638,88.265002),
(-6.798287,19.942638,53.789003),(-6.798287,19.942638,88.265002),(-6.04829568141105,
24.7426388863229,53.7890014648438),(-6.04826990951087,-24.857362886323,
53.7890014648438),(-5.04829600715505,24.7426388863229,53.7890014648438),
(-5.04827035064334,-24.857362886323,53.7890014648438),(-4.798287,-18.057362,
90.265002),(-4.798287,-3.807362,90.265002),(-4.798287,3.692638,90.265002),
(-4.798287,17.942638,90.265002),(-4.04829633289906,24.7426388863229,53.7890014648438),
(-4.0482707917758,-24.857362886323,53.7890014648438),(-3.04829665864306,
24.7426388863229,53.7890014648438),(-3.04827123290826,-24.857362886323,
53.7890014648438),(-2.04829698438706,24.7426388863229,53.7890014648438),
(-2.04827167404073,-24.857362886323,53.7890014648438),(-1.04829731013107,
24.7426388863229,53.7890014648438),(-1.04827211517319,-24.857362886323,
53.7890014648438),(-0.0482976358750733,24.7426388863229,53.7890014648438),
(-0.0482725563056547,-24.857362886323,53.7890014648438),(0.951702038380922,
24.7426388863229,53.7890014648438),(0.951727002561881,-24.857362886323,
53.7890014648438),(1.95170171263692,24.7426388863229,53.7890014648438),
(1.95172656142942,-24.857362886323,53.7890014648438),(2.95170138689291,
24.7426388863229,53.7890014648438),(2.95172612029695,-24.857362886323,53.7890014648438),
(3.95170106114891,24.7426388863229,53.7890014648438),(3.95172567916449,
-24.857362886323,53.7890014648438),(4.701713,-18.057362,90.265002),(4.701713,
-3.807362,90.265002),(4.701713,3.692638,90.265002),(4.701713,17.942638,
90.265002),(4.95170073540491,24.7426388863229,53.7890014648438),(4.95172523803203,
-24.857362886323,53.7890014648438),(5.9517004096609,24.7426388863229,53.7890014648438),
(5.95172479689956,-24.857362886323,53.7890014648438),(6.701713,-20.057362,
53.789003),(6.701713,-20.057362,88.265002),(6.701713,-5.807362,53.789003),
(6.701713,-5.807362,88.265002),(6.701713,5.692638,53.789003),(6.701713,
5.692638,88.265002),(6.701713,19.942638,53.789003),(6.701713,19.942638,
88.265002),(6.9517000839169,24.7426388863229,53.7890014648438),(6.9517243557671,
-24.857362886323,53.7890014648438),(7.95169975817289,24.7426388863229,53.7890014648438),
(7.95172391463463,-24.857362886323,53.7890014648438),(8.95169943242889,
24.7426388863229,53.7890014648438),(8.95172347350217,-24.857362886323,53.7890014648438),
(9.95169910668489,24.7426388863229,53.7890014648438),(9.95172303236971,
-24.857362886323,53.7890014648438),(10.9516987809409,24.7426388863229,53.7890014648438),
(10.9517225912372,-24.857362886323,53.7890014648438),(11.9516984551969,
24.7426388863229,53.7890014648438),(11.9517221501048,-24.857362886323,53.7890014648438),
(12.9516981294529,24.7426388863229,53.7890014648438),(12.9517217089723,
-24.857362886323,53.7890014648438),(13.9516978037089,24.7426388863229,53.7890014648438),
(13.9517212678399,-24.857362886323,53.7890014648438),(14.9516974779649,
24.7426388863229,53.7890014648438),(14.9517208267074,-24.857362886323,53.7890014648438),
(15.9516971522209,24.7426388863229,53.7890014648438),(15.9517203855749,
-24.857362886323,53.7890014648438),(16.9516968264769,24.7426388863229,53.7890014648438),
(16.9517199444425,-24.857362886323,53.7890014648438),(17.9516965007329,
24.7426388863229,53.7890014648438),(17.951714,-3.807362,90.265002),(17.951714,
3.692638,90.265002),(17.95171950331,-24.857362886323,53.7890014648438),
(18.9516961749889,24.7426388863229,53.7890014648438),(18.9517190621775,
-24.857362886323,53.7890014648438),(19.9516958492448,24.7426388863229,53.7890014648438),
(19.951714,-5.807362,53.789003),(19.951714,-5.807362,88.265002),(19.951714,
5.692638,53.789003),(19.951714,5.692638,88.265002),(19.9517186210451,-24.857362886323,
53.7890014648438),(20.9516955235008,24.7426388863229,53.7890014648438),
(20.9517181799126,-24.857362886323,53.7890014648438),(21.9516951977568,
24.7426388863229,53.7890014648438),(21.9517177387801,-24.857362886323,53.7890014648438),
(22.9516948720128,24.7426388863229,53.7890014648438),(22.9517172976477,
-24.857362886323,53.7890014648438),(23.9516945462688,24.7426388863229,53.7890014648438),
(23.9517168565152,-24.857362886323,53.7890014648438),(24.9516942205248,
24.7426388863229,53.7890014648438),(24.9517164153828,-24.857362886323,53.7890014648438),
(25.9516938947808,24.7426388863229,53.7890014648438),(25.9517159742503,
-24.857362886323,53.7890014648438),(26.9516935690368,24.7426388863229,53.7890014648438),
(26.9517155331178,-24.857362886323,53.7890014648438),(27.9516932432928,
24.7426388863229,53.7890014648438),(27.9517150919854,-24.857362886323,53.7890014648438),
(28.9516929175488,24.7426388863229,53.7890014648438),(28.9517146508529,
-24.857362886323,53.7890014648438),(29.9516925918048,24.7426388863229,53.7890014648438),
(29.9517142097204,-24.857362886323,53.7890014648438),(30.9516922660608,
24.7426388863229,53.7890014648438),(30.951713768588,-24.857362886323,53.7890014648438),
(31.9516919403168,24.7426388863229,53.7890014648438),(31.9517133274555,
-24.857362886323,53.7890014648438),(32.9516916145728,24.7426388863229,53.7890014648438),
(32.951712886323,24.7426388863229,53.7890014648438),(32.9517128863231,-24.857362886323,
53.7890014648438),(32.9517128863231,-23.8653632938658,53.7890014648438),
(32.9517128863231,-22.8733637014086,53.7890014648438),(32.9517128863231,
-21.8813641089514,53.7890014648438),(32.9517128863231,-20.8893645164942,
53.7890014648438),(32.9517128863231,-19.8973649240371,53.7890014648438),
(32.9517128863231,-18.9053653315799,53.7890014648438),(32.9517128863231,
-17.9133657391227,53.7890014648438),(32.9517128863231,-16.9213661466655,
53.7890014648438),(32.9517128863231,-15.9293665542083,53.7890014648438),
(32.9517128863231,-14.9373669617511,53.7890014648438),(32.9517128863231,
-13.9453673692939,53.7890014648438),(32.9517128863231,-12.9533677768367,
53.7890014648438),(32.9517128863231,-11.9613681843796,53.7890014648438),
(32.9517128863231,-10.9693685919224,53.7890014648438),(32.9517128863231,
-9.97736899946518,53.7890014648438),(32.9517128863231,-8.98536940700799,
53.7890014648438),(32.9517128863231,-7.99336981455081,53.7890014648438),
(32.9517128863231,-7.00137022209362,53.7890014648438),(32.9517128863231,
-6.00937062963643,53.7890014648438),(32.9517128863231,-5.01737103717924,
53.7890014648438),(32.9517128863231,-4.02537144472205,53.7890014648438),
(32.9517128863231,-3.03337185226487,53.7890014648438),(32.9517128863231,
-2.04137225980768,53.7890014648438),(32.9517128863231,-1.04937266735049,
53.7890014648438),(32.9517128863231,-0.0573730748933023,53.7890014648438),
(32.9517128863231,0.934626517563885,53.7890014648438),(32.9517128863231,
1.92662611002107,53.7890014648438),(32.9517128863231,2.91862570247826,53.7890014648438),
(32.9517128863231,3.91062529493545,53.7890014648438),(32.9517128863231,
4.90262488739264,53.7890014648438),(32.9517128863231,5.89462447984982,53.7890014648438),
(32.9517128863231,6.88662407230701,53.7890014648438),(32.9517128863231,
7.8786236647642,53.7890014648438),(32.9517128863231,8.87062325722139,53.7890014648438),
(32.9517128863231,9.86262284967858,53.7890014648438),(32.9517128863231,
10.8546224421358,53.7890014648438),(32.9517128863231,11.846622034593,53.7890014648438),
(32.9517128863231,12.8386216270501,53.7890014648438),(32.9517128863231,
13.8306212195073,53.7890014648438),(32.9517128863231,14.8226208119645,53.7890014648438),
(32.9517128863231,15.8146204044217,53.7890014648438),(32.9517128863231,
16.8066199968789,53.7890014648438),(32.9517128863231,17.7986195893361,53.7890014648438),
(32.9517128863231,18.7906191817933,53.7890014648438),(32.9517128863231,
19.7826187742505,53.7890014648438),(32.9517128863231,20.7746183667076,53.7890014648438),
(32.9517128863231,21.7666179591648,53.7890014648438),(32.9517128863231,
22.758617551622,53.7890014648438),(32.9517128863231,23.7506171440792,53.7890014648438),
(32.9517128863231,24.7426167365364,53.7890014648438)));
#270=COORDINATES_LIST('',1165,((-78.248289,-73.3553019999999,-11.910997),
(-78.248289,-73.3553019999999,-3.875),(-78.248289,-58.2573640000001,-11.910997),
(-78.248289,-58.2573640000001,-3.875),(-78.248289,58.14264,-11.910997),
(-78.248289,58.14264,-3.875),(-78.248289,71.092664,-11.910997),(-78.248289,
71.092664,-3.875),(-78.118033,-74.489139,-11.910997),(-78.095014,72.321179,
-11.910997),(-78.077918,-74.6493969999999,-3.875),(-78.077918,72.386759,
-3.875),(-77.734054,-75.563901,-11.910997),(-77.644588,73.474375,-11.910997),
(-77.578416,-75.8553019999999,-3.875),(-77.578416,73.592664,-3.875),(-77.116357,
-76.52359,-11.910997),(-76.924626,74.4815490000001,-11.910997),(-76.783823,
-76.890836,-3.875),(-76.783823,74.6281979999999,-3.875),(-76.297125,-77.318205,
-11.910997),(-75.979269,75.280951,-11.910997),(-75.748289,-77.6854290000001,
-3.875),(-75.748289,75.422791,-3.875),(-75.319042,-77.906344,-11.910997),
(-74.866475,75.82357,-11.910997),(-74.542384,-78.184931,-3.875),(-74.542384,
75.9222930000001,-3.875),(-74.233068,-78.2573640000001,-11.910997),(-74.233068,
-78.2573640000001,-11.875),(-73.907207,-78.3116950000001,-11.875),(-73.765741,
76.065816,-11.875),(-73.654472,76.0761379999999,-11.910997),(-73.5936,76.080725,
-11.875),(-73.578468,-78.344388,-11.875),(-73.421048,76.0896780000001,-11.875),
(-73.248289,-78.3553019999999,-11.875),(-73.248289,-78.3553019999999,-3.875),
(-73.248289,76.092664,-11.875),(-73.248289,76.092664,-3.875),(-69.948285,
-69.95736,-25.925),(-69.948285,-69.95736,-11.910997),(-69.948285,-69.95736,
-3.875),(-69.948285,-69.95736,-3.384998),(-69.948285,-58.2573640000001,
-11.910997),(-69.948285,-58.2573640000001,-3.875),(-69.948285,58.14264,
-11.910997),(-69.948285,58.14264,-3.875),(-69.948285,69.8426360000001,-25.925),
(-69.948285,69.8426360000001,-11.910997),(-69.948285,69.8426360000001,-3.875),
(-69.948285,69.8426360000001,-3.384998),(-63.748286,-68.057364,-58.265002),
(-63.748286,67.94264,-58.265002),(-54.396172,11.067037,-58.2650032043457),
(-54.396172,11.067037,-58.265002),(-54.396172,11.0670598326293,-58.2650032043457),
(-54.396172,12.0648770285481,-58.2650032043457),(-54.396172,13.0626942244669,
-58.2650032043457),(-54.396172,14.0605114203857,-58.2650032043457),(-54.396172,
15.0583286163045,-58.2650032043457),(-54.396172,16.0561458122232,-58.2650032043457),
(-54.396172,17.053963008142,-58.2650032043457),(-54.396172,18.0517802040608,
-58.2650032043457),(-54.396172,19.0495973999796,-58.2650032043457),(-54.396172,
20.0474145958984,-58.2650032043457),(-54.396172,21.0452317918172,-58.2650032043457),
(-54.396172,22.0430489877359,-58.2650032043457),(-54.396172,23.0408661836547,
-58.2650032043457),(-54.396172,24.0386833795735,-58.2650032043457),(-54.396172,
25.0365005754923,-58.2650032043457),(-54.396172,26.0343177714111,-58.2650032043457),
(-54.396172,27.0321349673299,-58.2650032043457),(-54.396172,28.0299521632486,
-58.2650032043457),(-54.396172,29.0277693591674,-58.2650032043457),(-54.396172,
30.0255865550862,-58.2650032043457),(-54.396172,31.023403751005,-58.2650032043457),
(-54.396172,32.0212209469238,-58.2650032043457),(-54.396172,33.0190381428426,
-58.2650032043457),(-54.396172,34.0168553387613,-58.2650032043457),(-54.396172,
35.0146725346801,-58.2650032043457),(-54.396172,36.0124897305989,-58.2650032043457),
(-54.396172,37.0103069265177,-58.2650032043457),(-54.396172,38.0081241224365,
-58.2650032043457),(-54.396172,39.0059413183553,-58.2650032043457),(-54.396172,
40.0037585142741,-58.2650032043457),(-54.396172,41.0015757101928,-58.2650032043457),
(-54.396172,41.9993929061116,-58.2650032043457),(-54.396172,42.9972101020304,
-58.2650032043457),(-54.396172,43.9950272979492,-58.2650032043457),(-54.396172,
44.992844493868,-58.2650032043457),(-54.396172,45.9906616897868,-58.2650032043457),
(-54.396172,46.9884788857055,-58.2650032043457),(-54.396172,47.9862960816243,
-58.2650032043457),(-54.396172,48.9841132775431,-58.2650032043457),(-54.396172,
49.9819304734619,-58.2650032043457),(-54.396172,50.9797476693807,-58.2650032043457),
(-54.396172,51.9775648652995,-58.2650032043457),(-54.396172,52.9753820612182,
-58.2650032043457),(-54.396172,53.973199257137,-58.2650032043457),(-54.396172,
54.9710164530558,-58.2650032043457),(-54.396172,55.9688336489746,-58.2650032043457),
(-54.396172,56.9666508448934,-58.2650032043457),(-54.396172,57.9644680408122,
-58.2650032043457),(-54.396172,58.9622852367309,-58.2650032043457),(-54.396172,
59.9601024326497,-58.2650032043457),(-54.396172,60.9579196285685,-58.2650032043457),
(-54.396172,61.9557368244873,-58.2650032043457),(-54.396172,62.9535540204061,
-58.2650032043457),(-54.396172,63.9513712163249,-58.2650032043457),(-54.396172,
64.9491884122436,-58.2650032043457),(-54.396172,65.9470056081624,-58.2650032043457),
(-54.396172,66.9448228040812,-58.2650032043457),(-54.396172,67.94264,-58.2650032043457),
(-54.396172,67.94264,-58.265002),(-54.3961529766338,67.94264,-58.2650032043457),
(-53.748287,-60.857362,-58.265002),(-53.7482868895046,-60.857362,-58.2650032043457),
(-53.7482868051011,-60.8573640851675,-58.2650032043457),(-53.7482867477135,
-60.8573595055463,-58.2650032043457),(-53.707169842813,-60.3154512589289,
-58.2650032043457),(-53.707168900203,-61.3993013317178,-58.2650032043457),
(-53.666053,-59.773543,-58.265002),(-53.6660529379125,-59.7735430123116,
-58.2650032043457),(-53.666051,-61.941239,-58.265002),(-53.6660509953048,
-61.9412385782681,-58.2650032043457),(-53.6660505747317,-61.9412407197594,
-58.2650032043457),(-53.5425317236054,-59.2447587353398,-58.2650032043457),
(-53.5425113604662,-62.4700894965821,-58.2650032043457),(-53.4190105092983,
-58.7159744583679,-58.2650032043457),(-53.41901,-58.715972,-58.265002),
(-53.4190098911549,-58.7159718723996,-58.2650032043457),(-53.4189721462007,
-62.9989382734048,-58.2650032043457),(-53.418972,-62.9989390000001,-58.265002),
(-53.4189714138764,-62.9989403859039,-58.2650032043457),(-53.4089282062873,
67.94264,-58.2650032043457),(-53.4012671735968,11.067037,-58.2650032043457),
(-53.2127928681155,-58.2143655325678,-58.2650032043457),(-53.2127708907988,
-63.5004622259311,-58.2650032043457),(-53.006575845076,-57.7127591927359,
-58.2650032043457),(-53.006575,-57.712757,-58.265002),(-53.0065747778089,
-57.7127567205993,-58.2650032043457),(-53.0065703677211,-64.0019840659584,
-58.2650032043457),(-53.00657,-64.0019850000001,-58.265002),(-53.0065693243255,
-64.0019860525571,-58.2650032043457),(-52.7183524909439,-64.4594624944572,
-58.2650032043457),(-52.7176779460001,-57.2544357806525,-58.2650032043457),
(-52.4301356575622,-64.9169389363573,-58.2650032043457),(-52.430135,-64.91694,
-58.265002),(-52.4301343316366,-64.91694070101,-58.2650032043457),(-52.4287811141912,
-56.7961148407056,-58.2650032043457),(-52.42878,-56.7961130000001,-58.265002),
(-52.4287796202588,-56.7961126338148,-58.2650032043457),(-52.4217034359407,
67.94264,-58.2650032043457),(-52.4063623471936,11.067037,-58.2650032043457),
(-52.0617456836848,-65.3115217883812,-58.2650032043457),(-52.0595994741376,
-56.4010845474775,-58.2650032043457),(-51.693357035733,-65.7061028757525,
-58.2650032043457),(-51.693356,-65.7061040000001,-58.265002),(-51.6933554821463,
-65.7061043375078,-58.2650032043457),(-51.6904193280165,-56.0060564611402,
-58.2650032043457),(-51.690418,-56.0060550000001,-58.265002),(-51.6904174889416,
-56.006054668425,-58.2650032043457),(-51.4344786655942,67.94264,-58.2650032043457),
(-51.4114575207905,11.067037,-58.2650032043457),(-51.2533484998409,-66.0139286255393,
-58.2650032043457),(-51.2487990103634,-55.6978423812909,-58.2650032043457),
(-50.8133415175355,-66.3217529135707,-58.2650032043457),(-50.81334,-66.3217540000001,
-58.265002),(-50.8133398101618,-66.3217540185311,-58.2650032043457),(-50.8133380307342,
-66.3217547460076,-58.2650032043457),(-50.8071805317853,-55.3896300941568,
-58.2650032043457),(-50.807179,-55.389629,-58.265002),(-50.8071784716734,
-55.3896288134345,-58.2650032043457),(-50.4472538952476,67.94264,-58.2650032043457),
(-50.4165526943873,11.067037,-58.2650032043457),(-50.3144051847188,-66.5204307864886,
-58.2650032043457),(-50.3073641276969,-55.191590271479,-58.2650032043457),
(-49.8154723387034,-66.7191068269697,-58.2650032043457),(-49.815472,-66.7191070000001,
-58.265002),(-49.8154705651784,-66.7191071884807,-58.2650032043457),(-49.8075497837203,
-54.9935517295235,-58.2650032043457),(-49.807548,-54.993551,-58.265002),
(-49.8075476429044,-54.9935509908849,-58.2650032043457),(-49.4600291249011,
67.94264,-58.2650032043457),(-49.4216478679841,11.067037,-58.2650032043457),
(-49.2846002930312,-66.7882325286002,-58.2650032043457),(-49.2768338703953,
-54.9254551483842,-58.2650032043457),(-48.7537300208841,-66.8573578687198,
-58.2650032043457),(-48.753729,-66.857358,-58.265002),(-48.7537283019112,
-66.8573579000133,-58.2650032043457),(-48.7461200978862,-54.8573593058835,
-58.2650032043457),(-48.7461180003886,-54.8573590754654,-58.2650032043457),
(-48.746118,-54.8573590000001,-58.265002),(-48.7461159121472,-54.8573593058835,
-58.2650032043457),(-48.4728043545546,67.94264,-58.2650032043457),(-48.426743041581,
11.067037,-58.2650032043457),(-48.2228840297039,-66.7896585565955,-58.2650032043457),
(-48.2139841429178,-54.9263851462333,-58.2650032043457),(-47.6920397574966,
-66.7219592131777,-58.2650032043457),(-47.692038,-66.721959,-58.265002),
(-47.6920379934938,-66.7219589210792,-58.2650032043457),(-47.6920362093133,
-66.7219582686563,-58.2650032043457),(-47.6818523736884,-54.995410986583,
-58.2650032043457),(-47.681852,-54.9954110000001,-58.265002),(-47.6818502328725,
-54.9954117252216,-58.2650032043457),(-47.485579584208,67.94264,-58.2650032043457),
(-47.4318382151778,11.067037,-58.2650032043457),(-47.1924553647966,-66.5244677254333,
-58.2650032043457),(-47.1830208866177,-55.1939442660345,-58.2650032043457),
(-46.69287452028,-66.3269771822102,-58.2650032043457),(-46.692874,-66.3269769999999,
-58.265002),(-46.692872791919,-66.3269761521809,-58.2650032043457),(-46.6841915403629,
-55.3924768068475,-58.2650032043457),(-46.684191,-55.3924770000001,-58.265002),
(-46.684189480251,-55.3924780875698,-58.2650032043457),(-46.4983548138615,
67.94264,-58.2650032043457),(-46.4369333887746,11.067037,-58.2650032043457),
(-46.251742812211,-66.0197668627271,-58.2650032043457),(-46.2434784995739,
-55.7007313746089,-58.2650032043457),(-45.810612832503,-65.7125575732733,
-58.2650032043457),(-45.810612,-65.7125570000001,-58.265002),(-45.8106112418243,
-65.7125561795843,-58.2650032043457),(-45.8027675188969,-56.008984661648,
-58.2650032043457),(-45.802767,-56.0089849999999,-58.265002),(-45.8027656798219,
-56.0089864543632,-58.2650032043457),(-45.511130043515,67.94264,-58.2650032043457),
(-45.4420285623714,11.067037,-58.2650032043457),(-45.4412355961553,-65.31826609154,
-58.2650032043457),(-45.4342710321153,-56.4038490410833,-58.2650032043457),
(-45.0718599504864,-64.9239760034957,-58.2650032043457),(-45.071859,-64.9239749999999,
-58.265002),(-45.0718585738921,-64.9239742936679,-58.2650032043457),(-45.0657763844087,
-56.7987116278035,-58.2650032043457),(-45.065776,-56.798712,-58.265002),
(-45.0657751113698,-56.7987134440038,-58.2650032043457),(-44.7826932427042,
-64.4664008519921,-58.2650032043457),(-44.7773677784288,-57.2567048847128,
-58.2650032043457),(-44.5239052731684,67.94264,-58.2650032043457),(-44.4935279115163,
-64.0088274103164,-58.2650032043457),(-44.493527,-64.008826,-58.265002),
(-44.4935268084294,-64.0088254607034,-58.2650032043457),(-44.4889604454878,
-57.7146963254219,-58.2650032043457),(-44.48896,-57.7146970000001,-58.265002),
(-44.4889594629307,-57.7146983451182,-58.2650032043457),(-44.4471237359683,
11.067037,-58.2650032043457),(-44.2866062870171,-63.5071516210277,-58.2650032043457),
(-44.2828289396911,-58.2167056840225,-58.2650032043457),(-44.0796857656047,
-63.0054777813519,-58.2650032043457),(-44.079685,-63.005476,-58.265002),
(-44.0796849701451,-63.0054756861071,-58.2650032043457),(-44.0766984164516,
-58.7187130229269,-58.2650032043457),(-44.076698,-58.7187140000001,-58.265002),
(-44.076697747274,-58.7187151487599,-58.2650032043457),(-43.9555682572153,
-62.4763224099887,-58.2650032043457),(-43.9533075326639,-59.2480809243868,
-58.2650032043457),(-43.8314515442856,-61.9471691338703,-58.2650032043457),
(-43.8314510618979,-61.9471669866199,-58.2650032043457),(-43.831451,-61.947167,
-58.265002),(-43.8299173180539,-59.7774467000137,-58.2650032043457),(-43.829917,
-59.7774480000001,-58.265002),(-43.8299169576947,-59.777448836523,-58.2650032043457),
(-43.789868658074,-61.4048947408444,-58.2650032043457),(-43.7891015940988,
-60.320033023218,-58.2650032043457),(-43.7482862542502,-60.862622495069,
-58.2650032043457),(-43.7482862305029,-60.8626172099129,-58.2650032043457),
(-43.7482861464991,-60.8626183266282,-58.2650032043457),(-43.748286,-60.86262,
-58.265002),(-43.5366805028219,67.94264,-58.2650032043457),(-43.4522189095651,
11.067037,-58.2650032043457),(-42.5494557324754,67.94264,-58.2650032043457),
(-42.4573140831619,11.067037,-58.2650032043457),(-41.5622309621288,67.94264,
-58.2650032043457),(-41.4624092567587,11.067037,-58.2650032043457),(-40.5750061917823,
67.94264,-58.2650032043457),(-40.4675044303556,11.067037,-58.2650032043457),
(-39.5877814214357,67.94264,-58.2650032043457),(-39.4725996039524,11.067037,
-58.2650032043457),(-38.6005566510892,67.94264,-58.2650032043457),(-38.4776947775492,
11.067037,-58.2650032043457),(-37.6133318807427,67.94264,-58.2650032043457),
(-37.482789951146,11.067037,-58.2650032043457),(-36.6261071103961,67.94264,
-58.2650032043457),(-36.4878851247429,11.067037,-58.2650032043457),(-35.6388823400496,
67.94264,-58.2650032043457),(-35.4929802983397,11.067037,-58.2650032043457),
(-34.651657569703,67.94264,-58.2650032043457),(-34.4980754719365,11.067037,
-58.2650032043457),(-33.6644327993565,67.94264,-58.2650032043457),(-33.5031706455333,
11.067037,-58.2650032043457),(-32.67720802901,67.94264,-58.2650032043457),
(-32.5082658191302,11.067037,-58.2650032043457),(-31.6899832586634,67.94264,
-58.2650032043457),(-31.513360992727,11.067037,-58.2650032043457),(-30.7027584883169,
67.94264,-58.2650032043457),(-30.5184561663238,11.067037,-58.2650032043457),
(-29.7155337179704,67.94264,-58.2650032043457),(-29.5235513399206,11.067037,
-58.2650032043457),(-28.7283089476238,67.94264,-58.2650032043457),(-28.5286465135175,
11.067037,-58.2650032043457),(-28.248286,-78.3553019999999,-11.875),(-28.248286,
-78.3553019999999,-3.875),(-28.248286,-78.2573640000001,-11.910997),(-28.248286,
-78.2573640000001,-11.875),(-28.248286,-69.95736,-11.910997),(-28.248286,
-69.95736,-3.875),(-28.248286,69.8426360000001,-11.910997),(-28.248286,
69.8426360000001,-3.875),(-28.248286,76.065816,-11.875),(-28.248286,76.0761379999999,
-11.910997),(-28.248286,76.092664,-11.875),(-28.248286,76.092664,-3.875),
(-27.7410841772773,67.94264,-58.2650032043457),(-27.5337416871143,11.067037,
-58.2650032043457),(-26.7538594069308,67.94264,-58.2650032043457),(-26.5388368607111,
11.067037,-58.2650032043457),(-25.7666346365842,67.94264,-58.2650032043457),
(-25.5439320343079,11.067037,-58.2650032043457),(-24.7794098662377,67.94264,
-58.2650032043457),(-24.5490272079048,11.067037,-58.2650032043457),(-23.7921850958911,
67.94264,-58.2650032043457),(-23.5541223815016,11.067037,-58.2650032043457),
(-23.55411,11.067037,-58.2650032043457),(-23.55411,11.067037,-58.265002),
(-23.5541096470315,11.0670370450574,-58.2650032043457),(-22.8049603255446,
67.94264,-58.2650032043457),(-22.674873,11.1792740000001,-58.2650032043457),
(-22.674873,11.1792740000001,-58.265002),(-21.8520253303312,11.5087848677183,
-58.2650032043457),(-21.852025,11.508785,-58.2650032043457),(-21.852025,
11.508785,-58.265002),(-21.8177355551981,67.94264,-58.2650032043457),(-21.138342286507,
12.0344367889778,-58.2650032043457),(-21.138342,12.034437,-58.2650032043457),
(-21.138342,12.034437,-58.265002),(-21.138341775691,12.0344372762291,-58.2650032043457),
(-20.8305107848515,67.94264,-58.2650032043457),(-20.579593,12.722518,-58.2650032043457),
(-20.579593,12.722518,-58.265002),(-20.0636942071069,13.3880240661668,-58.2650032043457),
(-19.843286014505,67.94264,-58.2650032043457),(-19.5477954142138,14.0535301323335,
-58.2650032043457),(-19.298287,-0.0573620000000119,-58.2650032043457),(-19.298287,
-0.0573620000000119,-58.265002),(-19.2982869634569,-0.0573617224275699,
-58.2650032043457),(-19.1889656727572,-0.887739620404603,-58.2650032043457),
(-19.1889656362141,0.773015897977025,-58.2650032043457),(-19.0796443455144,
-1.71811724080919,-58.2650032043457),(-19.0796443089713,1.60339351838162,
-58.2650032043457),(-19.0318966213208,14.7190361985003,-58.2650032043457),
(-18.9703230182716,-2.54849486121379,-58.2650032043457),(-18.9703229817285,
2.43377113878622,-58.2650032043457),(-18.8610016910287,-3.37887248161838,
-58.2650032043457),(-18.8610016544856,3.26414875919081,-58.2650032043457),
(-18.8560612441585,67.94264,-58.2650032043457),(-18.7516803637859,-4.20925010202297,
-58.2650032043457),(-18.7516803272428,4.0945263795954,-58.2650032043457),
(-18.6423590365431,-5.03962772242756,-58.2650032043457),(-18.642359,-5.039628,
-58.2650032043457),(-18.642359,-5.039628,-58.265002),(-18.642359,4.924904,
-58.2650032043457),(-18.642359,4.924904,-58.265002),(-18.6423588928611,
4.92490425865641,-58.2650032043457),(-18.5159978284277,15.384542264667,
-58.2650032043457),(-18.3218451845232,-5.8134169568906,-58.2650032043457),
(-18.3218450773842,5.69869321554701,-58.2650032043457),(-18.298287,-74.5518509999999,
-32.657549),(-18.298287,-74.498908,-30.348755),(-18.298287,-73.757361,-29.942998),
(-18.298287,-73.757361,-28.962995),(-18.298287,-70.057362,-24.650999),(-18.298287,
-69.95736,-25.925),(-18.298287,-69.95736,-24.650999),(-18.298287,-69.324063,
-36.704994),(-18.298287,-68.9616149999999,-42.874079),(-18.298287,68.8468909999999,
-42.874079),(-18.298287,69.209339,-36.704994),(-18.298287,69.8426360000001,
-25.925),(-18.298287,69.8426360000001,-24.650999),(-18.298287,69.942638,
-24.650999),(-18.298287,73.6426369999999,-29.942998),(-18.298287,73.6426369999999,
-28.962995),(-18.298287,74.384184,-30.348755),(-18.298287,74.4371269999999,
-32.657549),(-18.0013313690463,-6.5872059137812,-58.2650032043457),(-18.0013312619074,
6.47248217243761,-58.2650032043457),(-18.0000990355346,16.0500483308338,
-58.2650032043457),(-17.8688364738119,67.94264,-58.2650032043457),(-17.6808175535695,
-7.36099487067179,-58.2650032043457),(-17.6808174464305,7.24627112932821,
-58.2650032043457),(-17.4842002426415,16.7155543970005,-58.2650032043457),
(-17.484199,16.7155559999999,-58.2650032043457),(-17.484199,16.7155559999999,
-58.265002),(-17.4841974521721,16.7155573107219,-58.2650032043457),(-17.3603037380926,
-8.13478382756239,-58.2650032043457),(-17.3603036309537,8.0200600862188,
-58.2650032043457),(-17.0397899226158,-8.90857278445299,-58.2650032043457),
(-17.0397898154768,8.7938490431094,-58.2650032043457),(-16.8816117034654,
67.94264,-58.2650032043457),(-16.8415965434768,17.2597205922682,-58.2650032043457),
(-16.7192761071389,-9.68236174134359,-58.2650032043457),(-16.719276,-9.682362,
-58.2650032043457),(-16.719276,-9.682362,-58.265002),(-16.719276,9.567638,
-58.2650032043457),(-16.719276,9.567638,-58.265002),(-16.7192758295665,
9.56763822211323,-58.2650032043457),(-16.2094120284056,-10.3468294629811,
-58.2650032043457),(-16.2094118579721,10.2321056850944,-58.2650032043457),
(-16.1989956347814,17.8038838738145,-58.2650032043457),(-15.8943869331188,
67.94264,-58.2650032043457),(-15.6995480568112,-11.0112969259623,-58.2650032043457),
(-15.6995478863777,10.8965731480755,-58.2650032043457),(-15.5563947260861,
18.3480471553609,-58.2650032043457),(-15.1896840852168,-11.6757643889434,
-58.2650032043457),(-15.1896839147832,11.5610406110566,-58.2650032043457),
(-14.9137938173907,18.8922104369072,-58.2650032043457),(-14.9071621627723,
67.94264,-58.2650032043457),(-14.6798201136223,-12.3402318519245,-58.2650032043457),
(-14.6798199431888,12.2255080740377,-58.2650032043457),(-14.2711929086953,
19.4363737184536,-58.2650032043457),(-14.1699561420279,-13.0046993149057,
-58.2650032043457),(-14.1699559715944,12.8899755370189,-58.2650032043457),
(-13.9199373924258,67.94264,-58.2650032043457),(-13.6600921704335,-13.6691667778868,
-58.2650032043457),(-13.660092,-13.669167,-58.2650032043457),(-13.660092,
-13.669167,-58.265002),(-13.660092,13.554443,-58.2650032043457),(-13.660092,
13.554443,-58.265002),(-13.6600917778868,13.5544431704335,-58.2650032043457),
(-13.628592,19.9805369999999,-58.2650032043457),(-13.628592,19.9805369999999,
-58.265002),(-13.6285902141713,19.9805379615511,-58.2650032043457),(-12.9956245370189,
-14.1790309715944,-58.2650032043457),(-12.9956243149056,14.0643071420279,
-58.2650032043457),(-12.9327126220792,67.94264,-58.2650032043457),(-12.8871801784761,
20.3797384679593,-58.2650032043457),(-12.3311570740377,-14.6888949431888,
-58.2650032043457),(-12.3311568519245,14.5741711136223,-58.2650032043457),
(-12.1457701427809,20.7789389743674,-58.2650032043457),(-11.9454878517327,
67.94264,-58.2650032043457),(-11.6666896110566,-15.1987589147832,-58.2650032043457),
(-11.6666893889434,15.0840350852167,-58.2650032043457),(-11.4043601070857,
21.1781394807756,-58.2650032043457),(-11.048287,-74.5518509999999,-32.657549),
(-11.048287,-74.498908,-30.348755),(-11.048287,-73.757361,-29.942998),(-11.048287,
-73.757361,-28.962995),(-11.048287,-70.057362,-24.650999),(-11.048287,-69.95736,
-25.925),(-11.048287,-69.95736,-24.650999),(-11.048287,-69.324063,-36.704994),
(-11.048287,-68.9616149999999,-42.874079),(-11.048287,68.8468909999999,
-42.874079),(-11.048287,69.209339,-36.704994),(-11.048287,69.8426360000001,
-25.925),(-11.048287,69.8426360000001,-24.650999),(-11.048287,69.942638,
-24.650999),(-11.048287,73.6426369999999,-29.942998),(-11.048287,73.6426369999999,
-28.962995),(-11.048287,74.384184,-30.348755),(-11.048287,74.4371269999999,
-32.657549),(-11.0022221480755,-15.7086228863776,-58.2650032043457),(-11.0022219259623,
15.5938990568111,-58.2650032043457),(-10.9582630813861,67.94264,-58.2650032043457),
(-10.6629500713904,21.5773399871837,-58.2650032043457),(-10.3377546850944,
-16.218486857972,-58.2650032043457),(-10.3377544629811,16.1037630284055,
-58.2650032043457),(-9.97103831103961,67.94264,-58.2650032043457),(-9.92154003569522,
21.9765404935919,-58.2650032043457),(-9.67328722211323,-16.7283508295664,
-58.2650032043457),(-9.673287,-16.728351,-58.2650032043457),(-9.673287,
-16.728351,-58.265002),(-9.673287,16.613627,-58.2650032043457),(-9.673287,
16.613627,-58.265002),(-9.6732867413436,16.6136271071389,-58.2650032043457),
(-9.18013,22.3757410000001,-58.2650032043457),(-9.18013,22.3757410000001,
-58.265002),(-9.148287,-84.7426640000001,-11.875),(-9.148287,-84.7426640000001,
-3.875),(-9.148287,-84.7073620000001,-11.910997),(-9.148287,-84.7073620000001,
-11.875),(-9.148287,-69.95736,-11.910997),(-9.148287,-69.95736,-3.875),
(-9.148287,69.8426360000001,-11.910997),(-9.148287,69.8426360000001,-3.875),
(-9.148287,84.7426639999999,-11.910997),(-9.148287,84.7426639999999,-3.875),
(-8.98381354069307,67.94264,-58.2650032043457),(-8.8994980431094,-17.0488648154769,
-58.2650032043457),(-8.899497784453,16.9341409226158,-58.2650032043457),
(-8.45923428940267,22.7767908389991,-58.2650032043457),(-8.459234,22.776791,
-58.2650032043457),(-8.459234,22.776791,-58.265002),(-8.1257090862188,-17.3693786309537,
-58.2650032043457),(-8.1257088275624,17.2546547380926,-58.2650032043457),
(-7.99658877034654,67.94264,-58.2650032043457),(-7.85223024368089,23.3354307757347,
-58.2650032043457),(-7.85223,23.335431,-58.2650032043457),(-7.85223,23.335431,
-58.265002),(-7.39283918442186,24.020626724929,-58.2650032043457),(-7.392839,
24.0206269999999,-58.2650032043457),(-7.392839,24.0206269999999,-58.265002),
(-7.3519201293282,-17.6898924464306,-58.2650032043457),(-7.3519198706718,
17.5751685535694,-58.2650032043457),(-7.10658311491706,24.7943126894048,
-58.2650032043457),(-7.106583,24.7943129999999,-58.2650032043457),(-7.106583,
24.7943129999999,-58.265002),(-7.00936403902843,25.6135086711349,-58.2650032043457),
(-7.009364,25.613509,-58.2650032043457),(-7.009364,25.613509,-58.265002),
(-7.009364,26.5979070001635,-58.2650032043457),(-7.009364,27.582305000327,
-58.2650032043457),(-7.009364,28.5667030004905,-58.2650032043457),(-7.009364,
29.551101000654,-58.2650032043457),(-7.009364,30.5354990008176,-58.2650032043457),
(-7.009364,31.5198970009811,-58.2650032043457),(-7.009364,32.5042950011446,
-58.2650032043457),(-7.009364,33.4886930013081,-58.2650032043457),(-7.009364,
34.4730910014716,-58.2650032043457),(-7.009364,35.4574890016351,-58.2650032043457),
(-7.009364,36.4418870017986,-58.2650032043457),(-7.009364,37.4262850019621,
-58.2650032043457),(-7.009364,38.4106830021257,-58.2650032043457),(-7.009364,
39.3950810022892,-58.2650032043457),(-7.009364,40.3794790024527,-58.2650032043457),
(-7.009364,41.3638770026162,-58.2650032043457),(-7.009364,42.3482750027797,
-58.2650032043457),(-7.009364,43.3326730029432,-58.2650032043457),(-7.009364,
44.3170710031067,-58.2650032043457),(-7.009364,45.3014690032702,-58.2650032043457),
(-7.009364,46.2858670034337,-58.2650032043457),(-7.009364,47.2702650035973,
-58.2650032043457),(-7.009364,48.2546630037608,-58.2650032043457),(-7.009364,
49.2390610039243,-58.2650032043457),(-7.009364,50.2234590040878,-58.2650032043457),
(-7.009364,51.2078570042513,-58.2650032043457),(-7.009364,52.1922550044148,
-58.2650032043457),(-7.009364,53.1766530045783,-58.2650032043457),(-7.009364,
54.1610510047418,-58.2650032043457),(-7.009364,55.1454490049053,-58.2650032043457),
(-7.009364,56.1298470050689,-58.2650032043457),(-7.009364,57.1142450052324,
-58.2650032043457),(-7.009364,58.0986430053959,-58.2650032043457),(-7.009364,
59.0830410055594,-58.2650032043457),(-7.009364,60.0674390057229,-58.2650032043457),
(-7.009364,61.0518370058864,-58.2650032043457),(-7.009364,62.0362350060499,
-58.2650032043457),(-7.009364,63.0206330062134,-58.2650032043457),(-7.009364,
64.005031006377,-58.2650032043457),(-7.009364,64.9894290065405,-58.2650032043457),
(-7.009364,65.973827006704,-58.2650032043457),(-7.009364,66.9582250068675,
-58.2650032043457),(-7.009364,67.942623007031,-58.2650032043457),(-7.009364,
67.94264,-58.2650032043457),(-7.009364,67.94264,-58.265002),(-6.57813117243761,
-18.0104062619074,-58.2650032043457),(-6.5781309137812,17.8956823690463,
-58.2650032043457),(-5.80434221554701,-18.3309200773843,-58.2650032043457),
(-5.8043419568906,18.2161961845231,-58.2650032043457),(-5.03055325865641,
-18.6514338928611,-58.2650032043457),(-5.030553,-18.6514340000001,-58.2650032043457),
(-5.030553,-18.6514340000001,-58.265002),(-5.030553,18.53671,-58.2650032043457),
(-5.030553,18.53671,-58.265002),(-5.03055272242756,18.5367100365431,-58.2650032043457),
(-4.20017537959541,-18.7607553272429,-58.2650032043457),(-4.20017510202297,
18.6460313637859,-58.2650032043457),(-3.36979775919081,-18.8700766544857,
-58.2650032043457),(-3.36979748161837,18.7553526910287,-58.2650032043457),
(-2.53942013878622,-18.9793979817285,-58.2650032043457),(-2.53941986121378,
18.8646740182716,-58.2650032043457),(-1.70904251838163,-19.0887193089713,
-58.2650032043457),(-1.70904224080919,18.9739953455144,-58.2650032043457),
(-0.878664897977036,-19.1980406362141,-58.2650032043457),(-0.878664620404595,
19.0833166727572,-58.2650032043457),(-0.048287277572444,-19.3073619634569,
-58.2650032043457),(-0.048287000000002,-19.307362,-58.2650032043457),(-0.048287000000002,
-19.307362,-58.265002),(-0.048287000000002,19.192638,-58.2650032043457),
(-0.048287000000002,19.192638,-58.265002),(-0.04828672242756,19.1926379634569,
-58.2650032043457),(0.782090620404592,-19.1980406727572,-58.2650032043457),
(0.782090897977033,19.0833166362141,-58.2650032043457),(1.61246824080919,
-19.0887193455144,-58.2650032043457),(1.61246851838163,18.9739953089713,
-58.2650032043457),(2.44284586121378,-18.9793980182716,-58.2650032043457),
(2.44284613878622,18.8646739817285,-58.2650032043457),(3.27322348161837,
-18.8700766910288,-58.2650032043457),(3.27322375919081,18.7553526544856,
-58.2650032043457),(4.10360110202297,-18.760755363786,-58.2650032043457),
(4.10360137959541,18.6460313272428,-58.2650032043457),(4.93397872242756,
-18.6514340365432,-58.2650032043457),(4.933979,-18.6514340000001,-58.2650032043457),
(4.933979,-18.6514340000001,-58.265002),(4.933979,18.53671,-58.2650032043457),
(4.933979,18.53671,-58.265002),(4.93397925865641,18.5367098928611,-58.2650032043457),
(5.7077679568906,-18.3309201845232,-58.2650032043457),(5.70776821554701,
18.2161960773842,-58.2650032043457),(6.4815569137812,-18.0104063690464,
-58.2650032043457),(6.48155717243761,17.8956822619073,-58.2650032043457),
(6.990636,25.613509,-58.2650032043457),(6.990636,25.613509,-58.265002),
(6.990636,25.613525992969,-58.2650032043457),(6.990636,26.5979239931325,
-58.2650032043457),(6.990636,27.582321993296,-58.2650032043457),(6.990636,
28.5667199934595,-58.2650032043457),(6.990636,29.551117993623,-58.2650032043457),
(6.990636,30.5355159937866,-58.2650032043457),(6.990636,31.5199139939501,
-58.2650032043457),(6.990636,32.5043119941136,-58.2650032043457),(6.990636,
33.4887099942771,-58.2650032043457),(6.990636,34.4731079944406,-58.2650032043457),
(6.990636,35.4575059946041,-58.2650032043457),(6.990636,36.4419039947676,
-58.2650032043457),(6.990636,37.4263019949311,-58.2650032043457),(6.990636,
38.4106999950947,-58.2650032043457),(6.990636,39.3950979952582,-58.2650032043457),
(6.990636,40.3794959954217,-58.2650032043457),(6.990636,41.3638939955852,
-58.2650032043457),(6.990636,42.3482919957487,-58.2650032043457),(6.990636,
43.3326899959122,-58.2650032043457),(6.990636,44.3170879960757,-58.2650032043457),
(6.990636,45.3014859962392,-58.2650032043457),(6.990636,46.2858839964027,
-58.2650032043457),(6.990636,47.2702819965663,-58.2650032043457),(6.990636,
48.2546799967298,-58.2650032043457),(6.990636,49.2390779968933,-58.2650032043457),
(6.990636,50.2234759970568,-58.2650032043457),(6.990636,51.2078739972203,
-58.2650032043457),(6.990636,52.1922719973838,-58.2650032043457),(6.990636,
53.1766699975473,-58.2650032043457),(6.990636,54.1610679977108,-58.2650032043457),
(6.990636,55.1454659978743,-58.2650032043457),(6.990636,56.1298639980379,
-58.2650032043457),(6.990636,57.1142619982014,-58.2650032043457),(6.990636,
58.0986599983649,-58.2650032043457),(6.990636,59.0830579985284,-58.2650032043457),
(6.990636,60.0674559986919,-58.2650032043457),(6.990636,61.0518539988554,
-58.2650032043457),(6.990636,62.0362519990189,-58.2650032043457),(6.990636,
63.0206499991824,-58.2650032043457),(6.990636,64.0050479993459,-58.2650032043457),
(6.990636,64.9894459995095,-58.2650032043457),(6.990636,65.973843999673,
-58.2650032043457),(6.990636,66.9582419998365,-58.2650032043457),(6.990636,
67.94264,-58.2650032043457),(6.990636,67.94264,-58.265002),(6.99065502336616,
67.94264,-58.2650032043457),(7.08785496097157,24.7943133288649,-58.2650032043457),
(7.087855,24.7943129999999,-58.2650032043457),(7.087855,24.7943129999999,
-58.265002),(7.2553458706718,-17.6898925535695,-58.2650032043457),(7.2553461293282,
17.5751684464305,-58.2650032043457),(7.37411088508294,24.020627310595,-58.2650032043457),
(7.374111,24.0206269999999,-58.2650032043457),(7.374111,24.0206269999999,
-58.265002),(7.83350181557814,23.3354312750709,-58.2650032043457),(7.833502,
23.335431,-58.2650032043457),(7.833502,23.335431,-58.265002),(7.9778797937127,
67.94264,-58.2650032043457),(8.0291348275624,-17.3693787380927,-58.2650032043457),
(8.0291350862188,17.2546546309537,-58.2650032043457),(8.44050575631911,
22.7767912242653,-58.2650032043457),(8.440506,22.776791,-58.2650032043457),
(8.440506,22.776791,-58.265002),(8.802923784453,-17.0488649226158,-58.2650032043457),
(8.8029240431094,16.9341408154768,-58.2650032043457),(8.96510456405923,
67.94264,-58.2650032043457),(9.051713,-84.7426640000001,-11.875),(9.051713,
-84.7426640000001,-3.875),(9.051713,-84.7073620000001,-11.910997),(9.051713,
-84.7073620000001,-11.875),(9.051713,-69.95736,-11.910997),(9.051713,-69.95736,
-3.875),(9.051713,69.8426360000001,-11.910997),(9.051713,69.8426360000001,
-3.875),(9.051713,84.7426639999999,-11.910997),(9.051713,84.7426639999999,
-3.875),(9.16140271059693,22.375741161001,-58.2650032043457),(9.161403,
22.3757410000001,-58.2650032043457),(9.161403,22.3757410000001,-58.265002),
(9.16140478582829,22.3757400384488,-58.2650032043457),(9.5767127413436,
-16.728351107139,-58.2650032043457),(9.576713,-16.728351,-58.2650032043457),
(9.576713,-16.728351,-58.265002),(9.576713,16.613627,-58.2650032043457),
(9.576713,16.613627,-58.265002),(9.57671322211323,16.6136268295664,-58.2650032043457),
(9.90281465485691,21.9765395320407,-58.2650032043457),(9.95232933440577,
67.94264,-58.2650032043457),(10.2411804629811,-16.2184870284056,-58.2650032043457),
(10.2411806850944,16.103762857972,-58.2650032043457),(10.6442245238855,
21.5773390256325,-58.2650032043457),(10.9056479259623,-15.7086230568112,
-58.2650032043457),(10.9056481480755,15.5938988863776,-58.2650032043457),
(10.9395541047523,67.94264,-58.2650032043457),(10.951713,-74.5518509999999,
-32.657549),(10.951713,-74.498908,-30.348755),(10.951713,-73.757361,-29.942998),
(10.951713,-73.757361,-28.962995),(10.951713,-70.057362,-24.650999),(10.951713,
-69.95736,-25.925),(10.951713,-69.95736,-24.650999),(10.951713,-69.324063,
-36.704994),(10.951713,-68.9616149999999,-42.874079),(10.951713,68.846863,
-42.87413),(10.951713,69.0049879999999,-40.18268),(10.951713,69.097276,
-38.612378),(10.951713,69.209339,-36.704994),(10.951713,69.8426360000001,
-25.925),(10.951713,69.8426360000001,-24.650999),(10.951713,69.942638,-24.650999),
(10.951713,73.6426369999999,-29.942998),(10.951713,73.6426369999999,-28.962995),
(10.951713,74.384184,-30.348755),(10.951713,74.4371269999999,-32.657549),
(11.3856343929141,21.1781385192244,-58.2650032043457),(11.5701153889434,
-15.1987590852168,-58.2650032043457),(11.5701156110566,15.0840349147832,
-58.2650032043457),(11.9267788750988,67.94264,-58.2650032043457),(12.1270442619428,
20.7789380128162,-58.2650032043457),(12.2345828519245,-14.6888951136224,
-58.2650032043457),(12.2345830740377,14.5741709431888,-58.2650032043457),
(12.8684541309714,20.3797375064081,-58.2650032043457),(12.8990503149056,
-14.1790311420279,-58.2650032043457),(12.8990505370189,14.0643069715944,
-58.2650032043457),(12.9140036454454,67.94264,-58.2650032043457),(13.5635177778868,
-13.6691671704335,-58.2650032043457),(13.563518,-13.669167,-58.2650032043457),
(13.563518,-13.669167,-58.265002),(13.563518,13.554443,-58.2650032043457),
(13.563518,13.554443,-58.265002),(13.5635181704335,13.5544427778868,-58.2650032043457),
(13.609864,19.9805369999999,-58.2650032043457),(13.609864,19.9805369999999,
-58.265002),(13.6098655478279,19.9805356892779,-58.2650032043457),(13.9012284157919,
67.94264,-58.2650032043457),(14.0733819715944,-13.0046995370189,-58.2650032043457),
(14.0733821420279,12.8899753149056,-58.2650032043457),(14.2524664565232,
19.4363724077316,-58.2650032043457),(14.5832459431888,-12.3402320740378,
-58.2650032043457),(14.5832461136223,12.2255078519245,-58.2650032043457),
(14.8884531861385,67.94264,-58.2650032043457),(14.8950673652186,18.8922091261853,
-58.2650032043457),(15.0931099147832,-11.6757646110566,-58.2650032043457),
(15.0931100852168,11.5610403889434,-58.2650032043457),(15.537668273914,
18.3480458446389,-58.2650032043457),(15.6029738863776,-11.0112971480755,
-58.2650032043457),(15.6029740568112,10.8965729259623,-58.2650032043457),
(15.875677956485,67.94264,-58.2650032043457),(16.112837857972,-10.3468296850944,
-58.2650032043457),(16.1128380284056,10.2321054629811,-58.2650032043457),
(16.1802691826093,17.8038825630926,-58.2650032043457),(16.6227018295664,
-9.68236222211323,-58.2650032043457),(16.622702,-9.682362,-58.2650032043457),
(16.622702,-9.682362,-58.265002),(16.622702,9.567638,-58.2650032043457),
(16.622702,9.567638,-58.265002),(16.622702107139,9.5676377413436,-58.2650032043457),
(16.8228700913047,17.2597192815462,-58.2650032043457),(16.8629027268315,
67.94264,-58.2650032043457),(16.9432158154768,-8.9085730431094,-58.2650032043457),
(16.9432159226158,8.793848784453,-58.2650032043457),(17.2637296309537,-8.1347840862188,
-58.2650032043457),(17.2637297380926,8.0200598275624,-58.2650032043457),
(17.465471,16.7155559999999,-58.2650032043457),(17.465471,16.7155559999999,
-58.265002),(17.5842434464305,-7.3609951293282,-58.2650032043457),(17.5842435535695,
7.2462708706718,-58.2650032043457),(17.8501274971781,67.94264,-58.2650032043457),
(17.9047572619074,-6.58720617243761,-58.2650032043457),(17.9047573690463,
6.4724819137812,-58.2650032043457),(17.9813697928931,16.0500499338332,-58.2650032043457),
(18.201713,-74.5518509999999,-32.657549),(18.201713,-74.498908,-30.348755),
(18.201713,-73.757361,-29.942998),(18.201713,-73.757361,-28.962995),(18.201713,
-70.057362,-24.650999),(18.201713,-69.95736,-25.925),(18.201713,-69.95736,
-24.650999),(18.201713,-69.324063,-36.704994),(18.201713,-68.9616149999999,
-42.874079),(18.201713,68.846863,-42.87413),(18.201713,69.1080939999999,
-38.427702),(18.201713,69.209339,-36.704994),(18.201713,69.8426360000001,
-25.925),(18.201713,69.8426360000001,-24.650999),(18.201713,69.942638,-24.650999),
(18.201713,73.6426369999999,-29.942998),(18.201713,73.6426369999999,-28.962995),
(18.201713,74.384184,-30.348755),(18.201713,74.4371269999999,-32.657549),
(18.2252710773842,-5.81341721554701,-58.2650032043457),(18.2252711845232,
5.6986929568906,-58.2650032043457),(18.4972685857862,15.3845438676664,-58.2650032043457),
(18.5457848928611,-5.03962825865641,-58.2650032043457),(18.545785,-5.039628,
-58.2650032043457),(18.545785,-5.039628,-58.265002),(18.545785,4.924904,
-58.2650032043457),(18.545785,4.924904,-58.265002),(18.5457850365431,4.92490372242756,
-58.2650032043457),(18.6551063272428,-4.20925037959541,-58.2650032043457),
(18.6551063637859,4.09452610202297,-58.2650032043457),(18.7644276544856,
-3.37887275919082,-58.2650032043457),(18.7644276910287,3.26414848161837,
-58.2650032043457),(18.8373522675246,67.94264,-58.2650032043457),(18.8737489817284,
-2.54849513878623,-58.2650032043457),(18.8737490182716,2.43377086121377,
-58.2650032043457),(18.9830703089713,-1.71811751838164,-58.2650032043457),
(18.9830703455144,1.60339324080918,-58.2650032043457),(19.0131673786793,
14.7190378014997,-58.2650032043457),(19.0923916362141,-0.887739897977046,
-58.2650032043457),(19.0923916727572,0.773015620404583,-58.2650032043457),
(19.2017129634569,-0.0573622775724539,-58.2650032043457),(19.201713,-0.0573620000000119,
-58.2650032043457),(19.201713,-0.0573620000000119,-58.265002),(19.5290661715723,
14.0535317353329,-58.2650032043457),(19.8245770378712,67.94264,-58.2650032043457),
(20.0449649644654,13.3880256691662,-58.2650032043457),(20.5608637573585,
12.7225196029994,-58.2650032043457),(20.560865,12.722518,-58.2650032043457),
(20.560865,12.722518,-58.265002),(20.560865224309,12.7225177237709,-58.2650032043457),
(20.8118018082177,67.94264,-58.2650032043457),(21.119614,12.034437,-58.2650032043457),
(21.119614,12.034437,-58.265002),(21.7990265785642,67.94264,-58.2650032043457),
(21.8332977134926,11.5087852110222,-58.2650032043457),(21.833298,11.508785,
-58.2650032043457),(21.833298,11.508785,-58.265002),(22.6561446696693,11.1792741322818,
-58.2650032043457),(22.656145,11.1792740000001,-58.2650032043457),(22.656145,
11.1792740000001,-58.265002),(22.6561453529684,11.1792739549427,-58.2650032043457),
(22.7862513489108,67.94264,-58.2650032043457),(23.535382,11.067037,-58.2650032043457),
(23.535382,11.067037,-58.265002),(23.7734761192573,67.94264,-58.2650032043457),
(24.5302868264032,11.067037,-58.2650032043457),(24.7607008896038,67.94264,
-58.2650032043457),(25.5251916528063,11.067037,-58.2650032043457),(25.7479256599504,
67.94264,-58.2650032043457),(26.5200964792095,11.067037,-58.2650032043457),
(26.7351504302969,67.94264,-58.2650032043457),(27.5150013056127,11.067037,
-58.2650032043457),(27.7223752006435,67.94264,-58.2650032043457),(28.151712,
-79.057333,-11.875),(28.151712,-79.057333,-3.875),(28.151712,-78.2573640000001,
-11.910997),(28.151712,-78.2573640000001,-11.875),(28.151712,-69.95736,
-11.910997),(28.151712,-69.95736,-3.875),(28.151712,69.8426360000001,-11.910997),
(28.151712,69.8426360000001,-3.875),(28.151712,76.065816,-11.875),(28.151712,
76.0761379999999,-11.910997),(28.151712,76.142664,-11.875),(28.151712,76.142664,
-3.875),(28.5099061320159,11.067037,-58.2650032043457),(28.70959997099,
67.94264,-58.2650032043457),(29.504810958419,11.067037,-58.2650032043457),
(29.6968247413365,67.94264,-58.2650032043457),(30.4997157848222,11.067037,
-58.2650032043457),(30.6840495116831,67.94264,-58.2650032043457),(31.4946206112254,
11.067037,-58.2650032043457),(31.6712742820296,67.94264,-58.2650032043457),
(32.4895254376286,11.067037,-58.2650032043457),(32.6584990523762,67.94264,
-58.2650032043457),(33.4844302640317,11.067037,-58.2650032043457),(33.6457238227227,
67.94264,-58.2650032043457),(34.4793350904349,11.067037,-58.2650032043457),
(34.6329485930692,67.94264,-58.2650032043457),(35.4742399168381,11.067037,
-58.2650032043457),(35.6201733634158,67.94264,-58.2650032043457),(36.4691447432413,
11.067037,-58.2650032043457),(36.6073981337623,67.94264,-58.2650032043457),
(37.4640495696444,11.067037,-58.2650032043457),(37.5946229041088,67.94264,
-58.2650032043457),(38.4589543960476,11.067037,-58.2650032043457),(38.5818476744554,
67.94264,-58.2650032043457),(39.4538592224508,11.067037,-58.2650032043457),
(39.5690724448019,67.94264,-58.2650032043457),(40.448764048854,11.067037,
-58.2650032043457),(40.5562972151485,67.94264,-58.2650032043457),(41.4436688752571,
11.067037,-58.2650032043457),(41.543521985495,67.94264,-58.2650032043457),
(42.4385737016603,11.067037,-58.2650032043457),(42.5307467558415,67.94264,
-58.2650032043457),(43.4334785280635,11.067037,-58.2650032043457),(43.5179715261881,
67.94264,-58.2650032043457),(43.651713,-60.857362,-58.265002),(43.6517131104954,
-60.857362,-58.2650032043457),(43.6517131948989,-60.8573640851675,-58.2650032043457),
(43.6517132522866,-60.8573595055463,-58.2650032043457),(43.692830157187,
-60.3154512589289,-58.2650032043457),(43.692831099797,-61.3993013317178,
-58.2650032043457),(43.733947,-59.773543,-58.265002),(43.7339470620875,
-59.7735430123116,-58.2650032043457),(43.733949,-61.941239,-58.265002),
(43.7339490046952,-61.9412385782681,-58.2650032043457),(43.7339494252683,
-61.9412407197594,-58.2650032043457),(43.8574682763946,-59.2447587353398,
-58.2650032043457),(43.8574886395338,-62.4700894965821,-58.2650032043457),
(43.9809894907016,-58.7159744583679,-58.2650032043457),(43.98099,-58.715972,
-58.265002),(43.9809901088451,-58.7159718723996,-58.2650032043457),(43.9810278537992,
-62.9989382734048,-58.2650032043457),(43.981028,-62.9989390000001,-58.265002),
(43.9810285861236,-62.9989403859039,-58.2650032043457),(44.1872071318846,
-58.2143655325678,-58.2650032043457),(44.1872291092013,-63.5004622259311,
-58.2650032043457),(44.393424154924,-57.7127591927359,-58.2650032043457),
(44.393425,-57.712757,-58.265002),(44.3934252221911,-57.7127567205993,-58.2650032043457),
(44.3934296322789,-64.0019840659584,-58.2650032043457),(44.39343,-64.0019850000001,
-58.265002),(44.3934306756745,-64.0019860525571,-58.2650032043457),(44.4283833544667,
11.067037,-58.2650032043457),(44.5051962965346,67.94264,-58.2650032043457),
(44.6816475090561,-64.4594624944572,-58.2650032043457),(44.682322054,-57.2544357806525,
-58.2650032043457),(44.9698643424378,-64.9169389363573,-58.2650032043457),
(44.969865,-64.91694,-58.265002),(44.9698656683634,-64.91694070101,-58.2650032043457),
(44.9712188858089,-56.7961148407056,-58.2650032043457),(44.97122,-56.7961130000001,
-58.265002),(44.9712203797412,-56.7961126338148,-58.2650032043457),(45.3382543163152,
-65.3115217883812,-58.2650032043457),(45.3404005258624,-56.4010845474775,
-58.2650032043457),(45.4232881808698,11.067037,-58.2650032043457),(45.4924210668811,
67.94264,-58.2650032043457),(45.706642964267,-65.7061028757525,-58.2650032043457),
(45.706644,-65.7061040000001,-58.265002),(45.7066445178538,-65.7061043375078,
-58.2650032043457),(45.7095806719835,-56.0060564611402,-58.2650032043457),
(45.709582,-56.0060550000001,-58.265002),(45.7095825110585,-56.006054668425,
-58.2650032043457),(46.1466515001592,-66.0139286255393,-58.2650032043457),
(46.1512009896366,-55.6978423812909,-58.2650032043457),(46.418193007273,
11.067037,-58.2650032043457),(46.4796458372277,67.94264,-58.2650032043457),
(46.5866584824645,-66.3217529135707,-58.2650032043457),(46.58666,-66.3217540000001,
-58.265002),(46.5866601898382,-66.3217540185311,-58.2650032043457),(46.5866619692658,
-66.3217547460076,-58.2650032043457),(46.5928194682147,-55.3896300941568,
-58.2650032043457),(46.592821,-55.389629,-58.265002),(46.5928215283266,
-55.3896288134345,-58.2650032043457),(47.0855948152812,-66.5204307864886,
-58.2650032043457),(47.0926358723032,-55.191590271479,-58.2650032043457),
(47.4130978336762,11.067037,-58.2650032043457),(47.4668706075742,67.94264,
-58.2650032043457),(47.5845276612966,-66.7191068269697,-58.2650032043457),
(47.584528,-66.7191070000001,-58.265002),(47.5845294348216,-66.7191071884807,
-58.2650032043457),(47.5924502162797,-54.9935517295235,-58.2650032043457),
(47.592452,-54.993551,-58.265002),(47.5924523570956,-54.9935509908849,-58.2650032043457),
(48.1153997069688,-66.7882325286003,-58.2650032043457),(48.1231661296047,
-54.9254551483842,-58.2650032043457),(48.4080026600794,11.067037,-58.2650032043457),
(48.4540953779208,67.94264,-58.2650032043457),(48.6462699791159,-66.8573578687198,
-58.2650032043457),(48.646271,-66.857358,-58.265002),(48.6462716980888,
-66.8573579000133,-58.2650032043457),(48.6538799021138,-54.8573593058835,
-58.2650032043457),(48.6538819996114,-54.8573590754654,-58.2650032043457),
(48.653882,-54.8573590000001,-58.265002),(48.6538840878528,-54.8573593058835,
-58.2650032043457),(49.1771159702961,-66.7896585565955,-58.2650032043457),
(49.1860158570822,-54.9263851462333,-58.2650032043457),(49.4029074864825,
11.067037,-58.2650032043457),(49.4413201482673,67.94264,-58.2650032043457),
(49.7079602425034,-66.7219592131777,-58.2650032043457),(49.707962,-66.721959,
-58.265002),(49.7079620065062,-66.7219589210792,-58.2650032043457),(49.7079637906868,
-66.7219582686563,-58.2650032043457),(49.7181476263116,-54.995410986583,
-58.2650032043457),(49.718148,-54.9954110000001,-58.265002),(49.7181497671275,
-54.9954117252216,-58.2650032043457),(50.2075446352034,-66.5244677254333,
-58.2650032043457),(50.2169791133823,-55.1939442660345,-58.2650032043457),
(50.3978123128857,11.067037,-58.2650032043457),(50.4285449186138,67.94264,
-58.2650032043457),(50.70712547972,-66.3269771822102,-58.2650032043457),
(50.707126,-66.3269769999999,-58.265002),(50.707127208081,-66.3269761521809,
-58.2650032043457),(50.7158084596371,-55.3924768068475,-58.2650032043457),
(50.715809,-55.3924770000001,-58.265002),(50.715810519749,-55.3924780875698,
-58.2650032043457),(51.148257187789,-66.0197668627271,-58.2650032043457),
(51.1565215004261,-55.7007313746089,-58.2650032043457),(51.3927171392889,
11.067037,-58.2650032043457),(51.4157696889604,67.94264,-58.2650032043457),
(51.589387167497,-65.7125575732733,-58.2650032043457),(51.589388,-65.7125570000001,
-58.265002),(51.5893887581757,-65.7125561795843,-58.2650032043457),(51.5972324811031,
-56.008984661648,-58.2650032043457),(51.597233,-56.0089849999999,-58.265002),
(51.5972343201781,-56.0089864543632,-58.2650032043457),(51.9587644038447,
-65.31826609154,-58.2650032043457),(51.9657289678847,-56.4038490410833,
-58.2650032043457),(52.3281400495136,-64.9239760034957,-58.2650032043457),
(52.328141,-64.9239749999999,-58.265002),(52.3281414261079,-64.9239742936679,
-58.2650032043457),(52.3342236155913,-56.7987116278035,-58.2650032043457),
(52.334224,-56.798712,-58.265002),(52.3342248886302,-56.7987134440038,-58.2650032043457),
(52.387621965692,11.067037,-58.2650032043457),(52.4029944593069,67.94264,
-58.2650032043457),(52.6173067572958,-64.4664008519921,-58.2650032043457),
(52.6226322215713,-57.2567048847128,-58.2650032043457),(52.9064720884837,
-64.0088274103164,-58.2650032043457),(52.906473,-64.008826,-58.265002),
(52.9064731915706,-64.0088254607034,-58.2650032043457),(52.9110395545123,
-57.7146963254219,-58.2650032043457),(52.91104,-57.7146970000001,-58.265002),
(52.9110405370693,-57.7146983451182,-58.2650032043457),(53.1133937129829,
-63.5071516210277,-58.2650032043457),(53.1171710603088,-58.2167056840225,
-58.2650032043457),(53.3203142343953,-63.0054777813519,-58.2650032043457),
(53.320315,-63.005476,-58.265002),(53.3203150298549,-63.0054756861071,-58.2650032043457),
(53.3233015835484,-58.7187130229269,-58.2650032043457),(53.323302,-58.7187140000001,
-58.265002),(53.323302252726,-58.7187151487599,-58.2650032043457),(53.3825267920952,
11.067037,-58.2650032043457),(53.3902192296535,67.94264,-58.2650032043457),
(53.4444317427847,-62.4763224099887,-58.2650032043457),(53.446692467336,
-59.2480809243868,-58.2650032043457),(53.5685484557144,-61.9471691338703,
-58.2650032043457),(53.5685489381022,-61.9471669866199,-58.2650032043457),
(53.568549,-61.947167,-58.265002),(53.5700826819461,-59.7774467000137,-58.2650032043457),
(53.570083,-59.7774480000001,-58.265002),(53.5700830423053,-59.777448836523,
-58.2650032043457),(53.610131341926,-61.4048947408444,-58.2650032043457),
(53.6108984479031,-60.3200335815756,-58.2650032043457),(53.6517137457498,
-60.862622495069,-58.2650032043457),(53.6517138535009,-60.8626183266282,
-58.2650032043457),(53.651714,-60.86262,-58.265002),(54.3774316184984,11.067037,
-58.2650032043457),(54.377444,11.067037,-58.2650032043457),(54.377444,11.067037,
-58.265002),(54.377444,12.0648541959188,-58.2650032043457),(54.377444,13.0626713918376,
-58.2650032043457),(54.377444,14.0604885877564,-58.2650032043457),(54.377444,
15.0583057836752,-58.2650032043457),(54.377444,16.0561229795939,-58.2650032043457),
(54.377444,17.0539401755127,-58.2650032043457),(54.377444,18.0517573714315,
-58.2650032043457),(54.377444,19.0495745673503,-58.2650032043457),(54.377444,
20.0473917632691,-58.2650032043457),(54.377444,21.0452089591879,-58.2650032043457),
(54.377444,22.0430261551066,-58.2650032043457),(54.377444,23.0408433510254,
-58.2650032043457),(54.377444,24.0386605469442,-58.2650032043457),(54.377444,
25.036477742863,-58.2650032043457),(54.377444,26.0342949387818,-58.2650032043457),
(54.377444,27.0321121347006,-58.2650032043457),(54.377444,28.0299293306193,
-58.2650032043457),(54.377444,29.0277465265381,-58.2650032043457),(54.377444,
30.0255637224569,-58.2650032043457),(54.377444,31.0233809183757,-58.2650032043457),
(54.377444,32.0211981142945,-58.2650032043457),(54.377444,33.0190153102133,
-58.2650032043457),(54.377444,34.0168325061321,-58.2650032043457),(54.377444,
35.0146497020508,-58.2650032043457),(54.377444,36.0124668979696,-58.2650032043457),
(54.377444,37.0102840938884,-58.2650032043457),(54.377444,38.0081012898072,
-58.2650032043457),(54.377444,39.005918485726,-58.2650032043457),(54.377444,
40.0037356816448,-58.2650032043457),(54.377444,41.0015528775635,-58.2650032043457),
(54.377444,41.9993700734823,-58.2650032043457),(54.377444,42.9971872694011,
-58.2650032043457),(54.377444,43.9950044653199,-58.2650032043457),(54.377444,
44.9928216612387,-58.2650032043457),(54.377444,45.9906388571575,-58.2650032043457),
(54.377444,46.9884560530762,-58.2650032043457),(54.377444,47.986273248995,
-58.2650032043457),(54.377444,48.9840904449138,-58.2650032043457),(54.377444,
49.9819076408326,-58.2650032043457),(54.377444,50.9797248367514,-58.2650032043457),
(54.377444,51.9775420326702,-58.2650032043457),(54.377444,52.9753592285889,
-58.2650032043457),(54.377444,53.9731764245077,-58.2650032043457),(54.377444,
54.9709936204265,-58.2650032043457),(54.377444,55.9688108163453,-58.2650032043457),
(54.377444,56.9666280122641,-58.2650032043457),(54.377444,57.9644452081829,
-58.2650032043457),(54.377444,58.9622624041017,-58.2650032043457),(54.377444,
59.9600796000204,-58.2650032043457),(54.377444,60.9578967959392,-58.2650032043457),
(54.377444,61.955713991858,-58.2650032043457),(54.377444,62.9535311877768,
-58.2650032043457),(54.377444,63.9513483836956,-58.2650032043457),(54.377444,
64.9491655796144,-58.2650032043457),(54.377444,65.9469827755331,-58.2650032043457),
(54.377444,66.9447999714519,-58.2650032043457),(54.377444,67.9426171673707,
-58.2650032043457),(54.377444,67.94264,-58.2650032043457),(54.377444,67.94264,
-58.265002),(63.651712,-68.057364,-58.265002),(63.651712,67.94264,-58.265002),
(69.851711,-69.95736,-25.925),(69.851711,-69.95736,-11.910997),(69.851711,
-69.95736,-3.875),(69.851711,-69.95736,-3.384998),(69.851711,-58.2573640000001,
-11.910997),(69.851711,-58.2573640000001,-11.875),(69.851711,-58.257333,
-11.875),(69.851711,-58.257333,-3.875),(69.851711,58.14264,-11.910997),
(69.851711,58.14264,-3.875),(69.851711,69.8426360000001,-25.925),(69.851711,
69.8426360000001,-11.910997),(69.851711,69.8426360000001,-3.875),(69.851711,
69.8426360000001,-3.384998),(73.151715,-79.057333,-11.875),(73.151715,-79.057333,
-3.875),(73.248289,76.142664,-11.875),(73.248289,76.142664,-3.875),(73.540707,
76.134106,-11.875),(73.832124,76.10846,-11.875),(74.061205,76.0761379999999,
-11.910997),(74.10174,-78.966248,-11.875),(74.121543,76.065816,-11.875),
(74.44581,-78.886962,-3.875),(74.542384,75.972293,-3.875),(75.017152,-78.696314,
-11.875),(75.220374,75.737322,-11.910997),(75.651715,-78.38746,-3.875),
(75.748289,75.4727909999999,-3.875),(75.864599,-78.2573640000001,-11.910997),
(75.864599,-78.2573640000001,-11.875),(76.264494,75.130459,-11.910997),
(76.687249,-77.5928670000001,-3.875),(76.783823,74.6781980000001,-3.875),
(76.817067,-77.4580960000001,-11.910997),(77.132652,74.2909529999999,-11.910997),
(77.481842,-76.557333,-3.875),(77.542866,-76.448523,-11.910997),(77.578416,
73.642664,-3.875),(77.774201,73.26778,-11.910997),(77.981344,-75.3514279999999,
-3.875),(77.997112,-75.291076,-11.910997),(78.077918,72.4367589999999,-3.875),
(78.151711,-74.057333,-3.875),(78.151711,-58.2573640000001,-11.875),(78.151711,
-58.257333,-11.875),(78.151711,-58.257333,-3.875),(78.151715,-74.057333,
-11.910997),(78.151715,-58.2573640000001,-11.910997),(78.151715,58.14264,
-11.910997),(78.151715,58.14264,-11.875),(78.151715,72.12063,-11.910997),
(78.151715,72.12063,-11.875),(78.20529,71.79699,-11.875),(78.237528,71.4705320000001,
-11.875),(78.248289,58.14264,-11.875),(78.248289,58.14264,-3.875),(78.248289,
71.142664,-11.875),(78.248289,71.142664,-3.875)));
#271=TESSELLATED_SHELL('cherry_ref',(#265),$);
#272=TESSELLATED_SHELL('cherry_ref',(#266),$);
#273=TESSELLATED_SHELL('cherry mx reference',(#267),$);
#274=SHAPE_DEFINITION_REPRESENTATION(#4591,#287);
#275=SHAPE_DEFINITION_REPRESENTATION(#162,#288);
#276=SHAPE_DEFINITION_REPRESENTATION(#163,#289);
#277=SHAPE_DEFINITION_REPRESENTATION(#4592,#290);
#278=SHAPE_DEFINITION_REPRESENTATION(#164,#291);
#279=SHAPE_DEFINITION_REPRESENTATION(#165,#292);
#280=SHAPE_DEFINITION_REPRESENTATION(#4593,#293);
#281=SHAPE_DEFINITION_REPRESENTATION(#166,#294);
#282=SHAPE_DEFINITION_REPRESENTATION(#167,#295);
#283=SHAPE_DEFINITION_REPRESENTATION(#168,#296);
#284=SHAPE_DEFINITION_REPRESENTATION(#169,#297);
#285=SHAPE_DEFINITION_REPRESENTATION(#170,#298);
#286=SHAPE_DEFINITION_REPRESENTATION(#171,#299);
#287=SHAPE_REPRESENTATION('cherry_ref',(#300),#4576);
#288=SHAPE_REPRESENTATION($,(#271),$);
#289=SHAPE_REPRESENTATION($,(#116),$);
#290=SHAPE_REPRESENTATION('cherry_ref',(#302),#4577);
#291=SHAPE_REPRESENTATION($,(#272),$);
#292=SHAPE_REPRESENTATION($,(#117),$);
#293=SHAPE_REPRESENTATION('cherry mx reference',(#304),#4578);
#294=SHAPE_REPRESENTATION($,(#273),$);
#295=SHAPE_REPRESENTATION($,(#118),$);
#296=SHAPE_REPRESENTATION($,(#119),$);
#297=SHAPE_REPRESENTATION($,(#120),$);
#298=SHAPE_REPRESENTATION($,(#121),$);
#299=SHAPE_REPRESENTATION($,(#122),$);
#300=AXIS2_PLACEMENT_3D('',#330,#310,#311);
#301=AXIS2_PLACEMENT_3D('',#331,#312,#313);
#302=AXIS2_PLACEMENT_3D('',#352,#314,#315);
#303=AXIS2_PLACEMENT_3D('',#353,#316,#317);
#304=AXIS2_PLACEMENT_3D('',#374,#318,#319);
#305=AXIS2_PLACEMENT_3D('',#375,#320,#321);
#306=AXIS2_PLACEMENT_3D('',#1322,#322,#323);
#307=AXIS2_PLACEMENT_3D('',#2008,#324,#325);
#308=AXIS2_PLACEMENT_3D('',#2694,#326,#327);
#309=AXIS2_PLACEMENT_3D('',#3649,#328,#329);
#310=DIRECTION('',(0.,0.,1.));
#311=DIRECTION('',(1.,0.,0.));
#312=DIRECTION('',(0.,0.,-1.));
#313=DIRECTION('',(1.,0.,0.));
#314=DIRECTION('',(0.,0.,1.));
#315=DIRECTION('',(1.,0.,0.));
#316=DIRECTION('',(0.,0.,-1.));
#317=DIRECTION('',(1.,0.,0.));
#318=DIRECTION('',(0.,0.,1.));
#319=DIRECTION('',(1.,0.,0.));
#320=DIRECTION('',(0.,0.,-1.));
#321=DIRECTION('',(-1.,0.,0.));
#322=DIRECTION('',(0.,0.,-1.));
#323=DIRECTION('',(-1.,0.,0.));
#324=DIRECTION('',(0.,0.,-1.));
#325=DIRECTION('',(-1.,0.,0.));
#326=DIRECTION('',(0.,0.,-1.));
#327=DIRECTION('',(-1.,0.,0.));
#328=DIRECTION('',(0.,0.,-1.));
#329=DIRECTION('',(-1.,0.,0.));
#330=CARTESIAN_POINT('',(0.,0.,0.));
#331=CARTESIAN_POINT('',(2.201713403066,-1.97402874628703,53.7890014648438));
#332=CARTESIAN_POINT('',(32.9517128863231,-24.857362886323,53.7890014648438));
#333=CARTESIAN_POINT('',(32.951712886323,-8.32402896210768,53.7890014648438));
#334=CARTESIAN_POINT('',(32.951712886323,8.20930496210763,53.7890014648438));
#335=CARTESIAN_POINT('',(32.951712886323,24.7426388863229,53.7890014648438));
#336=CARTESIAN_POINT('',(32.9517128863231,-24.857362886323,53.7890014648438));
#337=CARTESIAN_POINT('',(32.951712886323,24.7426388863229,53.7890014648438));
#338=CARTESIAN_POINT('',(32.951712886323,24.7426388863229,53.7890014648438));
#339=CARTESIAN_POINT('',(10.9517129621076,24.7426388863229,53.7890014648438));
#340=CARTESIAN_POINT('',(-11.0482869621076,24.7426388863229,53.7890014648438));
#341=CARTESIAN_POINT('',(-33.0482868863229,24.7426388863229,53.7890014648438));
#342=CARTESIAN_POINT('',(-33.0482868863229,24.7426388863229,53.7890014648438));
#343=CARTESIAN_POINT('',(-33.0482868863229,24.7426388863229,53.7890014648438));
#344=CARTESIAN_POINT('',(-33.0482868863229,8.20930496210766,53.7890014648438));
#345=CARTESIAN_POINT('',(-33.0482868863229,-8.32402896210761,53.7890014648438));
#346=CARTESIAN_POINT('',(-33.0482868863229,-24.8573628863229,53.7890014648438));
#347=CARTESIAN_POINT('',(-33.0482868863229,-24.8573628863229,53.7890014648438));
#348=CARTESIAN_POINT('',(-33.0482868863229,-24.8573628863229,53.7890014648438));
#349=CARTESIAN_POINT('',(-11.0482869621076,-24.8573628863229,53.7890014648438));
#350=CARTESIAN_POINT('',(10.9517129621077,-24.8573628863229,53.7890014648438));
#351=CARTESIAN_POINT('',(32.9517128863231,-24.857362886323,53.7890014648438));
#352=CARTESIAN_POINT('',(0.,0.,0.));
#353=CARTESIAN_POINT('',(2.201713403066,-1.97402874628703,53.7890014648438));
#354=CARTESIAN_POINT('',(32.9517128863231,-24.857362886323,53.7890014648438));
#355=CARTESIAN_POINT('',(32.951712886323,-8.32402896210768,53.7890014648438));
#356=CARTESIAN_POINT('',(32.951712886323,8.20930496210763,53.7890014648438));
#357=CARTESIAN_POINT('',(32.951712886323,24.7426388863229,53.7890014648438));
#358=CARTESIAN_POINT('',(32.9517128863231,-24.857362886323,53.7890014648438));
#359=CARTESIAN_POINT('',(32.951712886323,24.7426388863229,53.7890014648438));
#360=CARTESIAN_POINT('',(-33.0482868863229,-24.8573628863229,53.7890014648438));
#361=CARTESIAN_POINT('',(-11.0482869621076,-24.8573628863229,53.7890014648438));
#362=CARTESIAN_POINT('',(10.9517129621077,-24.8573628863229,53.7890014648438));
#363=CARTESIAN_POINT('',(32.9517128863231,-24.857362886323,53.7890014648438));
#364=CARTESIAN_POINT('',(-33.0482868863229,-24.8573628863229,53.7890014648438));
#365=CARTESIAN_POINT('',(-33.0482868863229,24.7426388863229,53.7890014648438));
#366=CARTESIAN_POINT('',(-33.0482868863229,8.20930496210766,53.7890014648438));
#367=CARTESIAN_POINT('',(-33.0482868863229,-8.32402896210761,53.7890014648438));
#368=CARTESIAN_POINT('',(-33.0482868863229,-24.8573628863229,53.7890014648438));
#369=CARTESIAN_POINT('',(-33.0482868863229,24.7426388863229,53.7890014648438));
#370=CARTESIAN_POINT('',(32.951712886323,24.7426388863229,53.7890014648438));
#371=CARTESIAN_POINT('',(10.9517129621076,24.7426388863229,53.7890014648438));
#372=CARTESIAN_POINT('',(-11.0482869621076,24.7426388863229,53.7890014648438));
#373=CARTESIAN_POINT('',(-33.0482868863229,24.7426388863229,53.7890014648438));
#374=CARTESIAN_POINT('',(0.,0.,0.));
#375=CARTESIAN_POINT('',(1.61059951782226,67.9426442119141,-58.2650032043457));
#376=CARTESIAN_POINT('',(52.9110402914301,-57.7146978401941,-58.2650032043457));
#377=CARTESIAN_POINT('',(52.9085787188909,-57.7096379514935,-58.2650032043457));
#378=CARTESIAN_POINT('',(52.9017962101259,-57.700551853058,-58.2650032043457));
#379=CARTESIAN_POINT('',(52.8931168336006,-57.6860919287095,-58.2650032043457));
#380=CARTESIAN_POINT('',(52.8840370374036,-57.6718546102962,-58.2650032043457));
#381=CARTESIAN_POINT('',(52.8750645332709,-57.6575576448375,-58.2650032043457));
#382=CARTESIAN_POINT('',(52.8660632805526,-57.6432766616251,-58.2650032043457));
#383=CARTESIAN_POINT('',(52.8570697301125,-57.6289913964731,-58.2650032043457));
#384=CARTESIAN_POINT('',(52.8480741191452,-57.6147072768332,-58.2650032043457));
#385=CARTESIAN_POINT('',(52.8360806909628,-57.5956613838349,-58.2650032043457));
#386=CARTESIAN_POINT('',(52.821088658748,-57.5718541548948,-58.2650032043457));
#387=CARTESIAN_POINT('',(52.8030983259659,-57.543285421307,-58.2650032043457));
#388=CARTESIAN_POINT('',(52.7851079648598,-57.5147167034655,-58.2650032043457));
#389=CARTESIAN_POINT('',(52.7611208266124,-57.4766250741764,-58.2650032043457));
#390=CARTESIAN_POINT('',(52.7311369004082,-57.4290105394522,-58.2650032043457));
#391=CARTESIAN_POINT('',(52.6951561904174,-57.3718730969751,-58.2650032043457));
#392=CARTESIAN_POINT('',(52.6591754800416,-57.314735654711,-58.2650032043457));
#393=CARTESIAN_POINT('',(52.6231947697517,-57.257598212403,-58.2650032043457));
#394=CARTESIAN_POINT('',(52.5872140595028,-57.2004607700575,-58.2650032043457));
#395=CARTESIAN_POINT('',(52.5512333490043,-57.1433233279059,-58.2650032043457));
#396=CARTESIAN_POINT('',(52.5152526394631,-57.0861858850163,-58.2650032043457));
#397=CARTESIAN_POINT('',(52.4852687118624,-57.0385713515731,-58.2650032043457));
#398=CARTESIAN_POINT('',(52.4612815764624,-57.000479719672,-58.2650032043457));
#399=CARTESIAN_POINT('',(52.4432912066608,-56.971911009807,-58.2650032043457));
#400=CARTESIAN_POINT('',(52.4253009065251,-56.9433422462719,-58.2650032043457));
#401=CARTESIAN_POINT('',(52.4073103459775,-56.9147736833563,-58.2650032043457));
#402=CARTESIAN_POINT('',(52.3923190221726,-56.890965923587,-58.2650032043457));
#403=CARTESIAN_POINT('',(52.3803241493711,-56.8719211130769,-58.2650032043457));
#404=CARTESIAN_POINT('',(52.3713329500518,-56.8576336876817,-58.2650032043457));
#405=CARTESIAN_POINT('',(52.3623228364842,-56.8433608336847,-58.2650032043457));
#406=CARTESIAN_POINT('',(52.3533834246277,-56.8290335116073,-58.2650032043457));
#407=CARTESIAN_POINT('',(52.3441801201753,-56.8149094904536,-58.2650032043457));
#408=CARTESIAN_POINT('',(52.3359616843955,-56.8000267336854,-58.2650032043457));
#409=CARTESIAN_POINT('',(52.324067666521,-56.7879756184515,-58.2650032043457));
#410=CARTESIAN_POINT('',(52.3126513822429,-56.7755564791578,-58.2650032043457));
#411=CARTESIAN_POINT('',(52.3011070906859,-56.7632359508031,-58.2650032043457));
#412=CARTESIAN_POINT('',(52.2895970946483,-56.7508890027526,-58.2650032043457));
#413=CARTESIAN_POINT('',(52.278077923812,-56.7385491225463,-58.2650032043457));
#414=CARTESIAN_POINT('',(52.2627222342641,-56.7220934800296,-58.2650032043457));
#415=CARTESIAN_POINT('',(52.2435265225723,-56.7015247740859,-58.2650032043457));
#416=CARTESIAN_POINT('',(52.2204921400246,-56.6768419637451,-58.2650032043457));
#417=CARTESIAN_POINT('',(52.197457631158,-56.6521592507145,-58.2650032043457));
#418=CARTESIAN_POINT('',(52.1744231560845,-56.6274765116513,-58.2650032043457));
#419=CARTESIAN_POINT('',(52.1437105108487,-56.594566201994,-58.2650032043457));
#420=CARTESIAN_POINT('',(52.1053197083546,-56.553428311802,-58.2650032043457));
#421=CARTESIAN_POINT('',(52.0592507436254,-56.5040628449089,-58.2650032043457));
#422=CARTESIAN_POINT('',(52.0131817793603,-56.4546973776589,-58.2650032043457));
#423=CARTESIAN_POINT('',(51.967112814975,-56.4053319104995,-58.2650032043457));
#424=CARTESIAN_POINT('',(51.9210438506061,-56.3559664433343,-58.2650032043457));
#425=CARTESIAN_POINT('',(51.8749748862923,-56.306600976102,-58.2650032043457));
#426=CARTESIAN_POINT('',(51.8289059217415,-56.2572355091437,-58.2650032043457));
#427=CARTESIAN_POINT('',(51.7905151186933,-56.2160976191546,-58.2650032043457));
#428=CARTESIAN_POINT('',(51.7598024745872,-56.1831873090833,-58.2650032043457));
#429=CARTESIAN_POINT('',(51.7367679960637,-56.1585045712842,-58.2650032043457));
#430=CARTESIAN_POINT('',(51.7137335001499,-56.1338218535079,-58.2650032043457));
#431=CARTESIAN_POINT('',(51.6945381410592,-56.1132528596561,-58.2650032043457));
#432=CARTESIAN_POINT('',(51.679181732472,-56.0967978042552,-58.2650032043457));
#433=CARTESIAN_POINT('',(51.667664757473,-56.0844561310854,-58.2650032043457));
#434=CARTESIAN_POINT('',(51.6561465173656,-56.0721159145524,-58.2650032043457));
#435=CARTESIAN_POINT('',(51.6446330062505,-56.0597702530909,-58.2650032043457));
#436=CARTESIAN_POINT('',(51.6331018442745,-56.0474449147065,-58.2650032043457));
#437=CARTESIAN_POINT('',(51.6216365567497,-56.0350437289425,-58.2650032043457));
#438=CARTESIAN_POINT('',(51.6099254222814,-56.0229256096198,-58.2650032043457));
#439=CARTESIAN_POINT('',(51.5991318011357,-56.0097510719113,-58.2650032043457));
#440=CARTESIAN_POINT('',(51.5849139736431,-56.0005191413049,-58.2650032043457));
#441=CARTESIAN_POINT('',(51.5711843841492,-55.9907250851681,-58.2650032043457));
#442=CARTESIAN_POINT('',(51.5573239727535,-55.9810816488749,-58.2650032043457));
#443=CARTESIAN_POINT('',(51.5434986109666,-55.9713978587377,-58.2650032043457));
#444=CARTESIAN_POINT('',(51.5296638726457,-55.961724864133,-58.2650032043457));
#445=CARTESIAN_POINT('',(51.5112208302544,-55.9488237669453,-58.2650032043457));
#446=CARTESIAN_POINT('',(51.4881659033268,-55.9326986894903,-58.2650032043457));
#447=CARTESIAN_POINT('',(51.4605004728632,-55.9133480417742,-58.2650032043457));
#448=CARTESIAN_POINT('',(51.4328349133031,-55.8939975426913,-58.2650032043457));
#449=CARTESIAN_POINT('',(51.4051693882792,-55.8746470038457,-58.2650032043457));
#450=CARTESIAN_POINT('',(51.3682820095165,-55.8488462992747,-58.2650032043457));
#451=CARTESIAN_POINT('',(51.3221727902031,-55.8165954137946,-58.2650032043457));
#452=CARTESIAN_POINT('',(51.2668417252519,-55.7778943532623,-58.2650032043457));
#453=CARTESIAN_POINT('',(51.2115106607772,-55.7391932921807,-58.2650032043457));
#454=CARTESIAN_POINT('',(51.1561795961716,-55.7004922312524,-58.2650032043457));
#455=CARTESIAN_POINT('',(51.1008485316133,-55.6617911702602,-58.2650032043457));
#456=CARTESIAN_POINT('',(51.0455174669964,-55.6230901093703,-58.2650032043457));
#457=CARTESIAN_POINT('',(50.9901864025667,-55.5843890481351,-58.2650032043457));
#458=CARTESIAN_POINT('',(50.9440771816336,-55.5521381648384,-58.2650032043457));
#459=CARTESIAN_POINT('',(50.9071898061736,-55.5263374558152,-58.2650032043457));
#460=CARTESIAN_POINT('',(50.8795242710641,-55.5069869305659,-58.2650032043457));
#461=CARTESIAN_POINT('',(50.8518587493693,-55.487636380437,-58.2650032043457));
#462=CARTESIAN_POINT('',(50.82419317753,-55.4682859233086,-58.2650032043457));
#463=CARTESIAN_POINT('',(50.8011386903001,-55.4521602530994,-58.2650032043457));
#464=CARTESIAN_POINT('',(50.7826947512617,-55.4392603646771,-58.2650032043457));
#465=CARTESIAN_POINT('',(50.7688627511645,-55.4295836786867,-58.2650032043457));
#466=CARTESIAN_POINT('',(50.7550271089683,-55.4199137475183,-58.2650032043457));
#467=CARTESIAN_POINT('',(50.7412050809865,-55.4102185667355,-58.2650032043457));
#468=CARTESIAN_POINT('',(50.7273322382458,-55.4006176295883,-58.2650032043457));
#469=CARTESIAN_POINT('',(50.7136490403267,-55.3906649675131,-58.2650032043457));
#470=CARTESIAN_POINT('',(50.6974288061361,-55.3854169554952,-58.2650032043457));
#471=CARTESIAN_POINT('',(50.6818883687635,-55.3789083362975,-58.2650032043457));
#472=CARTESIAN_POINT('',(50.6661657803903,-55.3727374957614,-58.2650032043457));
#473=CARTESIAN_POINT('',(50.6504919992017,-55.3664761477591,-58.2650032043457));
#474=CARTESIAN_POINT('',(50.634805140275,-55.3602390509599,-58.2650032043457));
#475=CARTESIAN_POINT('',(50.6191217851164,-55.3539954568145,-58.2650032043457));
#476=CARTESIAN_POINT('',(50.6034374926235,-55.3477536008507,-58.2650032043457));
#477=CARTESIAN_POINT('',(50.5825254300583,-55.3394305190586,-58.2650032043457));
#478=CARTESIAN_POINT('',(50.5563852394975,-55.3290268751672,-58.2650032043457));
#479=CARTESIAN_POINT('',(50.5250170589873,-55.3165424131847,-58.2650032043457));
#480=CARTESIAN_POINT('',(50.4936488655926,-55.3040579750952,-58.2650032043457));
#481=CARTESIAN_POINT('',(50.4518246122336,-55.2874120492968,-58.2650032043457));
#482=CARTESIAN_POINT('',(50.3995442939914,-55.2666046449095,-58.2650032043457));
#483=CARTESIAN_POINT('',(50.3368079127587,-55.2416357584325,-58.2650032043457));
#484=CARTESIAN_POINT('',(50.2740715313636,-55.2166668722269,-58.2650032043457));
#485=CARTESIAN_POINT('',(50.2113351499603,-55.1916979861479,-58.2650032043457));
#486=CARTESIAN_POINT('',(50.1485987687523,-55.1667290992909,-58.2650032043457));
#487=CARTESIAN_POINT('',(50.0858623867712,-55.1417602154196,-58.2650032043457));
#488=CARTESIAN_POINT('',(50.0231260076869,-55.1167913203835,-58.2650032043457));
#489=CARTESIAN_POINT('',(49.9603896177886,-55.0918224670211,-58.2650032043457));
#490=CARTESIAN_POINT('',(49.9081093265061,-55.0710149596104,-58.2650032043457));
#491=CARTESIAN_POINT('',(49.8662850181686,-55.0543692439059,-58.2650032043457));
#492=CARTESIAN_POINT('',(49.8349169926702,-55.0418841642206,-58.2650032043457));
#493=CARTESIAN_POINT('',(49.8087763169521,-55.0314824532459,-58.2650032043457));
#494=CARTESIAN_POINT('',(49.787865244227,-55.0231554278884,-58.2650032043457));
#495=CARTESIAN_POINT('',(49.7721779288166,-55.0169256153452,-58.2650032043457));
#496=CARTESIAN_POINT('',(49.7565059229482,-55.0106368051917,-58.2650032043457));
#497=CARTESIAN_POINT('',(49.7407766897782,-55.0045685290045,-58.2650032043457));
#498=CARTESIAN_POINT('',(49.7252610562724,-54.9976771145623,-58.2650032043457));
#499=CARTESIAN_POINT('',(49.7089482514113,-54.9938577191735,-58.2650032043457));
#500=CARTESIAN_POINT('',(49.6920932849354,-54.99212778172,-58.2650032043457));
#501=CARTESIAN_POINT('',(49.6753835901407,-54.9898379760306,-58.2650032043457));
#502=CARTESIAN_POINT('',(49.6586349702363,-54.9876981853495,-58.2650032043457));
#503=CARTESIAN_POINT('',(49.6418967790893,-54.985518202871,-58.2650032043457));
#504=CARTESIAN_POINT('',(49.6251557980225,-54.983348972574,-58.2650032043457));
#505=CARTESIAN_POINT('',(49.6028354644959,-54.9804529096064,-58.2650032043457));
#506=CARTESIAN_POINT('',(49.574934713168,-54.9768341197303,-58.2650032043457));
#507=CARTESIAN_POINT('',(49.5414539549454,-54.9724910193364,-58.2650032043457));
#508=CARTESIAN_POINT('',(49.507973158311,-54.9681480669788,-58.2650032043457));
#509=CARTESIAN_POINT('',(49.4744923719527,-54.9638050750185,-58.2650032043457));
#510=CARTESIAN_POINT('',(49.4298513198852,-54.9580144329048,-58.2650032043457));
#511=CARTESIAN_POINT('',(49.3740500060327,-54.950776125518,-58.2650032043457));
#512=CARTESIAN_POINT('',(49.3070884288817,-54.9420901586788,-58.2650032043457));
#513=CARTESIAN_POINT('',(49.240126851872,-54.9334041913311,-58.2650032043457));
#514=CARTESIAN_POINT('',(49.1731652748247,-54.9247182239928,-58.2650032043457));
#515=CARTESIAN_POINT('',(49.106203697787,-54.9160322571252,-58.2650032043457));
#516=CARTESIAN_POINT('',(49.039242120748,-54.9073462883653,-58.2650032043457));
#517=CARTESIAN_POINT('',(48.9722805437048,-54.8986603267036,-58.2650032043457));
#518=CARTESIAN_POINT('',(48.9053189666798,-54.8899743385415,-58.2650032043457));
#519=CARTESIAN_POINT('',(48.8495176524351,-54.8827360974929,-58.2650032043457));
#520=CARTESIAN_POINT('',(48.8048766011674,-54.8769453200968,-58.2650032043457));
#521=CARTESIAN_POINT('',(48.7769759438335,-54.8733265044068,-58.2650032043457));
#522=CARTESIAN_POINT('',(48.7546554186343,-54.8704304895563,-58.2650032043457));
#523=CARTESIAN_POINT('',(48.737915022906,-54.8682611132043,-58.2650032043457));
#524=CARTESIAN_POINT('',(48.7211746341597,-54.8660816788579,-58.2650032043457));
#525=CARTESIAN_POINT('',(48.704434219314,-54.8639398417036,-58.2650032043457));
#526=CARTESIAN_POINT('',(48.6876939018837,-54.8616576737752,-58.2650032043457));
#527=CARTESIAN_POINT('',(48.6709532208915,-54.8598992317509,-58.2650032043457));
#528=CARTESIAN_POINT('',(48.6542138967315,-54.8561862168842,-58.2650032043457));
#529=CARTESIAN_POINT('',(48.6374695088044,-54.8597677674829,-58.2650032043457));
#530=CARTESIAN_POINT('',(48.6207263977423,-54.861532082316,-58.2650032043457));
#531=CARTESIAN_POINT('',(48.6039829445454,-54.8637833237174,-58.2650032043457));
#532=CARTESIAN_POINT('',(48.5872395830225,-54.8659040946108,-58.2650032043457));
#533=CARTESIAN_POINT('',(48.5704961969384,-54.8680598209681,-58.2650032043457));
#534=CARTESIAN_POINT('',(48.553752817425,-54.8702061959773,-58.2650032043457));
#535=CARTESIAN_POINT('',(48.5314283091119,-54.8730712958948,-58.2650032043457));
#536=CARTESIAN_POINT('',(48.5035226745081,-54.8766515498723,-58.2650032043457));
#537=CARTESIAN_POINT('',(48.4700359126459,-54.8809483352005,-58.2650032043457));
#538=CARTESIAN_POINT('',(48.4365491508742,-54.885244991779,-58.2650032043457));
#539=CARTESIAN_POINT('',(48.4030623890782,-54.8895416828009,-58.2650032043457));
#540=CARTESIAN_POINT('',(48.3584133733587,-54.8952705921318,-58.2650032043457));
#541=CARTESIAN_POINT('',(48.3026021037064,-54.9024317329239,-58.2650032043457));
#542=CARTESIAN_POINT('',(48.2356285801253,-54.9110251001056,-58.2650032043457));
#543=CARTESIAN_POINT('',(48.1686550565425,-54.919618467757,-58.2650032043457));
#544=CARTESIAN_POINT('',(48.1016815329643,-54.9282118352981,-58.2650032043457));
#545=CARTESIAN_POINT('',(48.0347080093698,-54.9368052028105,-58.2650032043457));
#546=CARTESIAN_POINT('',(47.9677344858359,-54.9453985705487,-58.2650032043457));
#547=CARTESIAN_POINT('',(47.9007609620757,-54.9539919374119,-58.2650032043457));
#548=CARTESIAN_POINT('',(47.8449496929794,-54.9611530791932,-58.2650032043457));
#549=CARTESIAN_POINT('',(47.8003006761262,-54.9668819865072,-58.2650032043457));
#550=CARTESIAN_POINT('',(47.7668139177925,-54.9711786836883,-58.2650032043457));
#551=CARTESIAN_POINT('',(47.7389082721504,-54.9747592115667,-58.2650032043457));
#552=CARTESIAN_POINT('',(47.7165837863572,-54.9776237529758,-58.2650032043457));
#553=CARTESIAN_POINT('',(47.6998403380692,-54.979771833577,-58.2650032043457));
#554=CARTESIAN_POINT('',(47.6830972101935,-54.9819211564476,-58.2650032043457));
#555=CARTESIAN_POINT('',(47.666352884612,-54.9840658356961,-58.2650032043457));
#556=CARTESIAN_POINT('',(47.6496130294411,-54.9862278471636,-58.2650032043457));
#557=CARTESIAN_POINT('',(47.6328564903335,-54.9883251733774,-58.2650032043457));
#558=CARTESIAN_POINT('',(47.6161622165625,-54.9906639083871,-58.2650032043457));
#559=CARTESIAN_POINT('',(47.5992355653814,-54.9921016934666,-58.2650032043457));
#560=CARTESIAN_POINT('',(47.5831761585042,-54.9969018694711,-58.2650032043457));
#561=CARTESIAN_POINT('',(47.5623710854989,-55.0056571399261,-58.2650032043457));
#562=CARTESIAN_POINT('',(47.5361562918033,-55.0157931002546,-58.2650032043457));
#563=CARTESIAN_POINT('',(47.5047879068287,-55.0283027121284,-58.2650032043457));
#564=CARTESIAN_POINT('',(47.4733955759163,-55.0407194904684,-58.2650032043457));
#565=CARTESIAN_POINT('',(47.4420096612948,-55.0531611434641,-58.2650032043457));
#566=CARTESIAN_POINT('',(47.4106220274475,-55.0655961313707,-58.2650032043457));
#567=CARTESIAN_POINT('',(47.3792348542126,-55.078032904978,-58.2650032043457));
#568=CARTESIAN_POINT('',(47.3478475577539,-55.0904692008715,-58.2650032043457));
#569=CARTESIAN_POINT('',(47.3059978721863,-55.1070510956024,-58.2650032043457));
#570=CARTESIAN_POINT('',(47.253685750456,-55.1277784067534,-58.2650032043457));
#571=CARTESIAN_POINT('',(47.1909112107132,-55.1526512046859,-58.2650032043457));
#572=CARTESIAN_POINT('',(47.1281366692698,-55.1775239960335,-58.2650032043457));
#573=CARTESIAN_POINT('',(47.0653621282949,-55.2023967891694,-58.2650032043457));
#574=CARTESIAN_POINT('',(47.0025875871466,-55.227269581737,-58.2650032043457));
#575=CARTESIAN_POINT('',(46.9398130462237,-55.2521423747897,-58.2650032043457));
#576=CARTESIAN_POINT('',(46.8770385045725,-55.27701516647,-58.2650032043457));
#577=CARTESIAN_POINT('',(46.8247263887697,-55.2977424970407,-58.2650032043457));
#578=CARTESIAN_POINT('',(46.7828766911158,-55.3143243521744,-58.2650032043457));
#579=CARTESIAN_POINT('',(46.7514894315664,-55.326760768991,-58.2650032043457));
#580=CARTESIAN_POINT('',(46.7253333383936,-55.3371243686683,-58.2650032043457));
#581=CARTESIAN_POINT('',(46.7044085615257,-55.3454154300848,-58.2650032043457));
#582=CARTESIAN_POINT('',(46.6887147119927,-55.3516332297251,-58.2650032043457));
#583=CARTESIAN_POINT('',(46.6730218811526,-55.3578529242158,-58.2650032043457));
#584=CARTESIAN_POINT('',(46.6573252424233,-55.3640655357275,-58.2650032043457));
#585=CARTESIAN_POINT('',(46.6416428165578,-55.3703045843048,-58.2650032043457));
#586=CARTESIAN_POINT('',(46.6259073471263,-55.3764449675983,-58.2650032043457));
#587=CARTESIAN_POINT('',(46.610369839095,-55.3829535749617,-58.2650032043457));
#588=CARTESIAN_POINT('',(46.5940935290287,-55.3880879513295,-58.2650032043457));
#589=CARTESIAN_POINT('',(46.5805744657024,-55.3983510276095,-58.2650032043457));
#590=CARTESIAN_POINT('',(46.5666450386157,-55.4078507489567,-58.2650032043457));
#591=CARTESIAN_POINT('',(46.5528255672632,-55.41755500896,-58.2650032043457));
#592=CARTESIAN_POINT('',(46.5389766367342,-55.4272044692714,-58.2650032043457));
#593=CARTESIAN_POINT('',(46.5251355871769,-55.4368685896945,-58.2650032043457));
#594=CARTESIAN_POINT('',(46.5066781014871,-55.4497489625857,-58.2650032043457));
#595=CARTESIAN_POINT('',(46.4836071890453,-55.4658511859669,-58.2650032043457));
#596=CARTESIAN_POINT('',(46.4559216891174,-55.4851731006514,-58.2650032043457));
#597=CARTESIAN_POINT('',(46.4282362977075,-55.5044952171999,-58.2650032043457));
#598=CARTESIAN_POINT('',(46.4005508772236,-55.5238172796654,-58.2650032043457));
#599=CARTESIAN_POINT('',(46.3728654645177,-55.5431393565992,-58.2650032043457));
#600=CARTESIAN_POINT('',(46.3359515781926,-55.5689021207902,-58.2650032043457));
#601=CARTESIAN_POINT('',(46.2898092212194,-55.601105577764,-58.2650032043457));
#602=CARTESIAN_POINT('',(46.2344383924486,-55.6397497253853,-58.2650032043457));
#603=CARTESIAN_POINT('',(46.179067563797,-55.6783938732198,-58.2650032043457));
#604=CARTESIAN_POINT('',(46.1236967350714,-55.7170380209487,-58.2650032043457));
#605=CARTESIAN_POINT('',(46.0683259065223,-55.7556821688865,-58.2650032043457));
#606=CARTESIAN_POINT('',(46.0129550773414,-55.7943263160943,-58.2650032043457));
#607=CARTESIAN_POINT('',(45.957584250511,-55.8329704660134,-58.2650032043457));
#608=CARTESIAN_POINT('',(45.9114418875108,-55.8651739158501,-58.2650032043457));
#609=CARTESIAN_POINT('',(45.8745280134749,-55.8909366945938,-58.2650032043457));
#610=CARTESIAN_POINT('',(45.8468425632401,-55.9102587270861,-58.2650032043457));
#611=CARTESIAN_POINT('',(45.8191572836548,-55.929580956403,-58.2650032043457));
#612=CARTESIAN_POINT('',(45.7960856857587,-55.9456822010566,-58.2650032043457));
#613=CARTESIAN_POINT('',(45.777629597897,-55.9585645698323,-58.2650032043457));
#614=CARTESIAN_POINT('',(45.7637842795803,-55.968222595122,-58.2650032043457));
#615=CARTESIAN_POINT('',(45.7499513757176,-55.9778949390534,-58.2650032043457));
#616=CARTESIAN_POINT('',(45.7360720664594,-55.9875137597099,-58.2650032043457));
#617=CARTESIAN_POINT('',(45.722365964329,-55.9973323548247,-58.2650032043457));
#618=CARTESIAN_POINT('',(45.7080134390829,-56.006405375381,-58.2650032043457));
#619=CARTESIAN_POINT('',(45.6972446773804,-56.0196120027427,-58.2650032043457));
#620=CARTESIAN_POINT('',(45.6855156491335,-56.0317110335025,-58.2650032043457));
#621=CARTESIAN_POINT('',(45.6740439235207,-56.0441068438647,-58.2650032043457));
#622=CARTESIAN_POINT('',(45.6625032539157,-56.0564231324192,-58.2650032043457));
#623=CARTESIAN_POINT('',(45.6509810576457,-56.0687607286025,-58.2650032043457));
#624=CARTESIAN_POINT('',(45.6394539120275,-56.0810926160779,-58.2650032043457));
#625=CARTESIAN_POINT('',(45.6279280904672,-56.0934260307562,-58.2650032043457));
#626=CARTESIAN_POINT('',(45.6125598658761,-56.1098700501888,-58.2650032043457));
#627=CARTESIAN_POINT('',(45.5933497438223,-56.1304252575111,-58.2650032043457));
#628=CARTESIAN_POINT('',(45.570297529435,-56.155091427954,-58.2650032043457));
#629=CARTESIAN_POINT('',(45.5395612673119,-56.1879796825779,-58.2650032043457));
#630=CARTESIAN_POINT('',(45.5011409315159,-56.2290899914668,-58.2650032043457));
#631=CARTESIAN_POINT('',(45.4550365320526,-56.2784223661605,-58.2650032043457));
#632=CARTESIAN_POINT('',(45.4089321316488,-56.3277547397714,-58.2650032043457));
#633=CARTESIAN_POINT('',(45.3628277315151,-56.3770871136865,-58.2650032043457));
#634=CARTESIAN_POINT('',(45.3167233312417,-56.426419487468,-58.2650032043457));
#635=CARTESIAN_POINT('',(45.270618931257,-56.4757518614792,-58.2650032043457));
#636=CARTESIAN_POINT('',(45.2245145302573,-56.5250842347056,-58.2650032043457));
#637=CARTESIAN_POINT('',(45.1784101330289,-56.5744166108413,-58.2650032043457));
#638=CARTESIAN_POINT('',(45.13998979028,-56.6155269152439,-58.2650032043457));
#639=CARTESIAN_POINT('',(45.1092535423359,-56.6484151790166,-58.2650032043457));
#640=CARTESIAN_POINT('',(45.0862012846478,-56.6730813215205,-58.2650032043457));
#641=CARTESIAN_POINT('',(45.0631493007522,-56.6977476752015,-58.2650032043457));
#642=CARTESIAN_POINT('',(45.043938461306,-56.7183023121167,-58.2650032043457));
#643=CARTESIAN_POINT('',(45.0285716997324,-56.734747494826,-58.2650032043457));
#644=CARTESIAN_POINT('',(45.0170414103218,-56.7470773570175,-58.2650032043457));
#645=CARTESIAN_POINT('',(45.0055310388414,-56.7594225819827,-58.2650032043457));
#646=CARTESIAN_POINT('',(44.9939462138706,-56.7717103806935,-58.2650032043457));
#647=CARTESIAN_POINT('',(44.9826392849315,-56.7842125216483,-58.2650032043457));
#648=CARTESIAN_POINT('',(44.9702952253556,-56.7959147198815,-58.2650032043457));
#649=CARTESIAN_POINT('',(44.9621894014793,-56.810885943322,-58.2650032043457));
#650=CARTESIAN_POINT('',(44.9529479457734,-56.8249812341009,-58.2650032043457));
#651=CARTESIAN_POINT('',(44.9440107816863,-56.8393112303191,-58.2650032043457));
#652=CARTESIAN_POINT('',(44.9349920829538,-56.8535783374415,-58.2650032043457));
#653=CARTESIAN_POINT('',(44.925995231184,-56.8678622955077,-58.2650032043457));
#654=CARTESIAN_POINT('',(44.9169925262088,-56.8821417388944,-58.2650032043457));
#655=CARTESIAN_POINT('',(44.9079913870927,-56.8964223900556,-58.2650032043457));
#656=CARTESIAN_POINT('',(44.8959893212962,-56.9154628363792,-58.2650032043457));
#657=CARTESIAN_POINT('',(44.8809869267151,-56.9392635390325,-58.2650032043457));
#658=CARTESIAN_POINT('',(44.8629839728909,-56.967824320259,-58.2650032043457));
#659=CARTESIAN_POINT('',(44.838980062518,-57.005905383537,-58.2650032043457));
#660=CARTESIAN_POINT('',(44.8089751649231,-57.0535067052077,-58.2650032043457));
#661=CARTESIAN_POINT('',(44.7729692919385,-57.1106282943972,-58.2650032043457));
#662=CARTESIAN_POINT('',(44.736963417843,-57.167749882731,-58.2650032043457));
#663=CARTESIAN_POINT('',(44.7009575440617,-57.2248714713027,-58.2650032043457));
#664=CARTESIAN_POINT('',(44.6649516701346,-57.2819930597789,-58.2650032043457));
#665=CARTESIAN_POINT('',(44.6289457964764,-57.3391146483992,-58.2650032043457));
#666=CARTESIAN_POINT('',(44.5929399218887,-57.3962362365386,-58.2650032043457));
#667=CARTESIAN_POINT('',(44.5569340507499,-57.4533578264574,-58.2650032043457));
#668=CARTESIAN_POINT('',(44.5269291474123,-57.5009591458589,-58.2650032043457));
#669=CARTESIAN_POINT('',(44.5029252487505,-57.5390402137646,-58.2650032043457));
#670=CARTESIAN_POINT('',(44.4849222591623,-57.5676009808587,-58.2650032043457));
#671=CARTESIAN_POINT('',(44.4669195199376,-57.5961618771011,-58.2650032043457));
#672=CARTESIAN_POINT('',(44.4519164573651,-57.6199622216718,-58.2650032043457));
#673=CARTESIAN_POINT('',(44.43991575385,-57.6390033982693,-58.2650032043457));
#674=CARTESIAN_POINT('',(44.4309104545162,-57.6532818192733,-58.2650032043457));
#675=CARTESIAN_POINT('',(44.4219233687006,-57.6675696355832,-58.2650032043457));
#676=CARTESIAN_POINT('',(44.4128682005099,-57.681822332114,-58.2650032043457));
#677=CARTESIAN_POINT('',(44.4040671483014,-57.6962061124551,-58.2650032043457));
#678=CARTESIAN_POINT('',(44.3943177145391,-57.710100677334,-58.2650032043457));
#679=CARTESIAN_POINT('',(44.38810769101,-57.7258210202514,-58.2650032043457));
#680=CARTESIAN_POINT('',(44.3816331968042,-57.7414049296332,-58.2650032043457));
#681=CARTESIAN_POINT('',(44.37522956672,-57.7570253959701,-58.2650032043457));
#682=CARTESIAN_POINT('',(44.368806950826,-57.7726360680221,-58.2650032043457));
#683=CARTESIAN_POINT('',(44.3623894140497,-57.7882493602587,-58.2650032043457));
#684=CARTESIAN_POINT('',(44.3538309241336,-57.8090661679698,-58.2650032043457));
#685=CARTESIAN_POINT('',(44.3431334205512,-57.8350874916793,-58.2650032043457));
#686=CARTESIAN_POINT('',(44.3302961552729,-57.8663129454982,-58.2650032043457));
#687=CARTESIAN_POINT('',(44.3174589598122,-57.8975384353342,-58.2650032043457));
#688=CARTESIAN_POINT('',(44.3003426748096,-57.9391724092009,-58.2650032043457));
#689=CARTESIAN_POINT('',(44.2789473269256,-57.9912148808517,-58.2650032043457));
#690=CARTESIAN_POINT('',(44.2532729058744,-58.0536658449809,-58.2650032043457));
#691=CARTESIAN_POINT('',(44.227598485794,-58.1161168096091,-58.2650032043457));
#692=CARTESIAN_POINT('',(44.2019240654212,-58.1785677740933,-58.2650032043457));
#693=CARTESIAN_POINT('',(44.1676915051887,-58.2618357268412,-58.2650032043457));
#694=CARTESIAN_POINT('',(44.1334589439536,-58.3451036792632,-58.2650032043457));
#695=CARTESIAN_POINT('',(44.0992263855281,-58.4283716325863,-58.2650032043457));
#696=CARTESIAN_POINT('',(44.0778310303234,-58.4804141014322,-58.2650032043457));
#697=CARTESIAN_POINT('',(44.0607147603103,-58.522048081038,-58.2650032043457));
#698=CARTESIAN_POINT('',(44.0478775190619,-58.5532735533435,-58.2650032043457));
#699=CARTESIAN_POINT('',(44.0350404256924,-58.5844990729804,-58.2650032043457));
#700=CARTESIAN_POINT('',(44.0243423872368,-58.6105201919053,-58.2650032043457));
#701=CARTESIAN_POINT('',(44.0157849880875,-58.6313374172336,-58.2650032043457));
#702=CARTESIAN_POINT('',(44.0093641202685,-58.646949434128,-58.2650032043457));
#703=CARTESIAN_POINT('',(44.0029540104699,-58.6625648943358,-58.2650032043457));
#704=CARTESIAN_POINT('',(43.9965036870468,-58.6781674833918,-58.2650032043457));
#705=CARTESIAN_POINT('',(43.9902034601014,-58.6938181137414,-58.2650032043457));
#706=CARTESIAN_POINT('',(43.9833430608698,-58.7092894500683,-58.2650032043457));
#707=CARTESIAN_POINT('',(43.9785732543052,-58.7254299211927,-58.2650032043457));
#708=CARTESIAN_POINT('',(43.9737579619983,-58.7474448755207,-58.2650032043457));
#709=CARTESIAN_POINT('',(43.9672088705323,-58.7747939410033,-58.2650032043457));
#710=CARTESIAN_POINT('',(43.9595771713003,-58.8076855419911,-58.2650032043457));
#711=CARTESIAN_POINT('',(43.9518845916914,-58.8405576572283,-58.2650032043457));
#712=CARTESIAN_POINT('',(43.9442083230625,-58.8734349930589,-58.2650032043457));
#713=CARTESIAN_POINT('',(43.9365276908909,-58.9063109322669,-58.2650032043457));
#714=CARTESIAN_POINT('',(43.9262883722492,-58.9501460057397,-58.2650032043457));
#715=CARTESIAN_POINT('',(43.9134887009014,-59.0049396801714,-58.2650032043457));
#716=CARTESIAN_POINT('',(43.8981293195226,-59.0706921612607,-58.2650032043457));
#717=CARTESIAN_POINT('',(43.8827698780629,-59.1364446231204,-58.2650032043457));
#718=CARTESIAN_POINT('',(43.867410452688,-59.2021970901267,-58.2650032043457));
#719=CARTESIAN_POINT('',(43.8469312131769,-59.2898670443267,-58.2650032043457));
#720=CARTESIAN_POINT('',(43.8264519755638,-59.3775369990832,-58.2650032043457));
#721=CARTESIAN_POINT('',(43.8059727365151,-59.4652069535266,-58.2650032043457));
#722=CARTESIAN_POINT('',(43.7906133096373,-59.5309594197419,-58.2650032043457));
#723=CARTESIAN_POINT('',(43.7778137798082,-59.5857531404424,-58.2650032043457));
#724=CARTESIAN_POINT('',(43.7675741725749,-59.629588119561,-58.2650032043457));
#725=CARTESIAN_POINT('',(43.7611743801944,-59.6569849756873,-58.2650032043457));
#726=CARTESIAN_POINT('',(43.7560546329959,-59.6789024739237,-58.2650032043457));
#727=CARTESIAN_POINT('',(43.7522145851954,-59.6953405610886,-58.2650032043457));
#728=CARTESIAN_POINT('',(43.7483754436481,-59.7117787876355,-58.2650032043457));
#729=CARTESIAN_POINT('',(43.7445329144893,-59.7282164931667,-58.2650032043457));
#730=CARTESIAN_POINT('',(43.7407030295238,-59.7446561433783,-58.2650032043457));
#731=CARTESIAN_POINT('',(43.7368259553964,-59.7610885358843,-58.2650032043457));
#732=CARTESIAN_POINT('',(43.7331249937236,-59.7775480145325,-58.2650032043457));
#733=CARTESIAN_POINT('',(43.7324973182984,-59.7944801654207,-58.2650032043457));
#734=CARTESIAN_POINT('',(43.7310461650753,-59.8112856652053,-58.2650032043457));
#735=CARTESIAN_POINT('',(43.7298156367965,-59.8281250971646,-58.2650032043457));
#736=CARTESIAN_POINT('',(43.7285260865379,-59.844955451528,-58.2650032043457));
#737=CARTESIAN_POINT('',(43.7268273034933,-59.8673990949586,-58.2650032043457));
#738=CARTESIAN_POINT('',(43.7246967498858,-59.8954525611405,-58.2650032043457));
#739=CARTESIAN_POINT('',(43.7221431186548,-59.9291171870501,-58.2650032043457));
#740=CARTESIAN_POINT('',(43.7195886747143,-59.9627816879647,-58.2650032043457));
#741=CARTESIAN_POINT('',(43.7170344485137,-59.9964462223679,-58.2650032043457));
#742=CARTESIAN_POINT('',(43.7144801640633,-60.0301107478121,-58.2650032043457));
#743=CARTESIAN_POINT('',(43.7110744718084,-60.0749967848672,-58.2650032043457));
#744=CARTESIAN_POINT('',(43.7068173495224,-60.1311043301121,-58.2650032043457));
#745=CARTESIAN_POINT('',(43.7017088057037,-60.1984333848665,-58.2650032043457));
#746=CARTESIAN_POINT('',(43.6966002613351,-60.2657624394976,-58.2650032043457));
#747=CARTESIAN_POINT('',(43.6914917162415,-60.3330914941616,-58.2650032043457));
#748=CARTESIAN_POINT('',(43.6863831745976,-60.4004205488168,-58.2650032043457));
#749=CARTESIAN_POINT('',(43.6812746198801,-60.4677496034743,-58.2650032043457));
#750=CARTESIAN_POINT('',(43.6761661140072,-60.5350786581315,-58.2650032043457));
#751=CARTESIAN_POINT('',(43.6710574258294,-60.6024077127878,-58.2650032043457));
#752=CARTESIAN_POINT('',(43.6668007526606,-60.6585152583379,-58.2650032043457));
#753=CARTESIAN_POINT('',(43.6633941445274,-60.7034012947708,-58.2650032043457));
#754=CARTESIAN_POINT('',(43.6608426570345,-60.737065822115,-58.2650032043457));
#755=CARTESIAN_POINT('',(43.6582779299128,-60.7707303493848,-58.2650032043457));
#756=CARTESIAN_POINT('',(43.6561818989014,-60.7987841223413,-58.2650032043457));
#757=CARTESIAN_POINT('',(43.6544127140906,-60.8212271401876,-58.2650032043457));
#758=CARTESIAN_POINT('',(43.6533381605336,-60.8380594049902,-58.2650032043457));
#759=CARTESIAN_POINT('',(43.651300446773,-60.8548916643806,-58.2650032043457));
#760=CARTESIAN_POINT('',(43.6528630387758,-60.8717239440019,-58.2650032043457));
#761=CARTESIAN_POINT('',(43.6540636402071,-60.8885562069566,-58.2650032043457));
#762=CARTESIAN_POINT('',(43.6553612366625,-60.9053884743771,-58.2650032043457));
#763=CARTESIAN_POINT('',(43.6566328435932,-60.9222207406012,-58.2650032043457));
#764=CARTESIAN_POINT('',(43.6579114135986,-60.9390530071457,-58.2650032043457));
#765=CARTESIAN_POINT('',(43.6591881208298,-60.9558852736044,-58.2650032043457));
#766=CARTESIAN_POINT('',(43.6608910478342,-60.9783282955794,-58.2650032043457));
#767=CARTESIAN_POINT('',(43.6630194833043,-61.0063820730378,-58.2650032043457));
#768=CARTESIAN_POINT('',(43.6655737015943,-61.0400466059924,-58.2650032043457));
#769=CARTESIAN_POINT('',(43.6681278942375,-61.0737111389457,-58.2650032043457));
#770=CARTESIAN_POINT('',(43.6706820937419,-61.1073756718994,-58.2650032043457));
#771=CARTESIAN_POINT('',(43.6740876906836,-61.1522617158376,-58.2650032043457));
#772=CARTESIAN_POINT('',(43.678344687689,-61.2083692707595,-58.2650032043457));
#773=CARTESIAN_POINT('',(43.6834530837161,-61.27569833667,-58.2650032043457));
#774=CARTESIAN_POINT('',(43.6885614799358,-61.3430274025653,-58.2650032043457));
#775=CARTESIAN_POINT('',(43.6936698757642,-61.4103564685169,-58.2650032043457));
#776=CARTESIAN_POINT('',(43.6987782729651,-61.4776855342584,-58.2650032043457));
#777=CARTESIAN_POINT('',(43.7038866650676,-61.5450146007839,-58.2650032043457));
#778=CARTESIAN_POINT('',(43.7089950761908,-61.612343664384,-58.2650032043457));
#779=CARTESIAN_POINT('',(43.71410341633,-61.6796727389012,-58.2650032043457));
#780=CARTESIAN_POINT('',(43.7183605872086,-61.7357802670466,-58.2650032043457));
#781=CARTESIAN_POINT('',(43.7217658295733,-61.7806663655896,-58.2650032043457));
#782=CARTESIAN_POINT('',(43.7243211119037,-61.8143307317886,-58.2650032043457));
#783=CARTESIAN_POINT('',(43.7268712391758,-61.8479958908073,-58.2650032043457));
#784=CARTESIAN_POINT('',(43.7290124032993,-61.8760477203468,-58.2650032043457));
#785=CARTESIAN_POINT('',(43.7306893727751,-61.8984947147113,-58.2650032043457));
#786=CARTESIAN_POINT('',(43.7320453505131,-61.9153148500716,-58.2650032043457));
#787=CARTESIAN_POINT('',(43.7330263066379,-61.932192661718,-58.2650032043457));
#788=CARTESIAN_POINT('',(43.7354090985843,-61.9488548786331,-58.2650032043457));
#789=CARTESIAN_POINT('',(43.739639484787,-61.9652329219864,-58.2650032043457));
#790=CARTESIAN_POINT('',(43.743374809893,-61.9816871093712,-58.2650032043457));
#791=CARTESIAN_POINT('',(43.7472427851295,-61.9981208941919,-58.2650032043457));
#792=CARTESIAN_POINT('',(43.7510752209408,-62.0145601452372,-58.2650032043457));
#793=CARTESIAN_POINT('',(43.7549171643226,-62.0309979339484,-58.2650032043457));
#794=CARTESIAN_POINT('',(43.7600364343555,-62.0529154963793,-58.2650032043457));
#795=CARTESIAN_POINT('',(43.7664366615419,-62.0803122741323,-58.2650032043457));
#796=CARTESIAN_POINT('',(43.7741164455824,-62.1131884825834,-58.2650032043457));
#797=CARTESIAN_POINT('',(43.7817963605234,-62.1460646709012,-58.2650032043457));
#798=CARTESIAN_POINT('',(43.7894762404456,-62.1789408646052,-58.2650032043457));
#799=CARTESIAN_POINT('',(43.7997160925745,-62.2227757876622,-58.2650032043457));
#800=CARTESIAN_POINT('',(43.8125159035379,-62.2775694421292,-58.2650032043457));
#801=CARTESIAN_POINT('',(43.8278756784942,-62.3433218272126,-58.2650032043457));
#802=CARTESIAN_POINT('',(43.8432354529657,-62.409074212371,-58.2650032043457));
#803=CARTESIAN_POINT('',(43.8585952275765,-62.4748265975063,-58.2650032043457));
#804=CARTESIAN_POINT('',(43.8739550021149,-62.540578982659,-58.2650032043457));
#805=CARTESIAN_POINT('',(43.8893147768036,-62.6063313677652,-58.2650032043457));
#806=CARTESIAN_POINT('',(43.9046745509637,-62.6720837530401,-58.2650032043457));
#807=CARTESIAN_POINT('',(43.9174743644002,-62.7268774069122,-58.2650032043457));
#808=CARTESIAN_POINT('',(43.9277142114864,-62.7707123311824,-58.2650032043457));
#809=CARTESIAN_POINT('',(43.9353941068082,-62.8035885211816,-58.2650032043457));
#810=CARTESIAN_POINT('',(43.9430739639328,-62.8364647234084,-58.2650032043457));
#811=CARTESIAN_POINT('',(43.9507539638391,-62.8693408799283,-58.2650032043457));
#812=CARTESIAN_POINT('',(43.9571535196529,-62.8967378191946,-58.2650032043457));
#813=CARTESIAN_POINT('',(43.9622741587727,-62.9186550522619,-58.2650032043457));
#814=CARTESIAN_POINT('',(43.966111921171,-62.9350938467998,-58.2650032043457));
#815=CARTESIAN_POINT('',(43.9699600541013,-62.9515293215609,-58.2650032043457));
#816=CARTESIAN_POINT('',(43.9737694218451,-62.9679772056917,-58.2650032043457));
#817=CARTESIAN_POINT('',(43.9777234798029,-62.9843787721205,-58.2650032043457));
#818=CARTESIAN_POINT('',(43.9811375420911,-63.0009531999876,-58.2650032043457));
#819=CARTESIAN_POINT('',(43.9883618276848,-63.0163080047847,-58.2650032043457));
#820=CARTESIAN_POINT('',(43.9945651676235,-63.0319896064056,-58.2650032043457));
#821=CARTESIAN_POINT('',(44.0010420668769,-63.0475836438015,-58.2650032043457));
#822=CARTESIAN_POINT('',(44.0074456745264,-63.0632011412739,-58.2650032043457));
#823=CARTESIAN_POINT('',(44.0138688892768,-63.0788123626647,-58.2650032043457));
#824=CARTESIAN_POINT('',(44.0224263265442,-63.0996295168524,-58.2650032043457));
#825=CARTESIAN_POINT('',(44.0331254733755,-63.1256502072912,-58.2650032043457));
#826=CARTESIAN_POINT('',(44.0459634419865,-63.1568753583383,-58.2650032043457));
#827=CARTESIAN_POINT('',(44.0588016805486,-63.1881004229762,-58.2650032043457));
#828=CARTESIAN_POINT('',(44.0716398468929,-63.2193255107305,-58.2650032043457));
#829=CARTESIAN_POINT('',(44.0887574272454,-63.2609589529945,-58.2650032043457));
#830=CARTESIAN_POINT('',(44.1101543940293,-63.3130007585957,-58.2650032043457));
#831=CARTESIAN_POINT('',(44.1358307578825,-63.3754509241284,-58.2650032043457));
#832=CARTESIAN_POINT('',(44.1615071207363,-63.4379010899821,-58.2650032043457));
#833=CARTESIAN_POINT('',(44.1871834838752,-63.5003512557407,-58.2650032043457));
#834=CARTESIAN_POINT('',(44.2128598468729,-63.5628014215582,-58.2650032043457));
#835=CARTESIAN_POINT('',(44.2385362101505,-63.6252515872352,-58.2650032043457));
#836=CARTESIAN_POINT('',(44.2642125724496,-63.6877017534158,-58.2650032043457));
#837=CARTESIAN_POINT('',(44.2856095440607,-63.7397435570046,-58.2650032043457));
#838=CARTESIAN_POINT('',(44.3027271145704,-63.7813770033717,-58.2650032043457));
#839=CARTESIAN_POINT('',(44.3155653109732,-63.812602078596,-58.2650032043457));
#840=CARTESIAN_POINT('',(44.3284034366833,-63.8438271902768,-58.2650032043457));
#841=CARTESIAN_POINT('',(44.3412418266437,-63.8750521656819,-58.2650032043457));
#842=CARTESIAN_POINT('',(44.3519396630202,-63.9010734023919,-58.2650032043457));
#843=CARTESIAN_POINT('',(44.3604997726135,-63.9218894426037,-58.2650032043457));
#844=CARTESIAN_POINT('',(44.3669148264866,-63.9375040659078,-58.2650032043457));
#845=CARTESIAN_POINT('',(44.3733490734009,-63.9531087912093,-58.2650032043457));
#846=CARTESIAN_POINT('',(44.3797115764726,-63.9687505153754,-58.2650032043457));
#847=CARTESIAN_POINT('',(44.3863418618733,-63.984254142086,-58.2650032043457));
#848=CARTESIAN_POINT('',(44.3919727618005,-64.000273159754,-58.2650032043457));
#849=CARTESIAN_POINT('',(44.4013334212927,-64.0143687110477,-58.2650032043457));
#850=CARTESIAN_POINT('',(44.4102344610259,-64.0287012740146,-58.2650032043457));
#851=CARTESIAN_POINT('',(44.4192586544899,-64.0429703304173,-58.2650032043457));
#852=CARTESIAN_POINT('',(44.4282498527899,-64.057256401404,-58.2650032043457));
#853=CARTESIAN_POINT('',(44.4372498780151,-64.0715379206187,-58.2650032043457));
#854=CARTESIAN_POINT('',(44.4492468282659,-64.0905815362435,-58.2650032043457));
#855=CARTESIAN_POINT('',(44.4642440741377,-64.1143855101663,-58.2650032043457));
#856=CARTESIAN_POINT('',(44.4822403155782,-64.1429505127844,-58.2650032043457));
#857=CARTESIAN_POINT('',(44.500236678548,-64.1715154527333,-58.2650032043457));
#858=CARTESIAN_POINT('',(44.5182330090061,-64.2000804094478,-58.2650032043457));
#859=CARTESIAN_POINT('',(44.5422281276405,-64.2381670125437,-58.2650032043457));
#860=CARTESIAN_POINT('',(44.5722220220361,-64.2857752684237,-58.2650032043457));
#861=CARTESIAN_POINT('',(44.6082146969828,-64.342905174617,-58.2650032043457));
#862=CARTESIAN_POINT('',(44.6442073714773,-64.4000350810445,-58.2650032043457));
#863=CARTESIAN_POINT('',(44.6802000461085,-64.4571649873976,-58.2650032043457));
#864=CARTESIAN_POINT('',(44.7161927206455,-64.5142948938148,-58.2650032043457));
#865=CARTESIAN_POINT('',(44.7521853954224,-64.5714248000496,-58.2650032043457));
#866=CARTESIAN_POINT('',(44.7881780693338,-64.6285547069505,-58.2650032043457));
#867=CARTESIAN_POINT('',(44.8181719669448,-64.6761629606324,-58.2650032043457));
#868=CARTESIAN_POINT('',(44.842167079023,-64.7142495682102,-58.2650032043457));
#869=CARTESIAN_POINT('',(44.8601634295025,-64.7428145112377,-58.2650032043457));
#870=CARTESIAN_POINT('',(44.8781597173037,-64.771379502573,-58.2650032043457));
#871=CARTESIAN_POINT('',(44.8961562393976,-64.7999443133327,-58.2650032043457));
#872=CARTESIAN_POINT('',(44.9111526123985,-64.8237488839613,-58.2650032043457));
#873=CARTESIAN_POINT('',(44.9231513426385,-64.8427912827628,-58.2650032043457));
#874=CARTESIAN_POINT('',(44.9321459320473,-64.8570765179708,-58.2650032043457));
#875=CARTESIAN_POINT('',(44.9411575386212,-64.8713486376017,-58.2650032043457));
#876=CARTESIAN_POINT('',(44.9501055348057,-64.8856697834341,-58.2650032043457));
#877=CARTESIAN_POINT('',(44.9592909553828,-64.8998079400379,-58.2650032043457));
#878=CARTESIAN_POINT('',(44.9675902887788,-64.9146290273546,-58.2650032043457));
#879=CARTESIAN_POINT('',(44.9791965465069,-64.926901381048,-58.2650032043457));
#880=CARTESIAN_POINT('',(44.9906932563551,-64.9392581402494,-58.2650032043457));
#881=CARTESIAN_POINT('',(45.0022193192279,-64.9515922832489,-58.2650032043457));
#882=CARTESIAN_POINT('',(45.0137375178821,-64.9639324855476,-58.2650032043457));
#883=CARTESIAN_POINT('',(45.0252578203862,-64.9762710668517,-58.2650032043457));
#884=CARTESIAN_POINT('',(45.0406174888173,-64.9927230748292,-58.2650032043457));
#885=CARTESIAN_POINT('',(45.0598173265387,-65.0132878904971,-58.2650032043457));
#886=CARTESIAN_POINT('',(45.0828570236899,-65.0379657525997,-58.2650032043457));
#887=CARTESIAN_POINT('',(45.105896749807,-65.0626435923844,-58.2650032043457));
#888=CARTESIAN_POINT('',(45.128936468175,-65.0873214381396,-58.2650032043457));
#889=CARTESIAN_POINT('',(45.1596560953726,-65.1202252303943,-58.2650032043457));
#890=CARTESIAN_POINT('',(45.1980556284408,-65.1613549714282,-58.2650032043457));
#891=CARTESIAN_POINT('',(45.2441350685205,-65.2107106603625,-58.2650032043457));
#892=CARTESIAN_POINT('',(45.2902145084948,-65.2600663493776,-58.2650032043457));
#893=CARTESIAN_POINT('',(45.3362939484932,-65.3094220383758,-58.2650032043457));
#894=CARTESIAN_POINT('',(45.3823733885003,-65.3587777273611,-58.2650032043457));
#895=CARTESIAN_POINT('',(45.4284528284485,-65.4081334164149,-58.2650032043457));
#896=CARTESIAN_POINT('',(45.4745322686235,-65.4574891052075,-58.2650032043457));
#897=CARTESIAN_POINT('',(45.5129318013961,-65.4986188466815,-58.2650032043457));
#898=CARTESIAN_POINT('',(45.5436514291963,-65.5315226380389,-58.2650032043457));
#899=CARTESIAN_POINT('',(45.566691145724,-65.5562004865345,-58.2650032043457));
#900=CARTESIAN_POINT('',(45.5897308787509,-65.5808783160306,-58.2650032043457));
#901=CARTESIAN_POINT('',(45.6089306048777,-65.6014432331276,-58.2650032043457));
#902=CARTESIAN_POINT('',(45.624290500879,-65.6178950342645,-58.2650032043457));
#903=CARTESIAN_POINT('',(45.6358101084178,-65.6302342472289,-58.2650032043457));
#904=CARTESIAN_POINT('',(45.6473309162556,-65.6425720780168,-58.2650032043457));
#905=CARTESIAN_POINT('',(45.6588472373591,-65.6549150753989,-58.2650032043457));
#906=CARTESIAN_POINT('',(45.6703803051011,-65.6672387885812,-58.2650032043457));
#907=CARTESIAN_POINT('',(45.6818508730233,-65.6796344719682,-58.2650032043457));
#908=CARTESIAN_POINT('',(45.6935546935865,-65.6917615587362,-58.2650032043457));
#909=CARTESIAN_POINT('',(45.7043880034053,-65.7048910617757,-58.2650032043457));
#910=CARTESIAN_POINT('',(45.7184701035606,-65.714279496348,-58.2650032043457));
#911=CARTESIAN_POINT('',(45.7322348738713,-65.7240333145407,-58.2650032043457));
#912=CARTESIAN_POINT('',(45.7460846717586,-65.7336892292921,-58.2650032043457));
#913=CARTESIAN_POINT('',(45.7599116891842,-65.7433713741878,-58.2650032043457));
#914=CARTESIAN_POINT('',(45.7737448008797,-65.7530465019483,-58.2650032043457));
#915=CARTESIAN_POINT('',(45.7921868209834,-65.7659491234906,-58.2650032043457));
#916=CARTESIAN_POINT('',(45.8152400766157,-65.7820765592944,-58.2650032043457));
#917=CARTESIAN_POINT('',(45.8429036701968,-65.8014298428617,-58.2650032043457));
#918=CARTESIAN_POINT('',(45.8705673476841,-65.8207830298167,-58.2650032043457));
#919=CARTESIAN_POINT('',(45.8982310027246,-65.8401362426178,-58.2650032043457));
#920=CARTESIAN_POINT('',(45.935115883953,-65.865940517324,-58.2650032043457));
#921=CARTESIAN_POINT('',(45.9812219827978,-65.8981958638049,-58.2650032043457));
#922=CARTESIAN_POINT('',(46.0365493025651,-65.936902278254,-58.2650032043457));
#923=CARTESIAN_POINT('',(46.0918766220236,-65.9756086930582,-58.2650032043457));
#924=CARTESIAN_POINT('',(46.1472039415636,-66.0143151077697,-58.2650032043457));
#925=CARTESIAN_POINT('',(46.2025312610864,-66.0530215224973,-58.2650032043457));
#926=CARTESIAN_POINT('',(46.2578585805967,-66.0917279372524,-58.2650032043457));
#927=CARTESIAN_POINT('',(46.313185900174,-66.1304343518821,-58.2650032043457));
#928=CARTESIAN_POINT('',(46.3592919996088,-66.1626896978018,-58.2650032043457));
#929=CARTESIAN_POINT('',(46.3961768796343,-66.1884939736525,-58.2650032043457));
#930=CARTESIAN_POINT('',(46.4238405383483,-66.2078471829589,-58.2650032043457));
#931=CARTESIAN_POINT('',(46.4515042020437,-66.227200383034,-58.2650032043457));
#932=CARTESIAN_POINT('',(46.4791678471187,-66.2465536176158,-58.2650032043457));
#933=CARTESIAN_POINT('',(46.5022209425981,-66.2626812057713,-58.2650032043457));
#934=CARTESIAN_POINT('',(46.5206632892913,-66.2755835166327,-58.2650032043457));
#935=CARTESIAN_POINT('',(46.534495403632,-66.2852595931653,-58.2650032043457));
#936=CARTESIAN_POINT('',(46.5483261655349,-66.2949381759833,-58.2650032043457));
#937=CARTESIAN_POINT('',(46.5621619828678,-66.3046073902731,-58.2650032043457));
#938=CARTESIAN_POINT('',(46.5759789309185,-66.3143115723904,-58.2650032043457));
#939=CARTESIAN_POINT('',(46.5898663006684,-66.3238852517256,-58.2650032043457));
#940=CARTESIAN_POINT('',(46.6060304259453,-66.3292383316781,-58.2650032043457));
#941=CARTESIAN_POINT('',(46.6215844964192,-66.3357223178234,-58.2650032043457));
#942=CARTESIAN_POINT('',(46.637302030578,-66.3419032785804,-58.2650032043457));
#943=CARTESIAN_POINT('',(46.6529757648003,-66.3481654346975,-58.2650032043457));
#944=CARTESIAN_POINT('',(46.6686612350837,-66.3544058347624,-58.2650032043457));
#945=CARTESIAN_POINT('',(46.6843435610592,-66.3606520636763,-58.2650032043457));
#946=CARTESIAN_POINT('',(46.7000267282055,-66.3668967332462,-58.2650032043457));
#947=CARTESIAN_POINT('',(46.7209373238999,-66.3752235040423,-58.2650032043457));
#948=CARTESIAN_POINT('',(46.7470756693456,-66.3856317806253,-58.2650032043457));
#949=CARTESIAN_POINT('',(46.7784416406586,-66.3981217926486,-58.2650032043457));
#950=CARTESIAN_POINT('',(46.8098076235344,-66.4106117832371,-58.2650032043457));
#951=CARTESIAN_POINT('',(46.8516289299966,-66.4272651115087,-58.2650032043457));
#952=CARTESIAN_POINT('',(46.9039055644592,-66.4480817692828,-58.2650032043457));
#953=CARTESIAN_POINT('',(46.9666375252249,-66.4730617596954,-58.2650032043457));
#954=CARTESIAN_POINT('',(47.0293694861328,-66.4980417498782,-58.2650032043457));
#955=CARTESIAN_POINT('',(47.0921014470613,-66.5230217398965,-58.2650032043457));
#956=CARTESIAN_POINT('',(47.1548334077651,-66.5480017308022,-58.2650032043457));
#957=CARTESIAN_POINT('',(47.2175653693469,-66.572981718323,-58.2650032043457));
#958=CARTESIAN_POINT('',(47.2802973276416,-66.5979617184958,-58.2650032043457));
#959=CARTESIAN_POINT('',(47.3430292982069,-66.6229416714458,-58.2650032043457));
#960=CARTESIAN_POINT('',(47.3953059021817,-66.6437584457702,-58.2650032043457));
#961=CARTESIAN_POINT('',(47.4371272708173,-66.6604115363624,-58.2650032043457));
#962=CARTESIAN_POINT('',(47.4684930638246,-66.672902252789,-58.2650032043457));
#963=CARTESIAN_POINT('',(47.4946319672885,-66.6833083252313,-58.2650032043457));
#964=CARTESIAN_POINT('',(47.5155414244957,-66.6916395929354,-58.2650032043457));
#965=CARTESIAN_POINT('',(47.5312280685183,-66.6978705292106,-58.2650032043457));
#966=CARTESIAN_POINT('',(47.5468973408539,-66.7041683186223,-58.2650032043457));
#967=CARTESIAN_POINT('',(47.5626315488204,-66.7102162099909,-58.2650032043457));
#968=CARTESIAN_POINT('',(47.5781233859501,-66.7171968403951,-58.2650032043457));
#969=CARTESIAN_POINT('',(47.5945197707964,-66.7206964127002,-58.2650032043457));
#970=CARTESIAN_POINT('',(47.6113509974883,-66.7225223924418,-58.2650032043457));
#971=CARTESIAN_POINT('',(47.6280657087275,-66.7247968096945,-58.2650032043457));
#972=CARTESIAN_POINT('',(47.6448116399316,-66.7269510694663,-58.2650032043457));
#973=CARTESIAN_POINT('',(47.6615492067292,-66.7291375216511,-58.2650032043457));
#974=CARTESIAN_POINT('',(47.6782890111878,-66.7313153616641,-58.2650032043457));
#975=CARTESIAN_POINT('',(47.700607968816,-66.7342221567142,-58.2650032043457));
#976=CARTESIAN_POINT('',(47.7285069340733,-66.7378546182104,-58.2650032043457));
#977=CARTESIAN_POINT('',(47.7619855773911,-66.7422140145756,-58.2650032043457));
#978=CARTESIAN_POINT('',(47.7954642515172,-66.7465732923682,-58.2650032043457));
#979=CARTESIAN_POINT('',(47.8289429174014,-66.7509326018815,-58.2650032043457));
#980=CARTESIAN_POINT('',(47.8735811414593,-66.7567450034854,-58.2650032043457));
#981=CARTESIAN_POINT('',(47.9293789205438,-66.7640105092922,-58.2650032043457));
#982=CARTESIAN_POINT('',(47.9963362558686,-66.7727291146321,-58.2650032043457));
#983=CARTESIAN_POINT('',(48.0632935910802,-66.781447720402,-58.2650032043457));
#984=CARTESIAN_POINT('',(48.1525700380686,-66.7930725279729,-58.2650032043457));
#985=CARTESIAN_POINT('',(48.241846485046,-66.8046973354179,-58.2650032043457));
#986=CARTESIAN_POINT('',(48.3311229320266,-66.8163221433319,-58.2650032043457));
#987=CARTESIAN_POINT('',(48.3869207113904,-66.8235876472106,-58.2650032043457));
#988=CARTESIAN_POINT('',(48.4315589348785,-66.8294000527585,-58.2650032043457));
#989=CARTESIAN_POINT('',(48.4650376025028,-66.8337593502253,-58.2650032043457));
#990=CARTESIAN_POINT('',(48.4985162700956,-66.8381186732459,-58.2650032043457));
#991=CARTESIAN_POINT('',(48.5264151598545,-66.8417513628292,-58.2650032043457));
#992=CARTESIAN_POINT('',(48.5487342714417,-66.84465769276,-58.2650032043457));
#993=CARTESIAN_POINT('',(48.565473605733,-66.8468369531759,-58.2650032043457));
#994=CARTESIAN_POINT('',(48.5822129377306,-66.8490180725886,-58.2650032043457));
#995=CARTESIAN_POINT('',(48.598952278302,-66.851192243046,-58.2650032043457));
#996=CARTESIAN_POINT('',(48.6156915868718,-66.8533923503285,-58.2650032043457));
#997=CARTESIAN_POINT('',(48.6324310148742,-66.8554956592653,-58.2650032043457));
#998=CARTESIAN_POINT('',(48.6491699971481,-66.8579602247602,-58.2650032043457));
#999=CARTESIAN_POINT('',(48.6659166368106,-66.8545921194058,-58.2650032043457));
#1000=CARTESIAN_POINT('',(48.6826612246822,-66.8527868734289,-58.2650032043457));
#1001=CARTESIAN_POINT('',(48.6994063623291,-66.8505628607912,-58.2650032043457));
#1002=CARTESIAN_POINT('',(48.7161513526654,-66.8484510554196,-58.2650032043457));
#1003=CARTESIAN_POINT('',(48.7328963824689,-66.8463091876444,-58.2650032043457));
#1004=CARTESIAN_POINT('',(48.7496414017141,-66.8441753622172,-58.2650032043457));
#1005=CARTESIAN_POINT('',(48.7719680977292,-66.8413274523299,-58.2650032043457));
#1006=CARTESIAN_POINT('',(48.7998764664824,-66.8377685289839,-58.2650032043457));
#1007=CARTESIAN_POINT('',(48.833366509529,-66.8334974076818,-58.2650032043457));
#1008=CARTESIAN_POINT('',(48.8668565524301,-66.8292263971068,-58.2650032043457));
#1009=CARTESIAN_POINT('',(48.9003465953701,-66.8249553569098,-58.2650032043457));
#1010=CARTESIAN_POINT('',(48.9449999859432,-66.8192606469946,-58.2650032043457));
#1011=CARTESIAN_POINT('',(49.0008167241644,-66.8121422560504,-58.2650032043457));
#1012=CARTESIAN_POINT('',(49.0677968100273,-66.8036001884376,-58.2650032043457));
#1013=CARTESIAN_POINT('',(49.1347768958925,-66.7950581204238,-58.2650032043457));
#1014=CARTESIAN_POINT('',(49.2017569817511,-66.786516052494,-58.2650032043457));
#1015=CARTESIAN_POINT('',(49.2687370676338,-66.7779739846287,-58.2650032043457));
#1016=CARTESIAN_POINT('',(49.3357171534267,-66.7694319164219,-58.2650032043457));
#1017=CARTESIAN_POINT('',(49.4026972395546,-66.7608898495161,-58.2650032043457));
#1018=CARTESIAN_POINT('',(49.4585139769527,-66.7537714563762,-58.2650032043457));
#1019=CARTESIAN_POINT('',(49.503167369204,-66.7480767509378,-58.2650032043457));
#1020=CARTESIAN_POINT('',(49.5366574070192,-66.7438056970696,-58.2650032043457));
#1021=CARTESIAN_POINT('',(49.5645657921375,-66.7402465643636,-58.2650032043457));
#1022=CARTESIAN_POINT('',(49.5868924547651,-66.7373990813513,-58.2650032043457));
#1023=CARTESIAN_POINT('',(49.6036375759736,-66.7352639523241,-58.2650032043457));
#1024=CARTESIAN_POINT('',(49.6203822229646,-66.7331269787928,-58.2650032043457));
#1025=CARTESIAN_POINT('',(49.6371286425877,-66.7309969000458,-58.2650032043457));
#1026=CARTESIAN_POINT('',(49.6538684458998,-66.7288410866652,-58.2650032043457));
#1027=CARTESIAN_POINT('',(49.6706329418237,-66.7267813170351,-58.2650032043457));
#1028=CARTESIAN_POINT('',(49.6873052836117,-66.7243631070365,-58.2650032043457));
#1029=CARTESIAN_POINT('',(49.7043215493316,-66.7232826147618,-58.2650032043457));
#1030=CARTESIAN_POINT('',(49.7200542734595,-66.7172096919596,-58.2650032043457));
#1031=CARTESIAN_POINT('',(49.735743643653,-66.7109682552233,-58.2650032043457));
#1032=CARTESIAN_POINT('',(49.7514446304028,-66.7047719712884,-58.2650032043457));
#1033=CARTESIAN_POINT('',(49.7671425048621,-66.6985635900822,-58.2650032043457));
#1034=CARTESIAN_POINT('',(49.7828412119268,-66.6923584451596,-58.2650032043457));
#1035=CARTESIAN_POINT('',(49.8037725305045,-66.6840837881117,-58.2650032043457));
#1036=CARTESIAN_POINT('',(49.8299367785286,-66.6737408547263,-58.2650032043457));
#1037=CARTESIAN_POINT('',(49.8613338333706,-66.6613291683535,-58.2650032043457));
#1038=CARTESIAN_POINT('',(49.8927308996771,-66.648917526543,-58.2650032043457));
#1039=CARTESIAN_POINT('',(49.9241279629121,-66.6365058727934,-58.2650032043457));
#1040=CARTESIAN_POINT('',(49.9555250269689,-66.6240942222377,-58.2650032043457));
#1041=CARTESIAN_POINT('',(49.9973877787575,-66.6075453537145,-58.2650032043457));
#1042=CARTESIAN_POINT('',(50.0497162185918,-66.5868592684435,-58.2650032043457));
#1043=CARTESIAN_POINT('',(50.1125103463503,-66.5620359659533,-58.2650032043457));
#1044=CARTESIAN_POINT('',(50.1753044741219,-66.5372126635104,-58.2650032043457));
#1045=CARTESIAN_POINT('',(50.2380986018837,-66.5123893610432,-58.2650032043457));
#1046=CARTESIAN_POINT('',(50.3008927296715,-66.4875660586259,-58.2650032043457));
#1047=CARTESIAN_POINT('',(50.3636868573653,-66.4627427560332,-58.2650032043457));
#1048=CARTESIAN_POINT('',(50.4160152974015,-66.4420566710823,-58.2650032043457));
#1049=CARTESIAN_POINT('',(50.4578780487784,-66.4255078019062,-58.2650032043457));
#1050=CARTESIAN_POINT('',(50.4892751140924,-66.4130961533444,-58.2650032043457));
#1051=CARTESIAN_POINT('',(50.520672172607,-66.4006844921091,-58.2650032043457));
#1052=CARTESIAN_POINT('',(50.5520692565379,-66.3882728782477,-58.2650032043457));
#1053=CARTESIAN_POINT('',(50.5834662456033,-66.375861087564,-58.2650032043457));
#1054=CARTESIAN_POINT('',(50.6096306981957,-66.3655184785905,-58.2650032043457));
#1055=CARTESIAN_POINT('',(50.6305615996114,-66.3572431599918,-58.2650032043457));
#1056=CARTESIAN_POINT('',(50.646261580625,-66.3510400353446,-58.2650032043457));
#1057=CARTESIAN_POINT('',(50.6619546721605,-66.3448240692001,-58.2650032043457));
#1058=CARTESIAN_POINT('',(50.6776735166564,-66.3386561047431,-58.2650032043457));
#1059=CARTESIAN_POINT('',(50.6932962387891,-66.3323089750335,-58.2650032043457));
#1060=CARTESIAN_POINT('',(50.7092776974141,-66.3266305046468,-58.2650032043457));
#1061=CARTESIAN_POINT('',(50.7225596906449,-66.3159200751582,-58.2650032043457));
#1062=CARTESIAN_POINT('',(50.7365650034459,-66.3065579550431,-58.2650032043457));
#1063=CARTESIAN_POINT('',(50.7503765033605,-66.2968345565357,-58.2650032043457));
#1064=CARTESIAN_POINT('',(50.7642399352507,-66.2872079622246,-58.2650032043457));
#1065=CARTESIAN_POINT('',(50.7780894521245,-66.2775554295204,-58.2650032043457));
#1066=CARTESIAN_POINT('',(50.7919426970886,-66.2679098461917,-58.2650032043457));
#1067=CARTESIAN_POINT('',(50.8057949447078,-66.2582624037546,-58.2650032043457));
#1068=CARTESIAN_POINT('',(50.8242649565857,-66.2453997965825,-58.2650032043457));
#1069=CARTESIAN_POINT('',(50.8473523519036,-66.2293213148078,-58.2650032043457));
#1070=CARTESIAN_POINT('',(50.8750572774479,-66.2100272320484,-58.2650032043457));
#1071=CARTESIAN_POINT('',(50.9119971603015,-66.1843017550549,-58.2650032043457));
#1072=CARTESIAN_POINT('',(50.9581720200024,-66.1521449202459,-58.2650032043457));
#1073=CARTESIAN_POINT('',(51.0135818490086,-66.1135567135676,-58.2650032043457));
#1074=CARTESIAN_POINT('',(51.0689916787404,-66.074968508227,-58.2650032043457));
#1075=CARTESIAN_POINT('',(51.1244015082048,-66.0363803024434,-58.2650032043457));
#1076=CARTESIAN_POINT('',(51.1798113380133,-65.9977920970936,-58.2650032043457));
#1077=CARTESIAN_POINT('',(51.2352211667125,-65.9592038904518,-58.2650032043457));
#1078=CARTESIAN_POINT('',(51.2906309995047,-65.9206156885442,-58.2650032043457));
#1079=CARTESIAN_POINT('',(51.3368058474461,-65.8884588389172,-58.2650032043457));
#1080=CARTESIAN_POINT('',(51.3737457542779,-65.8627333921383,-58.2650032043457));
#1081=CARTESIAN_POINT('',(51.4014506065968,-65.8434392171082,-58.2650032043457));
#1082=CARTESIAN_POINT('',(51.429155755896,-65.8241453854005,-58.2650032043457));
#1083=CARTESIAN_POINT('',(51.4568597950793,-65.8048502703491,-58.2650032043457));
#1084=CARTESIAN_POINT('',(51.4845679777459,-65.7855599453499,-58.2650032043457));
#1085=CARTESIAN_POINT('',(51.5122606965949,-65.7662517434856,-58.2650032043457));
#1086=CARTESIAN_POINT('',(51.540011127231,-65.7470102590301,-58.2650032043457));
#1087=CARTESIAN_POINT('',(51.5629569999854,-65.7307681946748,-58.2650032043457));
#1088=CARTESIAN_POINT('',(51.5817156089572,-65.7182391700282,-58.2650032043457));
#1089=CARTESIAN_POINT('',(51.5946865250467,-65.7075730174158,-58.2650032043457));
#1090=CARTESIAN_POINT('',(51.6058441964122,-65.6948107739463,-58.2650032043457));
#1091=CARTESIAN_POINT('',(51.6174877249504,-65.6826101759978,-58.2650032043457));
#1092=CARTESIAN_POINT('',(51.6290010695219,-65.6702590868226,-58.2650032043457));
#1093=CARTESIAN_POINT('',(51.6405492927876,-65.6579483170325,-58.2650032043457));
#1094=CARTESIAN_POINT('',(51.652088185243,-65.645626760929,-58.2650032043457));
#1095=CARTESIAN_POINT('',(51.6674766345797,-65.6292017872833,-58.2650032043457));
#1096=CARTESIAN_POINT('',(51.6867110778051,-65.6086692773158,-58.2650032043457));
#1097=CARTESIAN_POINT('',(51.7097928891193,-65.5840308195862,-58.2650032043457));
#1098=CARTESIAN_POINT('',(51.7328745721718,-65.5593922135876,-58.2650032043457));
#1099=CARTESIAN_POINT('',(51.7636501943788,-65.5265407907155,-58.2650032043457));
#1100=CARTESIAN_POINT('',(51.8021197067644,-65.4854764943536,-58.2650032043457));
#1101=CARTESIAN_POINT('',(51.8482831282125,-65.4361993463343,-58.2650032043457));
#1102=CARTESIAN_POINT('',(51.8944465479163,-65.3869221962902,-58.2650032043457));
#1103=CARTESIAN_POINT('',(51.9406099680121,-65.3376450467303,-58.2650032043457));
#1104=CARTESIAN_POINT('',(51.9867733882842,-65.2883678972582,-58.2650032043457));
#1105=CARTESIAN_POINT('',(52.0329368074591,-65.2390907469507,-58.2650032043457));
#1106=CARTESIAN_POINT('',(52.0791002308466,-65.189813599897,-58.2650032043457));
#1107=CARTESIAN_POINT('',(52.1175697372082,-65.1487493005355,-58.2650032043457));
#1108=CARTESIAN_POINT('',(52.1483453716985,-65.1158978837798,-58.2650032043457));
#1109=CARTESIAN_POINT('',(52.1714270172397,-65.0912592591026,-58.2650032043457));
#1110=CARTESIAN_POINT('',(52.1945089693866,-65.0666208715,-58.2650032043457));
#1111=CARTESIAN_POINT('',(52.2175897754374,-65.0419815977099,-58.2650032043457));
#1112=CARTESIAN_POINT('',(52.2406748592669,-65.0173456315949,-58.2650032043457));
#1113=CARTESIAN_POINT('',(52.2637439780776,-64.9926973209672,-58.2650032043457));
#1114=CARTESIAN_POINT('',(52.2868726791848,-64.9680950807153,-58.2650032043457));
#1115=CARTESIAN_POINT('',(52.3059612933016,-64.9474499330132,-58.2650032043457));
#1116=CARTESIAN_POINT('',(52.3216471217807,-64.9312546536447,-58.2650032043457));
#1117=CARTESIAN_POINT('',(52.3322778636667,-64.9182316462343,-58.2650032043457));
#1118=CARTESIAN_POINT('',(52.3408636939533,-64.9036275388427,-58.2650032043457));
#1119=CARTESIAN_POINT('',(52.3499974563281,-64.8894470856641,-58.2650032043457));
#1120=CARTESIAN_POINT('',(52.3589844019493,-64.8751531156146,-58.2650032043457));
#1121=CARTESIAN_POINT('',(52.3680106824963,-64.8608895588359,-58.2650032043457));
#1122=CARTESIAN_POINT('',(52.377026440094,-64.8466178658449,-58.2650032043457));
#1123=CARTESIAN_POINT('',(52.389051126053,-64.8275917839614,-58.2650032043457));
#1124=CARTESIAN_POINT('',(52.4040807221596,-64.8038082063534,-58.2650032043457));
#1125=CARTESIAN_POINT('',(52.4221167781865,-64.7752683312853,-58.2650032043457));
#1126=CARTESIAN_POINT('',(52.4401526895647,-64.7467283443766,-58.2650032043457));
#1127=CARTESIAN_POINT('',(52.4642006219303,-64.7086750675661,-58.2650032043457));
#1128=CARTESIAN_POINT('',(52.4942605200486,-64.6611084581467,-58.2650032043457));
#1129=CARTESIAN_POINT('',(52.5303324052246,-64.6040285325913,-58.2650032043457));
#1130=CARTESIAN_POINT('',(52.5664042884065,-64.5469486054947,-58.2650032043457));
#1131=CARTESIAN_POINT('',(52.6024761721305,-64.4898686788151,-58.2650032043457));
#1132=CARTESIAN_POINT('',(52.6385480556803,-64.4327887520088,-58.2650032043457));
#1133=CARTESIAN_POINT('',(52.6746199393847,-64.3757088252923,-58.2650032043457));
#1134=CARTESIAN_POINT('',(52.710691822645,-64.3186288983433,-58.2650032043457));
#1135=CARTESIAN_POINT('',(52.7467637075272,-64.2615489722342,-58.2650032043457));
#1136=CARTESIAN_POINT('',(52.7768236065596,-64.2139823645377,-58.2650032043457));
#1137=CARTESIAN_POINT('',(52.800871537061,-64.1759290842138,-58.2650032043457));
#1138=CARTESIAN_POINT('',(52.8189074541324,-64.1473891080344,-58.2650032043457));
#1139=CARTESIAN_POINT('',(52.8369434887847,-64.1188491926842,-58.2650032043457));
#1140=CARTESIAN_POINT('',(52.8519731513958,-64.0950657404088,-58.2650032043457));
#1141=CARTESIAN_POINT('',(52.863997701732,-64.0760394029344,-58.2650032043457));
#1142=CARTESIAN_POINT('',(52.8730138735021,-64.061768490481,-58.2650032043457));
#1143=CARTESIAN_POINT('',(52.8820385990766,-64.047502003245,-58.2650032043457));
#1144=CARTESIAN_POINT('',(52.8910313504154,-64.0332189744871,-58.2650032043457));
#1145=CARTESIAN_POINT('',(52.9001434448926,-64.0189976865994,-58.2650032043457));
#1146=CARTESIAN_POINT('',(52.9088101410517,-64.004545976753,-58.2650032043457));
#1147=CARTESIAN_POINT('',(52.9146491657875,-63.9886315244417,-58.2650032043457));
#1148=CARTESIAN_POINT('',(52.9212458623502,-63.9731090125611,-58.2650032043457));
#1149=CARTESIAN_POINT('',(52.927639543028,-63.9574814814221,-58.2650032043457));
#1150=CARTESIAN_POINT('',(52.9340876154189,-63.9418820868862,-58.2650032043457));
#1151=CARTESIAN_POINT('',(52.940521136842,-63.9262751651962,-58.2650032043457));
#1152=CARTESIAN_POINT('',(52.9491042482839,-63.9054685656273,-58.2650032043457));
#1153=CARTESIAN_POINT('',(52.9598313934224,-63.8794594139177,-58.2650032043457));
#1154=CARTESIAN_POINT('',(52.9727047152586,-63.8482488186327,-58.2650032043457));
#1155=CARTESIAN_POINT('',(52.9855778370768,-63.8170381198792,-58.2650032043457));
#1156=CARTESIAN_POINT('',(53.0027420693705,-63.7754238910177,-58.2650032043457));
#1157=CARTESIAN_POINT('',(53.0241973357623,-63.7234060925384,-58.2650032043457));
#1158=CARTESIAN_POINT('',(53.0499436657097,-63.66098473968,-58.2650032043457));
#1159=CARTESIAN_POINT('',(53.0756899929088,-63.5985633853987,-58.2650032043457));
#1160=CARTESIAN_POINT('',(53.1014363208236,-63.5361420314921,-58.2650032043457));
#1161=CARTESIAN_POINT('',(53.1271826486239,-63.4737206775098,-58.2650032043457));
#1162=CARTESIAN_POINT('',(53.1529289761666,-63.4112993234552,-58.2650032043457));
#1163=CARTESIAN_POINT('',(53.1786753048542,-63.3488779697656,-58.2650032043457));
#1164=CARTESIAN_POINT('',(53.2044216292199,-63.2864566146886,-58.2650032043457));
#1165=CARTESIAN_POINT('',(53.2258769129767,-63.2344388231118,-58.2650032043457));
#1166=CARTESIAN_POINT('',(53.2430411098583,-63.1928245801743,-58.2650032043457));
#1167=CARTESIAN_POINT('',(53.2559143398196,-63.1616139244067,-58.2650032043457));
#1168=CARTESIAN_POINT('',(53.2687872556427,-63.1304031677352,-58.2650032043457));
#1169=CARTESIAN_POINT('',(53.279515664039,-63.1043945181589,-58.2650032043457));
#1170=CARTESIAN_POINT('',(53.2880961993202,-63.0835868945899,-58.2650032043457));
#1171=CARTESIAN_POINT('',(53.2945375879623,-63.0679831000474,-58.2650032043457));
#1172=CARTESIAN_POINT('',(53.3009561235977,-63.0523719649216,-58.2650032043457));
#1173=CARTESIAN_POINT('',(53.3074600840788,-63.0367882689948,-58.2650032043457));
#1174=CARTESIAN_POINT('',(53.3136451981838,-63.0211021568552,-58.2650032043457));
#1175=CARTESIAN_POINT('',(53.3210202729474,-63.0057982703677,-58.2650032043457));
#1176=CARTESIAN_POINT('',(53.3239543514527,-62.989067897485,-58.2650032043457));
#1177=CARTESIAN_POINT('',(53.3280559274654,-62.9727125420475,-58.2650032043457));
#1178=CARTESIAN_POINT('',(53.3318446760357,-62.9562567018145,-58.2650032043457));
#1179=CARTESIAN_POINT('',(53.3357172368681,-62.9398277833181,-58.2650032043457));
#1180=CARTESIAN_POINT('',(53.3395673760949,-62.9233916626709,-58.2650032043457));
#1181=CARTESIAN_POINT('',(53.3447087272771,-62.9014793509637,-58.2650032043457));
#1182=CARTESIAN_POINT('',(53.3511327286704,-62.8740880980379,-58.2650032043457));
#1183=CARTESIAN_POINT('',(53.3588426824282,-62.841218964594,-58.2650032043457));
#1184=CARTESIAN_POINT('',(53.3665523279779,-62.8083497321491,-58.2650032043457));
#1185=CARTESIAN_POINT('',(53.3768319630395,-62.7645241234718,-58.2650032043457));
#1186=CARTESIAN_POINT('',(53.3896814699219,-62.7097421007581,-58.2650032043457));
#1187=CARTESIAN_POINT('',(53.4051008940219,-62.6440036785897,-58.2650032043457));
#1188=CARTESIAN_POINT('',(53.4205203138686,-62.5782652550567,-58.2650032043457));
#1189=CARTESIAN_POINT('',(53.4359397348875,-62.5125268318941,-58.2650032043457));
#1190=CARTESIAN_POINT('',(53.4564989623323,-62.4248756008546,-58.2650032043457));
#1191=CARTESIAN_POINT('',(53.4770581909144,-62.3372243700098,-58.2650032043457));
#1192=CARTESIAN_POINT('',(53.4976174165199,-62.2495731386982,-58.2650032043457));
#1193=CARTESIAN_POINT('',(53.5104669390171,-62.1947911201335,-58.2650032043457));
#1194=CARTESIAN_POINT('',(53.5207465421741,-62.1509655029861,-58.2650032043457));
#1195=CARTESIAN_POINT('',(53.5284562851677,-62.1180962964095,-58.2650032043457));
#1196=CARTESIAN_POINT('',(53.5361658730783,-62.0852270658448,-58.2650032043457));
#1197=CARTESIAN_POINT('',(53.542591012759,-62.0578361150981,-58.2650032043457));
#1198=CARTESIAN_POINT('',(53.5477300426326,-62.0359231871573,-58.2650032043457));
#1199=CARTESIAN_POINT('',(53.5515872707976,-62.0194889483981,-58.2650032043457));
#1200=CARTESIAN_POINT('',(53.5554332168587,-62.0030529645249,-58.2650032043457));
#1201=CARTESIAN_POINT('',(53.5593213355759,-61.986623503911,-58.2650032043457));
#1202=CARTESIAN_POINT('',(53.5630520457725,-61.9701696953741,-58.2650032043457));
#1203=CARTESIAN_POINT('',(53.5673702173951,-61.9538067552698,-58.2650032043457));
#1204=CARTESIAN_POINT('',(53.5694959518345,-61.9371046893581,-58.2650032043457));
#1205=CARTESIAN_POINT('',(53.5709433636057,-61.9146207489704,-58.2650032043457));
#1206=CARTESIAN_POINT('',(53.5732285416647,-61.8865894354814,-58.2650032043457));
#1207=CARTESIAN_POINT('',(53.5757667225016,-61.8529203004735,-58.2650032043457));
#1208=CARTESIAN_POINT('',(53.5783595733222,-61.8192596215569,-58.2650032043457));
#1209=CARTESIAN_POINT('',(53.5809377770421,-61.7855966770967,-58.2650032043457));
#1210=CARTESIAN_POINT('',(53.5835198991807,-61.7519343387189,-58.2650032043457));
#1211=CARTESIAN_POINT('',(53.5869613599339,-61.7070510091677,-58.2650032043457));
#1212=CARTESIAN_POINT('',(53.5912636555649,-61.6509469198781,-58.2650032043457));
#1213=CARTESIAN_POINT('',(53.5964262089601,-61.5836219815848,-58.2650032043457));
#1214=CARTESIAN_POINT('',(53.6015888163,-61.516297051636,-58.2650032043457));
#1215=CARTESIAN_POINT('',(53.6067514092229,-61.4489721194547,-58.2650032043457));
#1216=CARTESIAN_POINT('',(53.6136348714181,-61.3592055439938,-58.2650032043457));
#1217=CARTESIAN_POINT('',(53.6205183326596,-61.2694389683123,-58.2650032043457));
#1218=CARTESIAN_POINT('',(53.6274017930385,-61.1796723927071,-58.2650032043457));
#1219=CARTESIAN_POINT('',(53.6325643918645,-61.1123474609951,-58.2650032043457));
#1220=CARTESIAN_POINT('',(53.636866546106,-61.0562433512301,-58.2650032043457));
#1221=CARTESIAN_POINT('',(53.6403082952007,-61.0113600634341,-58.2650032043457));
#1222=CARTESIAN_POINT('',(53.6424593298544,-60.9833080085243,-58.2650032043457));
#1223=CARTESIAN_POINT('',(53.6441802916251,-60.960866364682,-58.2650032043457));
#1224=CARTESIAN_POINT('',(53.6454706459283,-60.9440351315659,-58.2650032043457));
#1225=CARTESIAN_POINT('',(53.6467624013071,-60.9272038993446,-58.2650032043457));
#1226=CARTESIAN_POINT('',(53.6480489194084,-60.9103726637783,-58.2650032043457));
#1227=CARTESIAN_POINT('',(53.6493549855438,-60.8935414406976,-58.2650032043457));
#1228=CARTESIAN_POINT('',(53.6505880968202,-60.8767101710194,-58.2650032043457));
#1229=CARTESIAN_POINT('',(53.6520934794987,-60.8598790752453,-58.2650032043457));
#1230=CARTESIAN_POINT('',(53.6500845713685,-60.8430454560692,-58.2650032043457));
#1231=CARTESIAN_POINT('',(53.649017306881,-60.8262125130312,-58.2650032043457));
#1232=CARTESIAN_POINT('',(53.6476977586319,-60.8093793888432,-58.2650032043457));
#1233=CARTESIAN_POINT('',(53.6464457017861,-60.7925463131168,-58.2650032043457));
#1234=CARTESIAN_POINT('',(53.6447527168562,-60.7701021952199,-58.2650032043457));
#1235=CARTESIAN_POINT('',(53.642644575702,-60.7420470536577,-58.2650032043457));
#1236=CARTESIAN_POINT('',(53.6401113379811,-60.7083808812926,-58.2650032043457));
#1237=CARTESIAN_POINT('',(53.6375790295904,-60.6747147095949,-58.2650032043457));
#1238=CARTESIAN_POINT('',(53.6350464722149,-60.6410485377184,-58.2650032043457));
#1239=CARTESIAN_POINT('',(53.6325139814483,-60.6073823658896,-58.2650032043457));
#1240=CARTESIAN_POINT('',(53.629137303825,-60.5624941367681,-58.2650032043457));
#1241=CARTESIAN_POINT('',(53.624916464783,-60.5063838503713,-58.2650032043457));
#1242=CARTESIAN_POINT('',(53.6198514544957,-60.4390515066949,-58.2650032043457));
#1243=CARTESIAN_POINT('',(53.6147864451769,-60.3717191630113,-58.2650032043457));
#1244=CARTESIAN_POINT('',(53.6097214354211,-60.3043868193568,-58.2650032043457));
#1245=CARTESIAN_POINT('',(53.6046564264444,-60.2370544755931,-58.2650032043457));
#1246=CARTESIAN_POINT('',(53.5995914147886,-60.1697221322372,-58.2650032043457));
#1247=CARTESIAN_POINT('',(53.5945264130698,-60.1023897873594,-58.2650032043457));
#1248=CARTESIAN_POINT('',(53.5894613742825,-60.0350574481611,-58.2650032043457));
#1249=CARTESIAN_POINT('',(53.5852406239069,-59.9789471478327,-58.2650032043457));
#1250=CARTESIAN_POINT('',(53.5818637654677,-59.9340589471218,-58.2650032043457));
#1251=CARTESIAN_POINT('',(53.5793318268862,-59.9003926885308,-58.2650032043457));
#1252=CARTESIAN_POINT('',(53.5772196347995,-59.8723378167513,-58.2650032043457));
#1253=CARTESIAN_POINT('',(53.5755349123514,-59.8498931484454,-58.2650032043457));
#1254=CARTESIAN_POINT('',(53.5742576228127,-59.8330617536348,-58.2650032043457));
#1255=CARTESIAN_POINT('',(53.5730328084741,-59.8162223185904,-58.2650032043457));
#1256=CARTESIAN_POINT('',(53.5716118410378,-59.7994129380625,-58.2650032043457));
#1257=CARTESIAN_POINT('',(53.5709230107919,-59.7824913797019,-58.2650032043457));
#1258=CARTESIAN_POINT('',(53.5675017848822,-59.765988478156,-58.2650032043457));
#1259=CARTESIAN_POINT('',(53.5635597199177,-59.7495653957235,-58.2650032043457));
#1260=CARTESIAN_POINT('',(53.5597572132749,-59.7331209258367,-58.2650032043457));
#1261=CARTESIAN_POINT('',(53.5559173124,-59.7166821866538,-58.2650032043457));
#1262=CARTESIAN_POINT('',(53.552087430132,-59.7002419121093,-58.2650032043457));
#1263=CARTESIAN_POINT('',(53.5482548676684,-59.6838020483074,-58.2650032043457));
#1264=CARTESIAN_POINT('',(53.5431457206177,-59.6618820864262,-58.2650032043457));
#1265=CARTESIAN_POINT('',(53.5367589655371,-59.6344821833091,-58.2650032043457));
#1266=CARTESIAN_POINT('',(53.5290949971725,-59.6016022784611,-58.2650032043457));
#1267=CARTESIAN_POINT('',(53.5214309919069,-59.5687223792682,-58.2650032043457));
#1268=CARTESIAN_POINT('',(53.5137669965131,-59.5358424785624,-58.2650032043457));
#1269=CARTESIAN_POINT('',(53.5035483325396,-59.4920026114831,-58.2650032043457));
#1270=CARTESIAN_POINT('',(53.4907750037566,-59.4372027774526,-58.2650032043457));
#1271=CARTESIAN_POINT('',(53.4754470087072,-59.3714429766944,-58.2650032043457));
#1272=CARTESIAN_POINT('',(53.4601190138027,-59.3056831759126,-58.2650032043457));
#1273=CARTESIAN_POINT('',(53.4447910188282,-59.239923375147,-58.2650032043457));
#1274=CARTESIAN_POINT('',(53.429463023989,-59.1741635743399,-58.2650032043457));
#1275=CARTESIAN_POINT('',(53.4141350286788,-59.1084037736828,-58.2650032043457));
#1276=CARTESIAN_POINT('',(53.3988070351169,-59.0426439724672,-58.2650032043457));
#1277=CARTESIAN_POINT('',(53.3860337017137,-58.9878441398575,-58.2650032043457));
#1278=CARTESIAN_POINT('',(53.3758150471609,-58.9440042698811,-58.2650032043457));
#1279=CARTESIAN_POINT('',(53.3681510229978,-58.9111243780228,-58.2650032043457));
#1280=CARTESIAN_POINT('',(53.360487125744,-58.8782444456127,-58.2650032043457));
#1281=CARTESIAN_POINT('',(53.3528227541015,-58.845364664786,-58.2650032043457));
#1282=CARTESIAN_POINT('',(53.3451601531045,-58.8124843181773,-58.2650032043457));
#1283=CARTESIAN_POINT('',(53.3387691454458,-58.7850857889573,-58.2650032043457));
#1284=CARTESIAN_POINT('',(53.3336686703829,-58.7631630253828,-58.2650032043457));
#1285=CARTESIAN_POINT('',(53.3298096249905,-58.746731717525,-58.2650032043457));
#1286=CARTESIAN_POINT('',(53.3260791704471,-58.7302593204745,-58.2650032043457));
#1287=CARTESIAN_POINT('',(53.3218680416026,-58.7139405153715,-58.2650032043457));
#1288=CARTESIAN_POINT('',(53.3148664263025,-58.6985134788921,-58.2650032043457));
#1289=CARTESIAN_POINT('',(53.3086125191533,-58.6828474938712,-58.2650032043457));
#1290=CARTESIAN_POINT('',(53.302158265856,-58.6672455343926,-58.2650032043457));
#1291=CARTESIAN_POINT('',(53.2957576890001,-58.6516264212861,-58.2650032043457));
#1292=CARTESIAN_POINT('',(53.2893427525267,-58.6360118971489,-58.2650032043457));
#1293=CARTESIAN_POINT('',(53.2807945199341,-58.6151909286339,-58.2650032043457));
#1294=CARTESIAN_POINT('',(53.270107507947,-58.5891652680568,-58.2650032043457));
#1295=CARTESIAN_POINT('',(53.257283831487,-58.5579342395424,-58.2650032043457));
#1296=CARTESIAN_POINT('',(53.2444599573233,-58.5267032742091,-58.2650032043457));
#1297=CARTESIAN_POINT('',(53.2316361360496,-58.4954722919734,-58.2650032043457));
#1298=CARTESIAN_POINT('',(53.2145376892094,-58.4538309882301,-58.2650032043457));
#1299=CARTESIAN_POINT('',(53.193164636999,-58.4017793565249,-58.2650032043457));
#1300=CARTESIAN_POINT('',(53.1675169716286,-58.3393173993477,-58.2650032043457));
#1301=CARTESIAN_POINT('',(53.141869306986,-58.2768554419359,-58.2650032043457));
#1302=CARTESIAN_POINT('',(53.11622164215,-58.2143934845933,-58.2650032043457));
#1303=CARTESIAN_POINT('',(53.0905739773595,-58.1519315272085,-58.2650032043457));
#1304=CARTESIAN_POINT('',(53.0649263125807,-58.0894695699234,-58.2650032043457));
#1305=CARTESIAN_POINT('',(53.0435532585215,-58.0374179385553,-58.2650032043457));
#1306=CARTESIAN_POINT('',(53.0264548154527,-57.9957766341243,-58.2650032043457));
#1307=CARTESIAN_POINT('',(53.0136309826616,-57.9645456539887,-58.2650032043457));
#1308=CARTESIAN_POINT('',(53.0008071517394,-57.9333146807709,-58.2650032043457));
#1309=CARTESIAN_POINT('',(52.9879833138308,-57.9020836816943,-58.2650032043457));
#1310=CARTESIAN_POINT('',(52.9751595019988,-57.8708527791351,-58.2650032043457));
#1311=CARTESIAN_POINT('',(52.9644729110392,-57.8448267268267,-58.2650032043457));
#1312=CARTESIAN_POINT('',(52.955923819872,-57.8240065571431,-58.2650032043457));
#1313=CARTESIAN_POINT('',(52.9495115053551,-57.8083895934964,-58.2650032043457));
#1314=CARTESIAN_POINT('',(52.9431010846041,-57.7927796393042,-58.2650032043457));
#1315=CARTESIAN_POINT('',(52.9366835849308,-57.7771434836777,-58.2650032043457));
#1316=CARTESIAN_POINT('',(52.9302925071809,-57.7616051243345,-58.2650032043457));
#1317=CARTESIAN_POINT('',(52.9238028206595,-57.745701781292,-58.2650032043457));
#1318=CARTESIAN_POINT('',(52.9176811473008,-57.7311605767635,-58.2650032043457));
#1319=CARTESIAN_POINT('',(52.9126844024753,-57.7180773935068,-58.2650032043457));
#1320=CARTESIAN_POINT('',(52.9110402914301,-57.7146978401941,-58.2650032043457));
#1321=CARTESIAN_POINT('',(52.9110405370693,-57.7146983451182,-58.2650032043457));
#1322=CARTESIAN_POINT('',(1.61059951782226,67.9426442119141,-58.2650032043457));
#1323=CARTESIAN_POINT('',(-54.396172,67.9426400000001,-58.2650032043457));
#1324=CARTESIAN_POINT('',(-54.396172,48.9841056666667,-58.2650032043457));
#1325=CARTESIAN_POINT('',(-54.396172,30.0255713333334,-58.2650032043457));
#1326=CARTESIAN_POINT('',(-54.396172,11.0670370000001,-58.2650032043457));
#1327=CARTESIAN_POINT('',(-54.396172,67.94264,-58.2650032043457));
#1328=CARTESIAN_POINT('',(-54.396172,11.067037,-58.2650032043457));
#1329=CARTESIAN_POINT('',(-7.00936400000001,67.9426400000001,-58.2650032043457));
#1330=CARTESIAN_POINT('',(-22.8049666666667,67.9426400000001,-58.2650032043457));
#1331=CARTESIAN_POINT('',(-38.6005693333334,67.9426400000001,-58.2650032043457));
#1332=CARTESIAN_POINT('',(-54.396172,67.9426400000001,-58.2650032043457));
#1333=CARTESIAN_POINT('',(-7.009364,67.94264,-58.2650032043457));
#1334=CARTESIAN_POINT('',(-54.396172,11.0670370000001,-58.2650032043457));
#1335=CARTESIAN_POINT('',(-53.3961894528811,11.0670370000001,-58.2650032043457));
#1336=CARTESIAN_POINT('',(-51.3962243586446,11.0670370000001,-58.2650032043457));
#1337=CARTESIAN_POINT('',(-48.3962767172887,11.0670370000001,-58.2650032043457));
#1338=CARTESIAN_POINT('',(-45.3963290759331,11.0670370000001,-58.2650032043457));
#1339=CARTESIAN_POINT('',(-42.8963727081367,11.0670370000001,-58.2650032043457));
#1340=CARTESIAN_POINT('',(-40.8964076138996,11.0670370000001,-58.2650032043457));
#1341=CARTESIAN_POINT('',(-39.3964337932217,11.0670370000001,-58.2650032043457));
#1342=CARTESIAN_POINT('',(-37.8964599725439,11.0670370000001,-58.2650032043457));
#1343=CARTESIAN_POINT('',(-36.396486151866,11.0670370000001,-58.2650032043457));
#1344=CARTESIAN_POINT('',(-34.8965123311882,11.0670370000001,-58.2650032043457));
#1345=CARTESIAN_POINT('',(-33.3965385105104,11.0670370000001,-58.2650032043457));
#1346=CARTESIAN_POINT('',(-31.8965646898325,11.0670370000001,-58.2650032043457));
#1347=CARTESIAN_POINT('',(-30.6465865059344,11.0670370000001,-58.2650032043457));
#1348=CARTESIAN_POINT('',(-29.6466039588158,11.0670370000001,-58.2650032043457));
#1349=CARTESIAN_POINT('',(-28.8966170484769,11.0670370000001,-58.2650032043457));
#1350=CARTESIAN_POINT('',(-28.146630138138,11.0670370000001,-58.2650032043457));
#1351=CARTESIAN_POINT('',(-27.5216410461889,11.0670370000001,-58.2650032043457));
#1352=CARTESIAN_POINT('',(-27.0216497726296,11.0670370000001,-58.2650032043457));
#1353=CARTESIAN_POINT('',(-26.6466563174601,11.0670370000001,-58.2650032043457));
#1354=CARTESIAN_POINT('',(-26.2716628622907,11.0670370000001,-58.2650032043457));
#1355=CARTESIAN_POINT('',(-25.8966694071212,11.0670370000001,-58.2650032043457));
#1356=CARTESIAN_POINT('',(-25.5841748611467,11.0670370000001,-58.2650032043457));
#1357=CARTESIAN_POINT('',(-25.334179224367,11.0670370000001,-58.2650032043457));
#1358=CARTESIAN_POINT('',(-25.1466824967823,11.0670370000001,-58.2650032043457));
#1359=CARTESIAN_POINT('',(-24.9591857691976,11.0670370000001,-58.2650032043457));
#1360=CARTESIAN_POINT('',(-24.7716890416128,11.0670370000001,-58.2650032043457));
#1361=CARTESIAN_POINT('',(-24.5841923140281,11.0670370000001,-58.2650032043457));
#1362=CARTESIAN_POINT('',(-24.4279450410408,11.0670370000001,-58.2650032043457));
#1363=CARTESIAN_POINT('',(-24.302947222651,11.0670370000001,-58.2650032043457));
#1364=CARTESIAN_POINT('',(-24.2091988588587,11.0670370000001,-58.2650032043457));
#1365=CARTESIAN_POINT('',(-24.1154504950663,11.0670370000001,-58.2650032043457));
#1366=CARTESIAN_POINT('',(-24.021702131274,11.0670370000001,-58.2650032043457));
#1367=CARTESIAN_POINT('',(-23.9435784947803,11.0670370000002,-58.2650032043457));
#1368=CARTESIAN_POINT('',(-23.8810795855854,11.0670369999999,-58.2650032043457));
#1369=CARTESIAN_POINT('',(-23.8342054036892,11.0670370000008,-58.2650032043457));
#1370=CARTESIAN_POINT('',(-23.7873312217929,11.0670369999975,-58.2650032043457));
#1371=CARTESIAN_POINT('',(-23.7404570398974,11.0670370000097,-58.2650032043457));
#1372=CARTESIAN_POINT('',(-23.7013952216482,11.0670369999719,-58.2650032043457));
#1373=CARTESIAN_POINT('',(-23.6701457670556,11.0670370000489,-58.2650032043457));
#1374=CARTESIAN_POINT('',(-23.6467086760926,11.0670369998139,-58.2650032043457));
#1375=CARTESIAN_POINT('',(-23.627177767016,11.0670370005492,-58.2650032043457));
#1376=CARTESIAN_POINT('',(-23.6115530396219,11.067036999049,-58.2650032043457));
#1377=CARTESIAN_POINT('',(-23.5998344944391,11.0670370036305,-58.2650032043457));
#1378=CARTESIAN_POINT('',(-23.5881159478716,11.0670369864297,-58.2650032043457));
#1379=CARTESIAN_POINT('',(-23.578350496712,11.0670370399477,-58.2650032043457));
#1380=CARTESIAN_POINT('',(-23.5705381261248,11.0670369308085,-58.2650032043457));
#1381=CARTESIAN_POINT('',(-23.5646788745748,11.0670372641036,-58.2650032043457));
#1382=CARTESIAN_POINT('',(-23.5597960810067,11.0670362213319,-58.2650032043457));
#1383=CARTESIAN_POINT('',(-23.5566224181554,11.0670379498853,-58.2650032043457));
#1384=CARTESIAN_POINT('',(-23.5551574899233,11.0670362187127,-58.2650032043457));
#1385=CARTESIAN_POINT('',(-23.5545473514859,11.0670394038279,-58.2650032043457));
#1386=CARTESIAN_POINT('',(-23.5540586608298,11.0670328293676,-58.2650032043457));
#1387=CARTESIAN_POINT('',(-23.5535753800472,11.0671113580625,-58.2650032043457));
#1388=CARTESIAN_POINT('',(-23.5527271184484,11.0672091373469,-58.2650032043457));
#1389=CARTESIAN_POINT('',(-23.5515166311051,11.0673695074771,-58.2650032043457));
#1390=CARTESIAN_POINT('',(-23.5495791164343,11.0676145385775,-58.2650032043457));
#1391=CARTESIAN_POINT('',(-23.5471574752437,11.06792479401,-58.2650032043457));
#1392=CARTESIAN_POINT('',(-23.5442513978878,11.0682954027167,-58.2650032043457));
#1393=CARTESIAN_POINT('',(-23.5403766657768,11.0687901406693,-58.2650032043457));
#1394=CARTESIAN_POINT('',(-23.5355332377308,11.0694083600624,-58.2650032043457));
#1395=CARTESIAN_POINT('',(-23.5277837600716,11.0703976245754,-58.2650032043457));
#1396=CARTESIAN_POINT('',(-23.5180969105231,11.0716341662746,-58.2650032043457));
#1397=CARTESIAN_POINT('',(-23.5064726921272,11.0731180330059,-58.2650032043457));
#1398=CARTESIAN_POINT('',(-23.4948484734487,11.0746018952709,-58.2650032043457));
#1399=CARTESIAN_POINT('',(-23.4793495153115,11.0765803798499,-58.2650032043457));
#1400=CARTESIAN_POINT('',(-23.4599758176089,11.0790534850369,-58.2650032043457));
#1401=CARTESIAN_POINT('',(-23.4367273803848,11.082021211488,-58.2650032043457));
#1402=CARTESIAN_POINT('',(-23.4057294640867,11.0859781800062,-58.2650032043457));
#1403=CARTESIAN_POINT('',(-23.3669820687259,11.090924390676,-58.2650032043457));
#1404=CARTESIAN_POINT('',(-23.3204851943069,11.0968598434601,-58.2650032043457));
#1405=CARTESIAN_POINT('',(-23.273988319901,11.1027952962404,-58.2650032043457));
#1406=CARTESIAN_POINT('',(-23.2274914455061,11.1087307490138,-58.2650032043457));
#1407=CARTESIAN_POINT('',(-23.1654956129922,11.1166446860385,-58.2650032043457));
#1408=CARTESIAN_POINT('',(-23.1034997804937,11.1245586230548,-58.2650032043457));
#1409=CARTESIAN_POINT('',(-23.0415039480036,11.1324725600667,-58.2650032043457));
#1410=CARTESIAN_POINT('',(-22.9950070736386,11.1384080128241,-58.2650032043457));
#1411=CARTESIAN_POINT('',(-22.9485101992744,11.1443434655813,-58.2650032043457));
#1412=CARTESIAN_POINT('',(-22.902013324909,11.1502789183383,-58.2650032043457));
#1413=CARTESIAN_POINT('',(-22.8555164505417,11.1562143710994,-58.2650032043457));
#1414=CARTESIAN_POINT('',(-22.8167690552298,11.1611605817273,-58.2650032043457));
#1415=CARTESIAN_POINT('',(-22.7857711389821,11.16511755025,-58.2650032043457));
#1416=CARTESIAN_POINT('',(-22.7625227017812,11.1680852765915,-58.2650032043457));
#1417=CARTESIAN_POINT('',(-22.7392742646295,11.1710530031311,-58.2650032043457));
#1418=CARTESIAN_POINT('',(-22.7199005668418,11.1735261079675,-58.2650032043457));
#1419=CARTESIAN_POINT('',(-22.7063389787018,11.1752572825573,-58.2650032043457));
#1420=CARTESIAN_POINT('',(-22.6985894992767,11.1762465233009,-58.2650032043457));
#1421=CARTESIAN_POINT('',(-22.6927773910816,11.1769884591529,-58.2650032043457));
#1422=CARTESIAN_POINT('',(-22.6879339632087,11.1776067221649,-58.2650032043457));
#1423=CARTESIAN_POINT('',(-22.6840592307279,11.178101370403,-58.2650032043457));
#1424=CARTESIAN_POINT('',(-22.6816375005716,11.178410439413,-58.2650032043457));
#1425=CARTESIAN_POINT('',(-22.6797001676463,11.178657891897,-58.2650032043457));
#1426=CARTESIAN_POINT('',(-22.6782470277666,11.1788429411152,-58.2650032043457));
#1427=CARTESIAN_POINT('',(-22.6770365238191,11.1789988670818,-58.2650032043457));
#1428=CARTESIAN_POINT('',(-22.6760671204685,11.1791197540438,-58.2650032043457));
#1429=CARTESIAN_POINT('',(-22.6754635208799,11.1792040837807,-58.2650032043457));
#1430=CARTESIAN_POINT('',(-22.6750364371984,11.179245529308,-58.2650032043457));
#1431=CARTESIAN_POINT('',(-22.6747995300765,11.1792967260599,-58.2650032043457));
#1432=CARTESIAN_POINT('',(-22.6744630575777,11.1794462986595,-58.2650032043457));
#1433=CARTESIAN_POINT('',(-22.6737230208402,11.1797279388169,-58.2650032043457));
#1434=CARTESIAN_POINT('',(-22.6721391999904,11.1803734814549,-58.2650032043457));
#1435=CARTESIAN_POINT('',(-22.6698713160628,11.1812753305632,-58.2650032043457));
#1436=CARTESIAN_POINT('',(-22.6671521165339,11.1823662619928,-58.2650032043457));
#1437=CARTESIAN_POINT('',(-22.6635257273011,11.1838177938427,-58.2650032043457));
#1438=CARTESIAN_POINT('',(-22.6589930117576,11.1856332528273,-58.2650032043457));
#1439=CARTESIAN_POINT('',(-22.6535536371095,11.1878113566667,-58.2650032043457));
#1440=CARTESIAN_POINT('',(-22.6463011780983,11.190715651243,-58.2650032043457));
#1441=CARTESIAN_POINT('',(-22.637235590431,11.1943459658902,-58.2650032043457));
#1442=CARTESIAN_POINT('',(-22.6263568911915,11.1987023664321,-58.2650032043457));
#1443=CARTESIAN_POINT('',(-22.6154781903585,11.2030587608301,-58.2650032043457));
#1444=CARTESIAN_POINT('',(-22.6009732564727,11.2088672888402,-58.2650032043457));
#1445=CARTESIAN_POINT('',(-22.5828420889265,11.2161279481163,-58.2650032043457));
#1446=CARTESIAN_POINT('',(-22.5610846879563,11.2248407395631,-58.2650032043457));
#1447=CARTESIAN_POINT('',(-22.539327286967,11.2335535309251,-58.2650032043457));
#1448=CARTESIAN_POINT('',(-22.5175698859861,11.2422663223096,-58.2650032043457));
#1449=CARTESIAN_POINT('',(-22.4885600180121,11.253883377481,-58.2650032043457));
#1450=CARTESIAN_POINT('',(-22.4522976830497,11.2684046964476,-58.2650032043457));
#1451=CARTESIAN_POINT('',(-22.4087828810985,11.2858302792061,-58.2650032043457));
#1452=CARTESIAN_POINT('',(-22.3652680791483,11.3032558619649,-58.2650032043457));
#1453=CARTESIAN_POINT('',(-22.321753277196,11.3206814447237,-58.2650032043457));
#1454=CARTESIAN_POINT('',(-22.2637335412529,11.3439155550693,-58.2650032043457));
#1455=CARTESIAN_POINT('',(-22.2057138052939,11.3671496654157,-58.2650032043457));
#1456=CARTESIAN_POINT('',(-22.1476940693069,11.3903837757637,-58.2650032043457));
#1457=CARTESIAN_POINT('',(-22.1041792672998,11.4078093585258,-58.2650032043457));
#1458=CARTESIAN_POINT('',(-22.0606644652729,11.4252349412888,-58.2650032043457));
#1459=CARTESIAN_POINT('',(-22.0171496632231,11.4426605240535,-58.2650032043457));
#1460=CARTESIAN_POINT('',(-21.9808873281596,11.4571818430244,-58.2650032043457));
#1461=CARTESIAN_POINT('',(-21.9518774600955,11.4687988982041,-58.2650032043457));
#1462=CARTESIAN_POINT('',(-21.9301200590367,11.4775116895835,-58.2650032043457));
#1463=CARTESIAN_POINT('',(-21.9119888914913,11.4847723490851,-58.2650032043457));
#1464=CARTESIAN_POINT('',(-21.8974839574279,11.4905808766453,-58.2650032043457));
#1465=CARTESIAN_POINT('',(-21.8884183736889,11.4942112064647,-58.2650032043457));
#1466=CARTESIAN_POINT('',(-21.8811659065764,11.4971154701046,-58.2650032043457));
#1467=CARTESIAN_POINT('',(-21.8757265565705,11.4992936684252,-58.2650032043457));
#1468=CARTESIAN_POINT('',(-21.8702872053086,11.5014718644907,-58.2650032043457));
#1469=CARTESIAN_POINT('',(-21.8657544164999,11.5032870349038,-58.2650032043457));
#1470=CARTESIAN_POINT('',(-21.8621281766966,11.5047391555015,-58.2650032043457));
#1471=CARTESIAN_POINT('',(-21.8594085207663,11.505828288933,-58.2650032043457));
#1472=CARTESIAN_POINT('',(-21.8571420647312,11.5067357634039,-58.2650032043457));
#1473=CARTESIAN_POINT('',(-21.8553290705655,11.507462049622,-58.2650032043457));
#1474=CARTESIAN_POINT('',(-21.854195560602,11.5079152802658,-58.2650032043457));
#1475=CARTESIAN_POINT('',(-21.8532896426295,11.5082794639025,-58.2650032043457));
#1476=CARTESIAN_POINT('',(-21.8527214132058,11.5085034299926,-58.2650032043457));
#1477=CARTESIAN_POINT('',(-21.8523277223729,11.5086675186817,-58.2650032043457));
#1478=CARTESIAN_POINT('',(-21.8520963886522,11.5087498426643,-58.2650032043457));
#1479=CARTESIAN_POINT('',(-21.8518889746671,11.508875144891,-58.2650032043457));
#1480=CARTESIAN_POINT('',(-21.8516485133187,11.5090655629544,-58.2650032043457));
#1481=CARTESIAN_POINT('',(-21.851055927772,11.5094947553553,-58.2650032043457));
#1482=CARTESIAN_POINT('',(-21.8501735505154,11.5101502248673,-58.2650032043457));
#1483=CARTESIAN_POINT('',(-21.8489933317893,11.5110175079297,-58.2650032043457));
#1484=CARTESIAN_POINT('',(-21.8478141069974,11.511886576863,-58.2650032043457));
#1485=CARTESIAN_POINT('',(-21.8462414605817,11.5130447125126,-58.2650032043457));
#1486=CARTESIAN_POINT('',(-21.8434894908637,11.5150717400951,-58.2650032043457));
#1487=CARTESIAN_POINT('',(-21.839558021284,11.5179673423734,-58.2650032043457));
#1488=CARTESIAN_POINT('',(-21.8332677170544,11.522600390643,-58.2650032043457));
#1489=CARTESIAN_POINT('',(-21.8254048206057,11.5283916719415,-58.2650032043457));
#1490=CARTESIAN_POINT('',(-21.8159693517961,11.5353412219487,-58.2650032043457));
#1491=CARTESIAN_POINT('',(-21.80653388113,11.5422907686208,-58.2650032043457));
#1492=CARTESIAN_POINT('',(-21.7970984109608,11.549240316185,-58.2650032043457));
#1493=CARTESIAN_POINT('',(-21.7845177838948,11.5585063792924,-58.2650032043457));
#1494=CARTESIAN_POINT('',(-21.768792000122,11.5700889582834,-58.2650032043457));
#1495=CARTESIAN_POINT('',(-21.7499210595689,11.583988053027,-58.2650032043457));
#1496=CARTESIAN_POINT('',(-21.7310501190228,11.5978871477827,-58.2650032043457));
#1497=CARTESIAN_POINT('',(-21.7121791784748,11.6117862425352,-58.2650032043457));
#1498=CARTESIAN_POINT('',(-21.6870179244114,11.630318368873,-58.2650032043457));
#1499=CARTESIAN_POINT('',(-21.655566356832,11.6534835267949,-58.2650032043457));
#1500=CARTESIAN_POINT('',(-21.6178244757368,11.6812817163012,-58.2650032043457));
#1501=CARTESIAN_POINT('',(-21.5800825946416,11.7090799058076,-58.2650032043457));
#1502=CARTESIAN_POINT('',(-21.5423407135466,11.7368780953138,-58.2650032043457));
#1503=CARTESIAN_POINT('',(-21.5045988324502,11.7646762848209,-58.2650032043457));
#1504=CARTESIAN_POINT('',(-21.4668569513596,11.7924744743245,-58.2650032043457));
#1505=CARTESIAN_POINT('',(-21.4291150703037,11.8202726638075,-58.2650032043457));
#1506=CARTESIAN_POINT('',(-21.3913731892619,11.8480708532822,-58.2650032043457));
#1507=CARTESIAN_POINT('',(-21.3536313082253,11.8758690427537,-58.2650032043457));
#1508=CARTESIAN_POINT('',(-21.3158894271819,11.9036672322297,-58.2650032043457));
#1509=CARTESIAN_POINT('',(-21.2781475461191,11.9314654217153,-58.2650032043457));
#1510=CARTESIAN_POINT('',(-21.2466959785453,11.9546305796387,-58.2650032043457));
#1511=CARTESIAN_POINT('',(-21.2215347244575,11.973162705981,-58.2650032043457));
#1512=CARTESIAN_POINT('',(-21.2058089406612,11.9847452849704,-58.2650032043457));
#1513=CARTESIAN_POINT('',(-21.1932283135754,11.9940113481212,-58.2650032043457));
#1514=CARTESIAN_POINT('',(-21.1837928433734,12.0009608956081,-58.2650032043457));
#1515=CARTESIAN_POINT('',(-21.174357372725,12.0079104426328,-58.2650032043457));
#1516=CARTESIAN_POINT('',(-21.1649219037283,12.0148599913956,-58.2650032043457));
#1517=CARTESIAN_POINT('',(-21.1570590077445,12.0206512766341,-58.2650032043457));
#1518=CARTESIAN_POINT('',(-21.1507687024873,12.0252843169161,-58.2650032043457));
#1519=CARTESIAN_POINT('',(-21.1468372354455,12.0281799395679,-58.2650032043457));
#1520=CARTESIAN_POINT('',(-21.1440852611292,12.0302069305822,-58.2650032043457));
#1521=CARTESIAN_POINT('',(-21.142512622059,12.0313651248631,-58.2650032043457));
#1522=CARTESIAN_POINT('',(-21.1413333746772,12.0322340137109,-58.2650032043457));
#1523=CARTESIAN_POINT('',(-21.1403499297551,12.0329573132515,-58.2650032043457));
#1524=CARTESIAN_POINT('',(-21.1395648309064,12.0335376901138,-58.2650032043457));
#1525=CARTESIAN_POINT('',(-21.1390703707888,12.0338964698276,-58.2650032043457));
#1526=CARTESIAN_POINT('',(-21.1386834444314,12.0341925532717,-58.2650032043457));
#1527=CARTESIAN_POINT('',(-21.1383695884555,12.034389810331,-58.2650032043457));
#1528=CARTESIAN_POINT('',(-21.1381460564431,12.0346817596487,-58.2650032043457));
#1529=CARTESIAN_POINT('',(-21.137835866861,12.0350582910519,-58.2650032043457));
#1530=CARTESIAN_POINT('',(-21.1374522817448,12.0355333079618,-58.2650032043457));
#1531=CARTESIAN_POINT('',(-21.1365282602932,12.03666976611,-58.2650032043457));
#1532=CARTESIAN_POINT('',(-21.1351436633677,12.0383759579966,-58.2650032043457));
#1533=CARTESIAN_POINT('',(-21.1332967138017,12.0406500205071,-58.2650032043457));
#1534=CARTESIAN_POINT('',(-21.1314499836923,12.0429243130875,-58.2650032043457));
#1535=CARTESIAN_POINT('',(-21.12898760022,12.0459566228278,-58.2650032043457));
#1536=CARTESIAN_POINT('',(-21.1259096471846,12.0497470375808,-58.2650032043457));
#1537=CARTESIAN_POINT('',(-21.1222160922655,12.0542955234625,-58.2650032043457));
#1538=CARTESIAN_POINT('',(-21.1185225403625,12.0588440125071,-58.2650032043457));
#1539=CARTESIAN_POINT('',(-21.1135978034376,12.0649086634617,-58.2650032043457));
#1540=CARTESIAN_POINT('',(-21.1074418826413,12.0724894775334,-58.2650032043457));
#1541=CARTESIAN_POINT('',(-21.097592409163,12.0846187798369,-58.2650032043457));
#1542=CARTESIAN_POINT('',(-21.0852805673803,12.099780407789,-58.2650032043457));
#1543=CARTESIAN_POINT('',(-21.0705063572049,12.117974361301,-58.2650032043457));
#1544=CARTESIAN_POINT('',(-21.0557321470314,12.1361683148218,-58.2650032043457));
#1545=CARTESIAN_POINT('',(-21.0409579368498,12.1543622683406,-58.2650032043457));
#1546=CARTESIAN_POINT('',(-21.0261837266638,12.172556221861,-58.2650032043457));
#1547=CARTESIAN_POINT('',(-21.006484779739,12.1968148265526,-58.2650032043457));
#1548=CARTESIAN_POINT('',(-20.9818610960922,12.2271380824352,-58.2650032043457));
#1549=CARTESIAN_POINT('',(-20.9523126756004,12.2635259894176,-58.2650032043457));
#1550=CARTESIAN_POINT('',(-20.9129147820699,12.3120431991083,-58.2650032043457));
#1551=CARTESIAN_POINT('',(-20.8636674117839,12.3726897085727,-58.2650032043457));
#1552=CARTESIAN_POINT('',(-20.8045705827326,12.4454655320898,-58.2650032043457));
#1553=CARTESIAN_POINT('',(-20.7454736977267,12.5182413112194,-58.2650032043457));
#1554=CARTESIAN_POINT('',(-20.6962264672704,12.5788879316567,-58.2650032043457));
#1555=CARTESIAN_POINT('',(-20.6568282939896,12.6274049194082,-58.2650032043457));
#1556=CARTESIAN_POINT('',(-20.6322053211655,12.6577287393307,-58.2650032043457));
#1557=CARTESIAN_POINT('',(-20.6125049150191,12.6819861862297,-58.2650032043457));
#1558=CARTESIAN_POINT('',(-20.6001967881784,12.6971507618487,-58.2650032043457));
#1559=CARTESIAN_POINT('',(-20.5903396888854,12.7092740134655,-58.2650032043457));
#1560=CARTESIAN_POINT('',(-20.5842031828842,12.7168702322682,-58.2650032043457));
#1561=CARTESIAN_POINT('',(-20.5798591667393,12.7221491331335,-58.2650032043457));
#1562=CARTESIAN_POINT('',(-20.5774804322161,12.7252478182829,-58.2650032043457));
#1563=CARTESIAN_POINT('',(-20.5738857225897,12.7298747339233,-58.2650032043457));
#1564=CARTESIAN_POINT('',(-20.5661127360445,12.7399120567888,-58.2650032043457));
#1565=CARTESIAN_POINT('',(-20.5541437869182,12.7553457541292,-58.2650032043457));
#1566=CARTESIAN_POINT('',(-20.5397855525477,12.7738697651135,-58.2650032043457));
#1567=CARTESIAN_POINT('',(-20.5254261131123,12.792392819935,-58.2650032043457));
#1568=CARTESIAN_POINT('',(-20.506280614769,12.8170905603315,-58.2650032043457));
#1569=CARTESIAN_POINT('',(-20.4823485977214,12.8479626214765,-58.2650032043457));
#1570=CARTESIAN_POINT('',(-20.4440574509924,12.8973579832198,-58.2650032043457));
#1571=CARTESIAN_POINT('',(-20.3961934899445,12.9591021634725,-58.2650032043457));
#1572=CARTESIAN_POINT('',(-20.3387567485144,13.0331951891629,-58.2650032043457));
#1573=CARTESIAN_POINT('',(-20.2621744224735,13.1319858868066,-58.2650032043457));
#1574=CARTESIAN_POINT('',(-20.1664465163366,13.2554742599897,-58.2650032043457));
#1575=CARTESIAN_POINT('',(-20.0515730283597,13.4036603073311,-58.2650032043457));
#1576=CARTESIAN_POINT('',(-19.9366995405417,13.5518463548053,-58.2650032043457));
#1577=CARTESIAN_POINT('',(-19.821826052677,13.7000324022476,-58.2650032043457));
#1578=CARTESIAN_POINT('',(-19.7069525648219,13.848218449701,-58.2650032043457));
#1579=CARTESIAN_POINT('',(-19.5537879143426,14.0457998463039,-58.2650032043457));
#1580=CARTESIAN_POINT('',(-19.362332101244,14.2927765920594,-58.2650032043457));
#1581=CARTESIAN_POINT('',(-19.1325851255307,14.5891486869605,-58.2650032043457));
#1582=CARTESIAN_POINT('',(-18.9028381498303,14.8855207818505,-58.2650032043457));
#1583=CARTESIAN_POINT('',(-18.7113823367632,15.1324975275773,-58.2650032043457));
#1584=CARTESIAN_POINT('',(-18.558217686323,15.3300789241469,-58.2650032043457));
#1585=CARTESIAN_POINT('',(-18.4433441985006,15.4782649715672,-58.2650032043457));
#1586=CARTESIAN_POINT('',(-18.3284707106865,15.6264510189801,-58.2650032043457));
#1587=CARTESIAN_POINT('',(-18.213597222882,15.7746370663845,-58.2650032043457));
#1588=CARTESIAN_POINT('',(-18.0987237350878,15.9228231137798,-58.2650032043457));
#1589=CARTESIAN_POINT('',(-18.002995828602,16.0463114866009,-58.2650032043457));
#1590=CARTESIAN_POINT('',(-17.9264135034194,16.1451021848525,-58.2650032043457));
#1591=CARTESIAN_POINT('',(-17.8689767595356,16.2191952085383,-58.2650032043457));
#1592=CARTESIAN_POINT('',(-17.811540015655,16.2932882322213,-58.2650032043457));
#1593=CARTESIAN_POINT('',(-17.7541032717779,16.3673812559015,-58.2650032043457));
#1594=CARTESIAN_POINT('',(-17.7062393185493,16.4291254422984,-58.2650032043457));
#1595=CARTESIAN_POINT('',(-17.6679481559697,16.4785207914158,-58.2650032043457));
#1596=CARTESIAN_POINT('',(-17.6392297840318,16.5155673032492,-58.2650032043457));
#1597=CARTESIAN_POINT('',(-17.6105114121102,16.5526138150965,-58.2650032043457));
#1598=CARTESIAN_POINT('',(-17.5865794354619,16.583485908256,-58.2650032043457));
#1599=CARTESIAN_POINT('',(-17.5674338542507,16.6081835828858,-58.2650032043457));
#1600=CARTESIAN_POINT('',(-17.5530746680504,16.626706838578,-58.2650032043457));
#1601=CARTESIAN_POINT('',(-17.5387154829653,16.6452300953379,-58.2650032043457));
#1602=CARTESIAN_POINT('',(-17.5243562937126,16.663753348106,-58.2650032043457));
#1603=CARTESIAN_POINT('',(-17.5123903156326,16.6791894044947,-58.2650032043457));
#1604=CARTESIAN_POINT('',(-17.5028175041398,16.6915382218043,-58.2650032043457));
#1605=CARTESIAN_POINT('',(-17.4968345630473,16.6992562959178,-58.2650032043457));
#1606=CARTESIAN_POINT('',(-17.4926463718427,16.7046588209595,-58.2650032043457));
#1607=CARTESIAN_POINT('',(-17.4902533269386,16.7077461765737,-58.2650032043457));
#1608=CARTESIAN_POINT('',(-17.488457959462,16.7100611341809,-58.2650032043457));
#1609=CARTESIAN_POINT('',(-17.4869636795544,16.7119920465119,-58.2650032043457));
#1610=CARTESIAN_POINT('',(-17.4857640843528,16.7135327815485,-58.2650032043457));
#1611=CARTESIAN_POINT('',(-17.4850238357123,16.7145048375214,-58.2650032043457));
#1612=CARTESIAN_POINT('',(-17.4844866275734,16.7151670477633,-58.2650032043457));
#1613=CARTESIAN_POINT('',(-17.4842094318556,16.7155739742531,-58.2650032043457));
#1614=CARTESIAN_POINT('',(-17.4838133870597,16.7158670790415,-58.2650032043457));
#1615=CARTESIAN_POINT('',(-17.4833590244425,16.716272432054,-58.2650032043457));
#1616=CARTESIAN_POINT('',(-17.4826093047943,16.7168992193042,-58.2650032043457));
#1617=CARTESIAN_POINT('',(-17.4816799276778,16.7176901470324,-58.2650032043457));
#1618=CARTESIAN_POINT('',(-17.4794430255202,16.7195822471016,-58.2650032043457));
#1619=CARTESIAN_POINT('',(-17.4760903591304,16.7224229703972,-58.2650032043457));
#1620=CARTESIAN_POINT('',(-17.4716186015849,16.7262091307256,-58.2650032043457));
#1621=CARTESIAN_POINT('',(-17.4671472548704,16.729995684507,-58.2650032043457));
#1622=CARTESIAN_POINT('',(-17.4611853157415,16.7350442854431,-58.2650032043457));
#1623=CARTESIAN_POINT('',(-17.4537329410751,16.7413550837746,-58.2650032043457));
#1624=CARTESIAN_POINT('',(-17.4447900703657,16.7489280215558,-58.2650032043457));
#1625=CARTESIAN_POINT('',(-17.4358472053037,16.7565009647453,-58.2650032043457));
#1626=CARTESIAN_POINT('',(-17.4239233832484,16.7665982204422,-58.2650032043457));
#1627=CARTESIAN_POINT('',(-17.4090186063562,16.7792197907114,-58.2650032043457));
#1628=CARTESIAN_POINT('',(-17.3911328737958,16.7943656747566,-58.2650032043457));
#1629=CARTESIAN_POINT('',(-17.373247141313,16.809511558876,-58.2650032043457));
#1630=CARTESIAN_POINT('',(-17.3493994979759,16.8297060710092,-58.2650032043457));
#1631=CARTESIAN_POINT('',(-17.3195899438143,16.8549492111844,-58.2650032043457));
#1632=CARTESIAN_POINT('',(-17.2838184788171,16.8852409793906,-58.2650032043457));
#1633=CARTESIAN_POINT('',(-17.2480470138216,16.9155327475976,-58.2650032043457));
#1634=CARTESIAN_POINT('',(-17.2122755488265,16.9458245158041,-58.2650032043457));
#1635=CARTESIAN_POINT('',(-17.1645802621674,16.9862135400792,-58.2650032043457));
#1636=CARTESIAN_POINT('',(-17.1049611538449,17.0366998204226,-58.2650032043457));
#1637=CARTESIAN_POINT('',(-17.0334182238603,17.0972833568338,-58.2650032043457));
#1638=CARTESIAN_POINT('',(-16.9618752938779,17.1578668932444,-58.2650032043457));
#1639=CARTESIAN_POINT('',(-16.8903323638974,17.2184504296542,-58.2650032043457));
#1640=CARTESIAN_POINT('',(-16.7949417905924,17.2992284781999,-58.2650032043457));
#1641=CARTESIAN_POINT('',(-16.6757035739652,17.4002010388807,-58.2650032043457));
#1642=CARTESIAN_POINT('',(-16.5326177140173,17.521368111696,-58.2650032043457));
#1643=CARTESIAN_POINT('',(-16.3418365674248,17.6829242087815,-58.2650032043457));
#1644=CARTESIAN_POINT('',(-16.1033601341886,17.8848693301369,-58.2650032043457));
#1645=CARTESIAN_POINT('',(-15.8171884143026,18.1272034757642,-58.2650032043457));
#1646=CARTESIAN_POINT('',(-15.5310166943965,18.3695376213984,-58.2650032043457));
#1647=CARTESIAN_POINT('',(-15.2448449744805,18.6118717670358,-58.2650032043457));
#1648=CARTESIAN_POINT('',(-15.0063685412195,18.8138168883995,-58.2650032043457));
#1649=CARTESIAN_POINT('',(-14.8155873946102,18.9753729854907,-58.2650032043457));
#1650=CARTESIAN_POINT('',(-14.6725015346533,19.096540058309,-58.2650032043457));
#1651=CARTESIAN_POINT('',(-14.5294156746964,19.2177071311274,-58.2650032043457));
#1652=CARTESIAN_POINT('',(-14.4101774580656,19.3186796918094,-58.2650032043457));
#1653=CARTESIAN_POINT('',(-14.314786884761,19.399457740355,-58.2650032043457));
#1654=CARTESIAN_POINT('',(-14.2432439547825,19.4600412767642,-58.2650032043457));
#1655=CARTESIAN_POINT('',(-14.1717010248041,19.5206248131734,-58.2650032043457));
#1656=CARTESIAN_POINT('',(-14.1001580948257,19.5812083495825,-58.2650032043457));
#1657=CARTESIAN_POINT('',(-14.0286151648472,19.6417918859917,-58.2650032043457));
#1658=CARTESIAN_POINT('',(-13.9570722348687,19.7023754224009,-58.2650032043457));
#1659=CARTESIAN_POINT('',(-13.8974531265533,19.7528617027419,-58.2650032043457));
#1660=CARTESIAN_POINT('',(-13.8497578399011,19.7932507270147,-58.2650032043457));
#1661=CARTESIAN_POINT('',(-13.8139863749118,19.8235424952193,-58.2650032043457));
#1662=CARTESIAN_POINT('',(-13.7841768207541,19.8487856353898,-58.2650032043457));
#1663=CARTESIAN_POINT('',(-13.7603291774279,19.8689801475261,-58.2650032043457));
#1664=CARTESIAN_POINT('',(-13.7424434449334,19.8841260316285,-58.2650032043457));
#1665=CARTESIAN_POINT('',(-13.7245577124384,19.8992719157304,-58.2650032043457));
#1666=CARTESIAN_POINT('',(-13.7066719799451,19.9144177998343,-58.2650032043457));
#1667=CARTESIAN_POINT('',(-13.6917672028626,19.9270393699144,-58.2650032043457));
#1668=CARTESIAN_POINT('',(-13.6798433812069,19.9371366259932,-58.2650032043457));
#1669=CARTESIAN_POINT('',(-13.6709005149372,19.9447095680118,-58.2650032043457));
#1670=CARTESIAN_POINT('',(-13.6619576487735,19.9522825101854,-58.2650032043457));
#1671=CARTESIAN_POINT('',(-13.6530147822143,19.9598554517792,-58.2650032043457));
#1672=CARTESIAN_POINT('',(-13.6455623946448,19.9661662382444,-58.2650032043457));
#1673=CARTESIAN_POINT('',(-13.6403457209366,19.9705837852357,-58.2650032043457));
#1674=CARTESIAN_POINT('',(-13.6373647682935,19.9731081033202,-58.2650032043457));
#1675=CARTESIAN_POINT('',(-13.6351290432152,19.9750013263388,-58.2650032043457));
#1676=CARTESIAN_POINT('',(-13.6328933586394,19.9768946087781,-58.2650032043457));
#1677=CARTESIAN_POINT('',(-13.6310301619817,19.9784721590288,-58.2650032043457));
#1678=CARTESIAN_POINT('',(-13.6297261715748,19.9795768069501,-58.2650032043457));
#1679=CARTESIAN_POINT('',(-13.6290738386129,19.9801286353847,-58.2650032043457));
#1680=CARTESIAN_POINT('',(-13.628748147863,19.980405247548,-58.2650032043457));
#1681=CARTESIAN_POINT('',(-13.6285612715752,19.9805621859518,-58.2650032043457));
#1682=CARTESIAN_POINT('',(-13.6282292559522,19.9807217426351,-58.2650032043457));
#1683=CARTESIAN_POINT('',(-13.6277528900397,19.9809928514543,-58.2650032043457));
#1684=CARTESIAN_POINT('',(-13.6268898781048,19.9814511448335,-58.2650032043457));
#1685=CARTESIAN_POINT('',(-13.6258166504131,19.9820321352339,-58.2650032043457));
#1686=CARTESIAN_POINT('',(-13.6245264072966,19.9827258468497,-58.2650032043457));
#1687=CARTESIAN_POINT('',(-13.6228069097845,19.9836520084399,-58.2650032043457));
#1688=CARTESIAN_POINT('',(-13.6197974039895,19.9852722261713,-58.2650032043457));
#1689=CARTESIAN_POINT('',(-13.615498311357,19.9875871183459,-58.2650032043457));
#1690=CARTESIAN_POINT('',(-13.6103393140089,19.9903648625074,-58.2650032043457));
#1691=CARTESIAN_POINT('',(-13.603460680985,19.9940685655593,-58.2650032043457));
#1692=CARTESIAN_POINT('',(-13.5948623793756,19.9986981792199,-58.2650032043457));
#1693=CARTESIAN_POINT('',(-13.5845444218653,20.0042537220985,-58.2650032043457));
#1694=CARTESIAN_POINT('',(-13.5707871436425,20.0116611103412,-58.2650032043457));
#1695=CARTESIAN_POINT('',(-13.5467119074714,20.0246240408199,-58.2650032043457));
#1696=CARTESIAN_POINT('',(-13.5123187125648,20.0431425123817,-58.2650032043457));
#1697=CARTESIAN_POINT('',(-13.4710468788376,20.0653646784927,-58.2650032043457));
#1698=CARTESIAN_POINT('',(-13.4297750450665,20.087586844541,-58.2650032043457));
#1699=CARTESIAN_POINT('',(-13.3885032113065,20.1098090106069,-58.2650032043457));
#1700=CARTESIAN_POINT('',(-13.3472313775426,20.1320311766689,-58.2650032043457));
#1701=CARTESIAN_POINT('',(-13.305959543779,20.1542533427326,-58.2650032043457));
#1702=CARTESIAN_POINT('',(-13.2509304320932,20.1838828974846,-58.2650032043457));
#1703=CARTESIAN_POINT('',(-13.1821440424846,20.2209198409263,-58.2650032043457));
#1704=CARTESIAN_POINT('',(-13.099600374952,20.2653641730584,-58.2650032043457));
#1705=CARTESIAN_POINT('',(-12.9895421515723,20.3246232825708,-58.2650032043457));
#1706=CARTESIAN_POINT('',(-12.8519693723425,20.3986971694666,-58.2650032043457));
#1707=CARTESIAN_POINT('',(-12.686882037259,20.4875858337492,-58.2650032043457));
#1708=CARTESIAN_POINT('',(-12.5217947021685,20.5764744980389,-58.2650032043457));
#1709=CARTESIAN_POINT('',(-12.3567073670713,20.6653631623353,-58.2650032043457));
#1710=CARTESIAN_POINT('',(-12.1916200319683,20.7542518266377,-58.2650032043457));
#1711=CARTESIAN_POINT('',(-12.0265326968597,20.8431404909455,-58.2650032043457));
#1712=CARTESIAN_POINT('',(-11.806416250042,20.9616587100289,-58.2650032043457));
#1713=CARTESIAN_POINT('',(-11.5312706915093,21.1098064838939,-58.2650032043457));
#1714=CARTESIAN_POINT('',(-11.201096021258,21.287583812544,-58.2650032043457));
#1715=CARTESIAN_POINT('',(-10.8709213509989,21.4653611412018,-58.2650032043457));
#1716=CARTESIAN_POINT('',(-10.5957757924475,21.6135089150857,-58.2650032043457));
#1717=CARTESIAN_POINT('',(-10.3756593456071,21.7320271341917,-58.2650032043457));
#1718=CARTESIAN_POINT('',(-10.2105720104783,21.8209157985209,-58.2650032043457));
#1719=CARTESIAN_POINT('',(-10.0454846753494,21.9098044628456,-58.2650032043457));
#1720=CARTESIAN_POINT('',(-9.88039734022856,21.9986931271787,-58.2650032043457));
#1721=CARTESIAN_POINT('',(-9.74282456094559,22.0727670140879,-58.2650032043457));
#1722=CARTESIAN_POINT('',(-9.63276633756097,22.1320261236867,-58.2650032043457));
#1723=CARTESIAN_POINT('',(-9.55022266991404,22.1764704556852,-58.2650032043457));
#1724=CARTESIAN_POINT('',(-9.4676790026854,22.2209147884449,-58.2650032043457));
#1725=CARTESIAN_POINT('',(-9.39889261202945,22.2579517300361,-58.2650032043457));
#1726=CARTESIAN_POINT('',(-9.34386350241562,22.2875812886258,-58.2650032043457));
#1727=CARTESIAN_POINT('',(-9.30259166225416,22.3098034430405,-58.2650032043457));
#1728=CARTESIAN_POINT('',(-9.26819848741199,22.3283219512612,-58.2650032043457));
#1729=CARTESIAN_POINT('',(-9.240683890813,22.3431366542003,-58.2650032043457));
#1730=CARTESIAN_POINT('',(-9.22004809836454,22.3542479645912,-58.2650032043457));
#1731=CARTESIAN_POINT('',(-9.20285111162433,22.3635064891436,-58.2650032043457));
#1732=CARTESIAN_POINT('',(-9.19081418846314,22.36998922406,-58.2650032043457));
#1733=CARTESIAN_POINT('',(-9.18393443589783,22.3736908838503,-58.2650032043457));
#1734=CARTESIAN_POINT('',(-9.17877887730531,22.3764749041136,-58.2650032043457));
#1735=CARTESIAN_POINT('',(-9.17366801574293,22.3793405860275,-58.2650032043457));
#1736=CARTESIAN_POINT('',(-9.16683794283554,22.3831330107484,-58.2650032043457));
#1737=CARTESIAN_POINT('',(-9.15489257929791,22.3897830254571,-58.2650032043457));
#1738=CARTESIAN_POINT('',(-9.13782397655404,22.3992761080693,-58.2650032043457));
#1739=CARTESIAN_POINT('',(-9.11734327864427,22.4106707767781,-58.2650032043457));
#1740=CARTESIAN_POINT('',(-9.09003511448336,22.4258626325649,-58.2650032043457));
#1741=CARTESIAN_POINT('',(-9.0422460913677,22.4524488628047,-58.2650032043457));
#1742=CARTESIAN_POINT('',(-8.97397592021367,22.4904289393086,-58.2650032043457));
#1743=CARTESIAN_POINT('',(-8.8920517741584,22.5360051394871,-58.2650032043457));
#1744=CARTESIAN_POINT('',(-8.82378163889829,22.5739852815714,-58.2650032043457));
#1745=CARTESIAN_POINT('',(-8.76916553351119,22.6043694004277,-58.2650032043457));
#1746=CARTESIAN_POINT('',(-8.72820345408195,22.6271574888831,-58.2650032043457));
#1747=CARTESIAN_POINT('',(-8.68724137474339,22.6499455775327,-58.2650032043457));
#1748=CARTESIAN_POINT('',(-8.64627929536388,22.6727336661427,-58.2650032043457));
#1749=CARTESIAN_POINT('',(-8.6121442292075,22.6917237400057,-58.2650032043457));
#1750=CARTESIAN_POINT('',(-8.58483617627208,22.7069157991004,-58.2650032043457));
#1751=CARTESIAN_POINT('',(-8.56435513656608,22.7183098434255,-58.2650032043457));
#1752=CARTESIAN_POINT('',(-8.54387409685443,22.7297038877537,-58.2650032043457));
#1753=CARTESIAN_POINT('',(-8.52680656375857,22.7391989246992,-58.2650032043457));
#1754=CARTESIAN_POINT('',(-8.51315253727567,22.7467949542531,-58.2650032043457));
#1755=CARTESIAN_POINT('',(-8.50291201742118,22.7524919764324,-58.2650032043457));
#1756=CARTESIAN_POINT('',(-8.49437825084544,22.7572394948755,-58.2650032043457));
#1757=CARTESIAN_POINT('',(-8.48755123764959,22.7610375097215,-58.2650032043457));
#1758=CARTESIAN_POINT('',(-8.48243097757297,22.7638860206079,-58.2650032043457));
#1759=CARTESIAN_POINT('',(-8.47731071818093,22.7667345324425,-58.2650032043457));
#1760=CARTESIAN_POINT('',(-8.47304383322004,22.7691082893522,-58.2650032043457));
#1761=CARTESIAN_POINT('',(-8.46963033003005,22.7710073014926,-58.2650032043457));
#1762=CARTESIAN_POINT('',(-8.46707018958092,22.7724315425322,-58.2650032043457));
#1763=CARTESIAN_POINT('',(-8.46493678073696,22.7736184675295,-58.2650032043457));
#1764=CARTESIAN_POINT('',(-8.46322996051729,22.774567878646,-58.2650032043457));
#1765=CARTESIAN_POINT('',(-8.46195009986729,22.7752802891491,-58.2650032043457));
#1766=CARTESIAN_POINT('',(-8.46088273975341,22.775872844383,-58.2650032043457));
#1767=CARTESIAN_POINT('',(-8.46013717642503,22.7762898313635,-58.2650032043457));
#1768=CARTESIAN_POINT('',(-8.45970865953543,22.7765246771507,-58.2650032043457));
#1769=CARTESIAN_POINT('',(-8.45944665995989,22.7766795135776,-58.2650032043457));
#1770=CARTESIAN_POINT('',(-8.45922370412205,22.776784902097,-58.2650032043457));
#1771=CARTESIAN_POINT('',(-8.45905467448817,22.7769649070102,-58.2650032043457));
#1772=CARTESIAN_POINT('',(-8.45873372735061,22.7772451226902,-58.2650032043457));
#1773=CARTESIAN_POINT('',(-8.45810968549719,22.777830256018,-58.2650032043457));
#1774=CARTESIAN_POINT('',(-8.4572088636817,22.7786532462963,-58.2650032043457));
#1775=CARTESIAN_POINT('',(-8.45613187254437,22.7796463624728,-58.2650032043457));
#1776=CARTESIAN_POINT('',(-8.45469448884215,22.7809685864284,-58.2650032043457));
#1777=CARTESIAN_POINT('',(-8.45289823800531,22.7826220288649,-58.2650032043457));
#1778=CARTESIAN_POINT('',(-8.45074253208261,22.7846058762477,-58.2650032043457));
#1779=CARTESIAN_POINT('',(-8.44786832899686,22.7872511049937,-58.2650032043457));
#1780=CARTESIAN_POINT('',(-8.44283844029378,22.7918802092183,-58.2650032043457));
#1781=CARTESIAN_POINT('',(-8.43565290241737,22.7984932393485,-58.2650032043457));
#1782=CARTESIAN_POINT('',(-8.42703024950089,22.8064288651761,-58.2650032043457));
#1783=CARTESIAN_POINT('',(-8.41840759858153,22.8143644937668,-58.2650032043457));
#1784=CARTESIAN_POINT('',(-8.40691072999129,22.8249453309225,-58.2650032043457));
#1785=CARTESIAN_POINT('',(-8.39253964449301,22.8381713776983,-58.2650032043457));
#1786=CARTESIAN_POINT('',(-8.37529434179237,22.8540426336873,-58.2650032043457));
#1787=CARTESIAN_POINT('',(-8.35804903911922,22.8699138897143,-58.2650032043457));
#1788=CARTESIAN_POINT('',(-8.33505530221208,22.8910755644037,-58.2650032043457));
#1789=CARTESIAN_POINT('',(-8.30631313108148,22.9175276577699,-58.2650032043457));
#1790=CARTESIAN_POINT('',(-8.27182252572325,22.9492701698075,-58.2650032043457));
#1791=CARTESIAN_POINT('',(-8.2373319203656,22.9810126818457,-58.2650032043457));
#1792=CARTESIAN_POINT('',(-8.19134444655407,23.0233360312298,-58.2650032043457));
#1793=CARTESIAN_POINT('',(-8.14535697275,23.0656593806128,-58.2650032043457));
#1794=CARTESIAN_POINT('',(-8.09936949891275,23.1079827300012,-58.2650032043457));
#1795=CARTESIAN_POINT('',(-8.06487889352563,23.139725242044,-58.2650032043457));
#1796=CARTESIAN_POINT('',(-8.03038828813643,23.1714677540872,-58.2650032043457));
#1797=CARTESIAN_POINT('',(-8.00164611698275,23.1979198474558,-58.2650032043457));
#1798=CARTESIAN_POINT('',(-7.9786523800661,23.2190815221498,-58.2650032043457));
#1799=CARTESIAN_POINT('',(-7.96140707738205,23.2349527781694,-58.2650032043457));
#1800=CARTESIAN_POINT('',(-7.94416177470448,23.2508240341894,-58.2650032043457));
#1801=CARTESIAN_POINT('',(-7.9269164720266,23.2666952902034,-58.2650032043457));
#1802=CARTESIAN_POINT('',(-7.91254538648577,23.2799213368969,-58.2650032043457));
#1803=CARTESIAN_POINT('',(-7.90104851801524,23.2905021742151,-58.2650032043457));
#1804=CARTESIAN_POINT('',(-7.89242586677818,23.2984378023013,-58.2650032043457));
#1805=CARTESIAN_POINT('',(-7.88380321510843,23.3063734300142,-58.2650032043457));
#1806=CARTESIAN_POINT('',(-7.87661767340653,23.3129864542693,-58.2650032043457));
#1807=CARTESIAN_POINT('',(-7.87086923701294,23.3182768710727,-58.2650032043457));
#1808=CARTESIAN_POINT('',(-7.8665579180055,23.3222446907799,-58.2650032043457));
#1809=CARTESIAN_POINT('',(-7.86296512580655,23.3255511846032,-58.2650032043457));
#1810=CARTESIAN_POINT('',(-7.86009095116777,23.3281964303478,-58.2650032043457));
#1811=CARTESIAN_POINT('',(-7.85793515864485,23.3301802261578,-58.2650032043457));
#1812=CARTESIAN_POINT('',(-7.85613917872222,23.3318338298754,-58.2650032043457));
#1813=CARTESIAN_POINT('',(-7.85470124232513,23.333155724796,-58.2650032043457));
#1814=CARTESIAN_POINT('',(-7.85380515630127,23.3339841589838,-58.2650032043457));
#1815=CARTESIAN_POINT('',(-7.85308227745879,23.3346417536775,-58.2650032043457));
#1816=CARTESIAN_POINT('',(-7.85264419112873,23.3350645070712,-58.2650032043457));
#1817=CARTESIAN_POINT('',(-7.85226231349884,23.3353757818461,-58.2650032043457));
#1818=CARTESIAN_POINT('',(-7.85199509977524,23.3357853630133,-58.2650032043457));
#1819=CARTESIAN_POINT('',(-7.85151633495367,23.3364925785559,-58.2650032043457));
#1820=CARTESIAN_POINT('',(-7.85083819791851,23.3375078699646,-58.2650032043457));
#1821=CARTESIAN_POINT('',(-7.8497499302489,23.3391295512114,-58.2650032043457));
#1822=CARTESIAN_POINT('',(-7.84839070792284,23.34115760636,-58.2650032043457));
#1823=CARTESIAN_POINT('',(-7.84621533055754,23.3444019616355,-58.2650032043457));
#1824=CARTESIAN_POINT('',(-7.84349632213389,23.3484575885866,-58.2650032043457));
#1825=CARTESIAN_POINT('',(-7.84023342073295,23.3533242626589,-58.2650032043457));
#1826=CARTESIAN_POINT('',(-7.83588291742143,23.3598131887623,-58.2650032043457));
#1827=CARTESIAN_POINT('',(-7.83044477734071,23.3679243370114,-58.2650032043457));
#1828=CARTESIAN_POINT('',(-7.82391901392724,23.3776577189252,-58.2650032043457));
#1829=CARTESIAN_POINT('',(-7.81521799440654,23.3906355600746,-58.2650032043457));
#1830=CARTESIAN_POINT('',(-7.80434172056708,23.4068578619923,-58.2650032043457));
#1831=CARTESIAN_POINT('',(-7.7912901917194,23.4263246240878,-58.2650032043457));
#1832=CARTESIAN_POINT('',(-7.77388815333982,23.4522803069535,-58.2650032043457));
#1833=CARTESIAN_POINT('',(-7.75213560533639,23.4847249105113,-58.2650032043457));
#1834=CARTESIAN_POINT('',(-7.72603254774475,23.523658434791,-58.2650032043457));
#1835=CARTESIAN_POINT('',(-7.69992949014979,23.5625919590679,-58.2650032043457));
#1836=CARTESIAN_POINT('',(-7.67382643255577,23.6015254833455,-58.2650032043457));
#1837=CARTESIAN_POINT('',(-7.63902235576308,23.6534368490489,-58.2650032043457));
#1838=CARTESIAN_POINT('',(-7.60421827897202,23.7053482147518,-58.2650032043457));
#1839=CARTESIAN_POINT('',(-7.56941420215672,23.7572595804635,-58.2650032043457));
#1840=CARTESIAN_POINT('',(-7.54331114454168,23.7961931047487,-58.2650032043457));
#1841=CARTESIAN_POINT('',(-7.51720808692689,23.8351266290338,-58.2650032043457));
#1842=CARTESIAN_POINT('',(-7.49110502931763,23.8740601533169,-58.2650032043457));
#1843=CARTESIAN_POINT('',(-7.46500197171797,23.912993677596,-58.2650032043457));
#1844=CARTESIAN_POINT('',(-7.44542467853077,23.9421938208021,-58.2650032043457));
#1845=CARTESIAN_POINT('',(-7.43237314974331,23.9616605829358,-58.2650032043457));
#1846=CARTESIAN_POINT('',(-7.42584738535493,23.9713939640045,-58.2650032043457));
#1847=CARTESIAN_POINT('',(-7.41932162095194,23.9811273450642,-58.2650032043457));
#1848=CARTESIAN_POINT('',(-7.4138834840008,23.9892384959727,-58.2650032043457));
#1849=CARTESIAN_POINT('',(-7.40953297432819,23.9957274166416,-58.2650032043457));
#1850=CARTESIAN_POINT('',(-7.40627009238156,24.0005941073002,-58.2650032043457));
#1851=CARTESIAN_POINT('',(-7.40300720926193,24.0054607973591,-58.2650032043457));
#1852=CARTESIAN_POINT('',(-7.40028814365083,24.0095163742761,-58.2650032043457));
#1853=CARTESIAN_POINT('',(-7.39811288297713,24.012760831626,-58.2650032043457));
#1854=CARTESIAN_POINT('',(-7.39675336369135,24.0147886269945,-58.2650032043457));
#1855=CARTESIAN_POINT('',(-7.39566570558448,24.0164108414759,-58.2650032043457));
#1856=CARTESIAN_POINT('',(-7.39485007885818,24.0176275620618,-58.2650032043457));
#1857=CARTESIAN_POINT('',(-7.39417001818963,24.0186413058893,-58.2650032043457));
#1858=CARTESIAN_POINT('',(-7.3936268033797,24.0194527270749,-58.2650032043457));
#1859=CARTESIAN_POINT('',(-7.39328539567647,24.0199588950036,-58.2650032043457));
#1860=CARTESIAN_POINT('',(-7.39301661735544,24.0203660515653,-58.2650032043457));
#1861=CARTESIAN_POINT('',(-7.39280312915813,24.0206653345179,-58.2650032043457));
#1862=CARTESIAN_POINT('',(-7.3926990717935,24.0210205484942,-58.2650032043457));
#1863=CARTESIAN_POINT('',(-7.39252210992135,24.0214746332186,-58.2650032043457));
#1864=CARTESIAN_POINT('',(-7.39231397089468,24.022048915894,-58.2650032043457));
#1865=CARTESIAN_POINT('',(-7.39180368557884,24.023421699055,-58.2650032043457));
#1866=CARTESIAN_POINT('',(-7.39104277262048,24.0254831814591,-58.2650032043457));
#1867=CARTESIAN_POINT('',(-7.39002564523077,24.0282305076511,-58.2650032043457));
#1868=CARTESIAN_POINT('',(-7.38867037548635,24.0318940692937,-58.2650032043457));
#1869=CARTESIAN_POINT('',(-7.38697597943812,24.0364733634819,-58.2650032043457));
#1870=CARTESIAN_POINT('',(-7.38494283658251,24.0419685841796,-58.2650032043457));
#1871=CARTESIAN_POINT('',(-7.38290965830635,24.0474637867738,-58.2650032043457));
#1872=CARTESIAN_POINT('',(-7.38019876631111,24.0547907298897,-58.2650032043457));
#1873=CARTESIAN_POINT('',(-7.37681014707136,24.0639494066146,-58.2650032043457));
#1874=CARTESIAN_POINT('',(-7.37274380580364,24.0749398196148,-58.2650032043457));
#1875=CARTESIAN_POINT('',(-7.36867746404903,24.0859302323661,-58.2650032043457));
#1876=CARTESIAN_POINT('',(-7.36325567521294,24.1005841161215,-58.2650032043457));
#1877=CARTESIAN_POINT('',(-7.35647843910949,24.1189014707859,-58.2650032043457));
#1878=CARTESIAN_POINT('',(-7.34834575581038,24.1408822963959,-58.2650032043457));
#1879=CARTESIAN_POINT('',(-7.34021307250455,24.1628631220025,-58.2650032043457));
#1880=CARTESIAN_POINT('',(-7.33208038920054,24.18484394761,-58.2650032043457));
#1881=CARTESIAN_POINT('',(-7.32123681146121,24.2141517150863,-58.2650032043457));
#1882=CARTESIAN_POINT('',(-7.3076823392873,24.2507864244319,-58.2650032043457));
#1883=CARTESIAN_POINT('',(-7.29141697267843,24.2947480756467,-58.2650032043457));
#1884=CARTESIAN_POINT('',(-7.27515160606977,24.3387097268606,-58.2650032043457));
#1885=CARTESIAN_POINT('',(-7.25346445059086,24.3973252618164,-58.2650032043457));
#1886=CARTESIAN_POINT('',(-7.2317772951154,24.4559407967517,-58.2650032043457));
#1887=CARTESIAN_POINT('',(-7.21009013965639,24.5145563315996,-58.2650032043457));
#1888=CARTESIAN_POINT('',(-7.19382477306119,24.5585179827297,-58.2650032043457));
#1889=CARTESIAN_POINT('',(-7.17755940647168,24.6024796338699,-58.2650032043457));
#1890=CARTESIAN_POINT('',(-7.164004934287,24.6391143431726,-58.2650032043457));
#1891=CARTESIAN_POINT('',(-7.15316135658496,24.6684221106506,-58.2650032043457));
#1892=CARTESIAN_POINT('',(-7.14502867316931,24.6904029362408,-58.2650032043457));
#1893=CARTESIAN_POINT('',(-7.13689599027161,24.7123837619732,-58.2650032043457));
#1894=CARTESIAN_POINT('',(-7.12876330542317,24.734364587256,-58.2650032043457));
#1895=CARTESIAN_POINT('',(-7.12198607410299,24.7526819431346,-58.2650032043457));
#1896=CARTESIAN_POINT('',(-7.11724200030969,24.765504089403,-58.2650032043457));
#1897=CARTESIAN_POINT('',(-7.1145311195256,24.7728310345914,-58.2650032043457));
#1898=CARTESIAN_POINT('',(-7.11249790674699,24.7783262309197,-58.2650032043457));
#1899=CARTESIAN_POINT('',(-7.11080372901263,24.7829056012179,-58.2650032043457));
#1900=CARTESIAN_POINT('',(-7.10944801392469,24.786569007684,-58.2650032043457));
#1901=CARTESIAN_POINT('',(-7.10843224656078,24.7893168078396,-58.2650032043457));
#1902=CARTESIAN_POINT('',(-7.10758253262554,24.7916058610234,-58.2650032043457));
#1903=CARTESIAN_POINT('',(-7.10703612482551,24.7930951674828,-58.2650032043457));
#1904=CARTESIAN_POINT('',(-7.10677772940934,24.7937810453553,-58.2650032043457));
#1905=CARTESIAN_POINT('',(-7.10667965277469,24.7940691360745,-58.2650032043457));
#1906=CARTESIAN_POINT('',(-7.10657880069408,24.7942942182302,-58.2650032043457));
#1907=CARTESIAN_POINT('',(-7.10655984120727,24.7945390154469,-58.2650032043457));
#1908=CARTESIAN_POINT('',(-7.10650337036686,24.7949618032554,-58.2650032043457));
#1909=CARTESIAN_POINT('',(-7.10643485030413,24.7955687114828,-58.2650032043457));
#1910=CARTESIAN_POINT('',(-7.10631842612463,24.7965381295023,-58.2650032043457));
#1911=CARTESIAN_POINT('',(-7.10617522622794,24.7977504630362,-58.2650032043457));
#1912=CARTESIAN_POINT('',(-7.10600238889772,24.799205023147,-58.2650032043457));
#1913=CARTESIAN_POINT('',(-7.10577228751406,24.8011445205005,-58.2650032043457));
#1914=CARTESIAN_POINT('',(-7.1054845414953,24.8035688634743,-58.2650032043457));
#1915=CARTESIAN_POINT('',(-7.10502421453609,24.8074478282829,-58.2650032043457));
#1916=CARTESIAN_POINT('',(-7.10444878296267,24.8122965287867,-58.2650032043457));
#1917=CARTESIAN_POINT('',(-7.10375827486558,24.8181149717487,-58.2650032043457));
#1918=CARTESIAN_POINT('',(-7.10283759398268,24.8258728948743,-58.2650032043457));
#1919=CARTESIAN_POINT('',(-7.10168674405263,24.835570299064,-58.2650032043457));
#1920=CARTESIAN_POINT('',(-7.10030572363349,24.8472071839706,-58.2650032043457));
#1921=CARTESIAN_POINT('',(-7.09892470334895,24.8588440689094,-58.2650032043457));
#1922=CARTESIAN_POINT('',(-7.09708334292252,24.8743599154834,-58.2650032043457));
#1923=CARTESIAN_POINT('',(-7.09478164240565,24.8937547237046,-58.2650032043457));
#1924=CARTESIAN_POINT('',(-7.09201960177846,24.9170284935684,-58.2650032043457));
#1925=CARTESIAN_POINT('',(-7.08925756115312,24.9403022634327,-58.2650032043457));
#1926=CARTESIAN_POINT('',(-7.08557484031873,24.9713339565848,-58.2650032043457));
#1927=CARTESIAN_POINT('',(-7.0809714392759,25.0101235730253,-58.2650032043457));
#1928=CARTESIAN_POINT('',(-7.07544735802446,25.0566711127537,-58.2650032043457));
#1929=CARTESIAN_POINT('',(-7.06992327677302,25.1032186524819,-58.2650032043457));
#1930=CARTESIAN_POINT('',(-7.06439919552162,25.1497661922108,-58.2650032043457));
#1931=CARTESIAN_POINT('',(-7.05703375385281,25.2118295785121,-58.2650032043457));
#1932=CARTESIAN_POINT('',(-7.04966831218557,25.2738929648364,-58.2650032043457));
#1933=CARTESIAN_POINT('',(-7.04230287052443,25.3359563511863,-58.2650032043457));
#1934=CARTESIAN_POINT('',(-7.03677878927017,25.382503890948,-58.2650032043457));
#1935=CARTESIAN_POINT('',(-7.0312547080469,25.4290514307047,-58.2650032043457));
#1936=CARTESIAN_POINT('',(-7.02665130692724,25.4678410471503,-58.2650032043457));
#1937=CARTESIAN_POINT('',(-7.02296858625152,25.4988727403087,-58.2650032043457));
#1938=CARTESIAN_POINT('',(-7.02020654513931,25.5221465101349,-58.2650032043457));
#1939=CARTESIAN_POINT('',(-7.01790484613507,25.5415413184311,-58.2650032043457));
#1940=CARTESIAN_POINT('',(-7.01606348261752,25.5570571648084,-58.2650032043457));
#1941=CARTESIAN_POINT('',(-7.0146824717661,25.5686940502863,-58.2650032043457));
#1942=CARTESIAN_POINT('',(-7.01330141592317,25.5803309331012,-58.2650032043457));
#1943=CARTESIAN_POINT('',(-7.01192052825796,25.5919678258583,-58.2650032043457));
#1944=CARTESIAN_POINT('',(-7.01088439171816,25.6006954675859,-58.2650032043457));
#1945=CARTESIAN_POINT('',(-7.01019436612036,25.6065139386927,-58.2650032043457));
#1946=CARTESIAN_POINT('',(-7.0099057660706,25.6089382372379,-58.2650032043457));
#1947=CARTESIAN_POINT('',(-7.00967742734283,25.6108778263431,-58.2650032043457));
#1948=CARTESIAN_POINT('',(-7.00952890704983,25.6120897260686,-58.2650032043457));
#1949=CARTESIAN_POINT('',(-7.0094365849678,25.6129387442821,-58.2650032043457));
#1950=CARTESIAN_POINT('',(-7.00936561414354,25.6134228204625,-58.2650032043457));
#1951=CARTESIAN_POINT('',(-7.00936306961998,25.6139109427313,-58.2650032043457));
#1952=CARTESIAN_POINT('',(-7.00936430270258,25.6145213565544,-58.2650032043457));
#1953=CARTESIAN_POINT('',(-7.00936362966998,25.6159861349418,-58.2650032043457));
#1954=CARTESIAN_POINT('',(-7.00936414173891,25.6181833924971,-58.2650032043457));
#1955=CARTESIAN_POINT('',(-7.00936391817242,25.6220895611023,-58.2650032043457));
#1956=CARTESIAN_POINT('',(-7.00936402775375,25.6269722948626,-58.2650032043457));
#1957=CARTESIAN_POINT('',(-7.0093639927289,25.6328315655287,-58.2650032043457));
#1958=CARTESIAN_POINT('',(-7.00936400419796,25.6406439298562,-58.2650032043457));
#1959=CARTESIAN_POINT('',(-7.00936399857394,25.6504093840852,-58.2650032043457));
#1960=CARTESIAN_POINT('',(-7.00936400038151,25.6621279296663,-58.2650032043457));
#1961=CARTESIAN_POINT('',(-7.00936399990005,25.6738464751118,-58.2650032043457));
#1962=CARTESIAN_POINT('',(-7.00936400005771,25.68947120242,-58.2650032043457));
#1963=CARTESIAN_POINT('',(-7.00936399998043,25.7090021115387,-58.2650032043457));
#1964=CARTESIAN_POINT('',(-7.00936400000513,25.7324392024883,-58.2650032043457));
#1965=CARTESIAN_POINT('',(-7.00936399999705,25.7636886570852,-58.2650032043457));
#1966=CARTESIAN_POINT('',(-7.00936400000101,25.8027504753324,-58.2650032043457));
#1967=CARTESIAN_POINT('',(-7.00936399999974,25.8496246572284,-58.2650032043457));
#1968=CARTESIAN_POINT('',(-7.00936400000008,25.8964988391246,-58.2650032043457));
#1969=CARTESIAN_POINT('',(-7.00936399999997,25.9589977483195,-58.2650032043457));
#1970=CARTESIAN_POINT('',(-7.00936400000002,26.0371213848132,-58.2650032043457));
#1971=CARTESIAN_POINT('',(-7.009364,26.162119203203,-58.2650032043457));
#1972=CARTESIAN_POINT('',(-7.00936400000001,26.3183664761903,-58.2650032043457));
#1973=CARTESIAN_POINT('',(-7.00936400000001,26.505863203775,-58.2650032043457));
#1974=CARTESIAN_POINT('',(-7.00936400000001,26.6933599313597,-58.2650032043457));
#1975=CARTESIAN_POINT('',(-7.00936400000001,26.8808566589444,-58.2650032043457));
#1976=CARTESIAN_POINT('',(-7.00936400000001,27.0683533865292,-58.2650032043457));
#1977=CARTESIAN_POINT('',(-7.00936400000001,27.2558501141139,-58.2650032043457));
#1978=CARTESIAN_POINT('',(-7.00936400000001,27.5058457508935,-58.2650032043457));
#1979=CARTESIAN_POINT('',(-7.00936400000001,27.818340296868,-58.2650032043457));
#1980=CARTESIAN_POINT('',(-7.00936400000001,28.1933337520375,-58.2650032043457));
#1981=CARTESIAN_POINT('',(-7.00936400000001,28.568327207207,-58.2650032043457));
#1982=CARTESIAN_POINT('',(-7.00936400000001,28.9433206623764,-58.2650032043457));
#1983=CARTESIAN_POINT('',(-7.00936400000001,29.3183141175459,-58.2650032043457));
#1984=CARTESIAN_POINT('',(-7.009364,29.8183053911051,-58.2650032043457));
#1985=CARTESIAN_POINT('',(-7.00936400000001,30.4432944830543,-58.2650032043457));
#1986=CARTESIAN_POINT('',(-7.009364,31.1932813933932,-58.2650032043457));
#1987=CARTESIAN_POINT('',(-7.00936400000001,31.9432683037321,-58.2650032043457));
#1988=CARTESIAN_POINT('',(-7.00936400000001,32.693255214071,-58.2650032043457));
#1989=CARTESIAN_POINT('',(-7.00936400000001,33.4432421244099,-58.2650032043457));
#1990=CARTESIAN_POINT('',(-7.00936400000001,34.1932290347488,-58.2650032043457));
#1991=CARTESIAN_POINT('',(-7.00936400000001,35.1932115818674,-58.2650032043457));
#1992=CARTESIAN_POINT('',(-7.00936400000001,36.4431897657656,-58.2650032043457));
#1993=CARTESIAN_POINT('',(-7.00936400000001,37.9431635864435,-58.2650032043457));
#1994=CARTESIAN_POINT('',(-7.00936400000001,39.4431374071212,-58.2650032043457));
#1995=CARTESIAN_POINT('',(-7.00936400000001,40.9431112277991,-58.2650032043457));
#1996=CARTESIAN_POINT('',(-7.009364,42.4430850484769,-58.2650032043457));
#1997=CARTESIAN_POINT('',(-7.00936400000001,43.9430588691547,-58.2650032043457));
#1998=CARTESIAN_POINT('',(-7.00936400000001,45.4430326898326,-58.2650032043457));
#1999=CARTESIAN_POINT('',(-7.009364,47.4429977840695,-58.2650032043457));
#2000=CARTESIAN_POINT('',(-7.00936400000001,49.9429541518678,-58.2650032043457));
#2001=CARTESIAN_POINT('',(-7.00936400000001,52.9429017932157,-58.2650032043457));
#2002=CARTESIAN_POINT('',(-7.00936400000001,55.9428494345999,-58.2650032043457));
#2003=CARTESIAN_POINT('',(-7.00936400000001,58.9427970758495,-58.2650032043457));
#2004=CARTESIAN_POINT('',(-7.00936400000001,61.9427447176007,-58.2650032043457));
#2005=CARTESIAN_POINT('',(-7.00936400000001,64.9426923574801,-58.2650032043457));
#2006=CARTESIAN_POINT('',(-7.00936400000001,66.9426574553903,-58.2650032043457));
#2007=CARTESIAN_POINT('',(-7.00936400000001,67.94264,-58.2650032043457));
#2008=CARTESIAN_POINT('',(1.61059951782226,67.9426442119141,-58.2650032043457));
#2009=CARTESIAN_POINT('',(6.990636,67.94264,-58.2650032043457));
#2010=CARTESIAN_POINT('',(6.990636,66.9426574542332,-58.2650032043457));
#2011=CARTESIAN_POINT('',(6.990636,64.9426923626909,-58.2650032043457));
#2012=CARTESIAN_POINT('',(6.99063600000001,61.9427447253361,-58.2650032043457));
#2013=CARTESIAN_POINT('',(6.990636,58.9427970879556,-58.2650032043457));
#2014=CARTESIAN_POINT('',(6.99063600000001,55.9428494505575,-58.2650032043457));
#2015=CARTESIAN_POINT('',(6.990636,52.9429018131516,-58.2650032043457));
#2016=CARTESIAN_POINT('',(6.990636,49.9429541757478,-58.2650032043457));
#2017=CARTESIAN_POINT('',(6.99063600000001,47.4429978112542,-58.2650032043457));
#2018=CARTESIAN_POINT('',(6.99063600000001,45.4430327196701,-58.2650032043457));
#2019=CARTESIAN_POINT('',(6.990636,43.9430589009884,-58.2650032043457));
#2020=CARTESIAN_POINT('',(6.99063600000001,42.4430850823145,-58.2650032043457));
#2021=CARTESIAN_POINT('',(6.990636,40.9431112636495,-58.2650032043457));
#2022=CARTESIAN_POINT('',(6.990636,39.4431374449946,-58.2650032043457));
#2023=CARTESIAN_POINT('',(6.99063600000001,37.943163626351,-58.2650032043457));
#2024=CARTESIAN_POINT('',(6.990636,36.4431898077201,-58.2650032043457));
#2025=CARTESIAN_POINT('',(6.99063600000001,35.193211625539,-58.2650032043457));
#2026=CARTESIAN_POINT('',(6.990636,34.1932290798017,-58.2650032043457));
#2027=CARTESIAN_POINT('',(6.990636,33.4432421705026,-58.2650032043457));
#2028=CARTESIAN_POINT('',(6.99063600000001,32.6932552612075,-58.2650032043457));
#2029=CARTESIAN_POINT('',(6.99063600000001,31.9432683519166,-58.2650032043457));
#2030=CARTESIAN_POINT('',(6.990636,31.1932814426301,-58.2650032043457));
#2031=CARTESIAN_POINT('',(6.99063600000001,30.4432945333479,-58.2650032043457));
#2032=CARTESIAN_POINT('',(6.99063600000001,29.8183054422835,-58.2650032043457));
#2033=CARTESIAN_POINT('',(6.990636,29.3183141694342,-58.2650032043457));
#2034=CARTESIAN_POINT('',(6.99063600000001,28.9433207147986,-58.2650032043457));
#2035=CARTESIAN_POINT('',(6.99063600000001,28.5683272601641,-58.2650032043457));
#2036=CARTESIAN_POINT('',(6.990636,28.1933338055309,-58.2650032043457));
#2037=CARTESIAN_POINT('',(6.990636,27.8183403508989,-58.2650032043457));
#2038=CARTESIAN_POINT('',(6.990636,27.5058458053734,-58.2650032043457));
#2039=CARTESIAN_POINT('',(6.99063600000001,27.2558501689536,-58.2650032043457));
#2040=CARTESIAN_POINT('',(6.990636,27.0683534416391,-58.2650032043457));
#2041=CARTESIAN_POINT('',(6.990636,26.880856714325,-58.2650032043457));
#2042=CARTESIAN_POINT('',(6.99063600000001,26.6933599870111,-58.2650032043457));
#2043=CARTESIAN_POINT('',(6.990636,26.5058632596976,-58.2650032043457));
#2044=CARTESIAN_POINT('',(6.99063600000001,26.3183665323845,-58.2650032043457));
#2045=CARTESIAN_POINT('',(6.990636,26.1621192596238,-58.2650032043457));
#2046=CARTESIAN_POINT('',(6.99063600000002,26.0371214414154,-58.2650032043457));
#2047=CARTESIAN_POINT('',(6.99063599999997,25.9589978050353,-58.2650032043457));
#2048=CARTESIAN_POINT('',(6.99063600000008,25.8964988959312,-58.2650032043457));
#2049=CARTESIAN_POINT('',(6.99063599999974,25.8496247141031,-58.2650032043457));
#2050=CARTESIAN_POINT('',(6.99063600000101,25.8027505322752,-58.2650032043457));
#2051=CARTESIAN_POINT('',(6.99063599999706,25.763688714085,-58.2650032043457));
#2052=CARTESIAN_POINT('',(6.9906360000051,25.7324392595335,-58.2650032043457));
#2053=CARTESIAN_POINT('',(6.99063599998054,25.709002168618,-58.2650032043457));
#2054=CARTESIAN_POINT('',(6.99063600005739,25.6894712595276,-58.2650032043457));
#2055=CARTESIAN_POINT('',(6.99063599990061,25.6738465322423,-58.2650032043457));
#2056=CARTESIAN_POINT('',(6.99063600037939,25.6621279868136,-58.2650032043457));
#2057=CARTESIAN_POINT('',(6.99063599858183,25.6504094412504,-58.2650032043457));
#2058=CARTESIAN_POINT('',(6.99063600417473,25.6406439870336,-58.2650032043457));
#2059=CARTESIAN_POINT('',(6.99063599276913,25.6328316227212,-58.2650032043457));
#2060=CARTESIAN_POINT('',(6.99063602760015,25.6269723520522,-58.2650032043457));
#2061=CARTESIAN_POINT('',(6.99063591862528,25.6220896183349,-58.2650032043457));
#2062=CARTESIAN_POINT('',(6.99063614095449,25.6181834496622,-58.2650032043457));
#2063=CARTESIAN_POINT('',(6.9906356317195,25.6159861922777,-58.2650032043457));
#2064=CARTESIAN_POINT('',(6.99063630102732,25.6145214136721,-58.2650032043457));
#2065=CARTESIAN_POINT('',(6.990635074769,25.6139110002535,-58.2650032043457));
#2066=CARTESIAN_POINT('',(6.99063760521035,25.6134228771527,-58.2650032043457));
#2067=CARTESIAN_POINT('',(6.99070857947267,25.612938801175,-58.2650032043457));
#2068=CARTESIAN_POINT('',(6.99080089940937,25.6120897828341,-58.2650032043457));
#2069=CARTESIAN_POINT('',(6.99094942089609,25.6108778831782,-58.2650032043457));
#2070=CARTESIAN_POINT('',(6.99117775915415,25.6089382940438,-58.2650032043457));
#2071=CARTESIAN_POINT('',(6.9914663594302,25.6065139955105,-58.2650032043457));
#2072=CARTESIAN_POINT('',(6.99215638490165,25.6006955243926,-58.2650032043457));
#2073=CARTESIAN_POINT('',(6.99319252153329,25.5919678826665,-58.2650032043457));
#2074=CARTESIAN_POINT('',(6.9945734091605,25.5803309899043,-58.2650032043457));
#2075=CARTESIAN_POINT('',(6.99595446500881,25.5686941070894,-58.2650032043457));
#2076=CARTESIAN_POINT('',(6.99733547585434,25.5570572216132,-58.2650032043457));
#2077=CARTESIAN_POINT('',(6.99917683936841,25.5415413752415,-58.2650032043457));
#2078=CARTESIAN_POINT('',(7.00147853836755,25.5221465669576,-58.2650032043457));
#2079=CARTESIAN_POINT('',(7.00424057947509,25.4988727971537,-58.2650032043457));
#2080=CARTESIAN_POINT('',(7.00792330014541,25.4678411040338,-58.2650032043457));
#2081=CARTESIAN_POINT('',(7.01252670126001,25.4290514876507,-58.2650032043457));
#2082=CARTESIAN_POINT('',(7.01805078247892,25.3825039479837,-58.2650032043457));
#2083=CARTESIAN_POINT('',(7.0235748637296,25.3359564083189,-58.2650032043457));
#2084=CARTESIAN_POINT('',(7.0309403053859,25.273893022097,-58.2650032043457));
#2085=CARTESIAN_POINT('',(7.03830574704623,25.2118296358831,-58.2650032043457));
#2086=CARTESIAN_POINT('',(7.04567118870281,25.1497662496461,-58.2650032043457));
#2087=CARTESIAN_POINT('',(7.05119526994349,25.1032187099518,-58.2650032043457));
#2088=CARTESIAN_POINT('',(7.05671935118353,25.0566711702523,-58.2650032043457));
#2089=CARTESIAN_POINT('',(7.06224343242377,25.0101236305545,-58.2650032043457));
#2090=CARTESIAN_POINT('',(7.06684683345817,24.9713340141474,-58.2650032043457));
#2091=CARTESIAN_POINT('',(7.07052955428683,24.9403023210308,-58.2650032043457));
#2092=CARTESIAN_POINT('',(7.07329159490849,24.9170285511982,-58.2650032043457));
#2093=CARTESIAN_POINT('',(7.0760536355327,24.8937547813727,-58.2650032043457));
#2094=CARTESIAN_POINT('',(7.07835533604782,24.8743599731892,-58.2650032043457));
#2095=CARTESIAN_POINT('',(7.08019669647332,24.8588441266498,-58.2650032043457));
#2096=CARTESIAN_POINT('',(7.08157771675732,24.8472072417389,-58.2650032043457));
#2097=CARTESIAN_POINT('',(7.08295873717659,24.8355703568627,-58.2650032043457));
#2098=CARTESIAN_POINT('',(7.08410958710576,24.8258729527001,-58.2650032043457));
#2099=CARTESIAN_POINT('',(7.0850302679908,24.818115029598,-58.2650032043457));
#2100=CARTESIAN_POINT('',(7.08572077608227,24.8122965866526,-58.2650032043457));
#2101=CARTESIAN_POINT('',(7.08629620767419,24.8074478861687,-58.2650032043457));
#2102=CARTESIAN_POINT('',(7.08675653459644,24.8035689213639,-58.2650032043457));
#2103=CARTESIAN_POINT('',(7.08704428071005,24.8011445784211,-58.2650032043457));
#2104=CARTESIAN_POINT('',(7.0872743818995,24.7992050810273,-58.2650032043457));
#2105=CARTESIAN_POINT('',(7.08744721982368,24.7977505210645,-58.2650032043457));
#2106=CARTESIAN_POINT('',(7.08759041786245,24.7965381870874,-58.2650032043457));
#2107=CARTESIAN_POINT('',(7.08770684583274,24.795568769984,-58.2650032043457));
#2108=CARTESIAN_POINT('',(7.08777535624836,24.794961859436,-58.2650032043457));
#2109=CARTESIAN_POINT('',(7.08783184441577,24.7945390758005,-58.2650032043457));
#2110=CARTESIAN_POINT('',(7.08785077612866,24.7942942718981,-58.2650032043457));
#2111=CARTESIAN_POINT('',(7.08795163502462,24.7940691913851,-58.2650032043457));
#2112=CARTESIAN_POINT('',(7.08804970835685,24.7937810998729,-58.2650032043457));
#2113=CARTESIAN_POINT('',(7.08830810556671,24.7930952224372,-58.2650032043457));
#2114=CARTESIAN_POINT('',(7.0888545115725,24.7916059155566,-58.2650032043457));
#2115=CARTESIAN_POINT('',(7.08970422658538,24.7893168626487,-58.2650032043457));
#2116=CARTESIAN_POINT('',(7.09071999359981,24.7865690624281,-58.2650032043457));
#2117=CARTESIAN_POINT('',(7.09207570879566,24.7829056560129,-58.2650032043457));
#2118=CARTESIAN_POINT('',(7.09376988646826,24.77832628573,-58.2650032043457));
#2119=CARTESIAN_POINT('',(7.09580309925729,24.7728310894387,-58.2650032043457));
#2120=CARTESIAN_POINT('',(7.0985139800263,24.7655041442903,-58.2650032043457));
#2121=CARTESIAN_POINT('',(7.10325805380787,24.7526819980897,-58.2650032043457));
#2122=CARTESIAN_POINT('',(7.11003528510688,24.734364642291,-58.2650032043457));
#2123=CARTESIAN_POINT('',(7.11816796993679,24.7123838170835,-58.2650032043457));
#2124=CARTESIAN_POINT('',(7.1263006528187,24.6904029914067,-58.2650032043457));
#2125=CARTESIAN_POINT('',(7.13443333622169,24.6684221658556,-58.2650032043457));
#2126=CARTESIAN_POINT('',(7.14527691391036,24.63911439841,-58.2650032043457));
#2127=CARTESIAN_POINT('',(7.15883138608365,24.6024796891182,-58.2650032043457));
#2128=CARTESIAN_POINT('',(7.17509675266479,24.5585180379618,-58.2650032043457));
#2129=CARTESIAN_POINT('',(7.19136211925321,24.5145563868064,-58.2650032043457));
#2130=CARTESIAN_POINT('',(7.21304927470124,24.4559408519357,-58.2650032043457));
#2131=CARTESIAN_POINT('',(7.23473643015386,24.3973253170437,-58.2650032043457));
#2132=CARTESIAN_POINT('',(7.25642358559067,24.3387097822382,-58.2650032043457));
#2133=CARTESIAN_POINT('',(7.27268895216346,24.2947481311609,-58.2650032043457));
#2134=CARTESIAN_POINT('',(7.28895431873503,24.2507864800907,-58.2650032043457));
#2135=CARTESIAN_POINT('',(7.30250879087976,24.2141517708553,-58.2650032043457));
#2136=CARTESIAN_POINT('',(7.31335236859848,24.1848440034515,-58.2650032043457));
#2137=CARTESIAN_POINT('',(7.32148505188895,24.162863177888,-58.2650032043457));
#2138=CARTESIAN_POINT('',(7.32961773518343,24.140882352313,-58.2650032043457));
#2139=CARTESIAN_POINT('',(7.33775041847397,24.1189015267193,-58.2650032043457));
#2140=CARTESIAN_POINT('',(7.34452765457282,24.1005841720542,-58.2650032043457));
#2141=CARTESIAN_POINT('',(7.34994944340707,24.0859302882881,-58.2650032043457));
#2142=CARTESIAN_POINT('',(7.35401578516119,24.0749398755236,-58.2650032043457));
#2143=CARTESIAN_POINT('',(7.35808212642957,24.0639494625046,-58.2650032043457));
#2144=CARTESIAN_POINT('',(7.36147074567036,24.054790785759,-58.2650032043457));
#2145=CARTESIAN_POINT('',(7.36418163766784,24.0474638426238,-58.2650032043457));
#2146=CARTESIAN_POINT('',(7.36621481594365,24.0419686400125,-58.2650032043457));
#2147=CARTESIAN_POINT('',(7.368247958808,24.0364734193006,-58.2650032043457));
#2148=CARTESIAN_POINT('',(7.36994235483638,24.031894125085,-58.2650032043457));
#2149=CARTESIAN_POINT('',(7.3712976246264,24.0282305634512,-58.2650032043457));
#2150=CARTESIAN_POINT('',(7.37231475188272,24.0254832371796,-58.2650032043457));
#2151=CARTESIAN_POINT('',(7.37307566522111,24.0234217549607,-58.2650032043457));
#2152=CARTESIAN_POINT('',(7.37358595004275,24.0220489715411,-58.2650032043457));
#2153=CARTESIAN_POINT('',(7.37379408997609,24.0214746893264,-58.2650032043457));
#2154=CARTESIAN_POINT('',(7.37397104997817,24.0210206036443,-58.2650032043457));
#2155=CARTESIAN_POINT('',(7.3740751130589,24.0206653925876,-58.2650032043457));
#2156=CARTESIAN_POINT('',(7.37428857979529,24.0203660986663,-58.2650032043457));
#2157=CARTESIAN_POINT('',(7.37455736514121,24.0199589456953,-58.2650032043457));
#2158=CARTESIAN_POINT('',(7.37489876942255,24.0194527760178,-58.2650032043457));
#2159=CARTESIAN_POINT('',(7.37544198557778,24.01864135552,-58.2650032043457));
#2160=CARTESIAN_POINT('',(7.37612204558779,24.0176276113566,-58.2650032043457));
#2161=CARTESIAN_POINT('',(7.37693767252557,24.0164108908792,-58.2650032043457));
#2162=CARTESIAN_POINT('',(7.37802533056442,24.0147886763639,-58.2650032043457));
#2163=CARTESIAN_POINT('',(7.37938484988497,24.0127608810143,-58.2650032043457));
#2164=CARTESIAN_POINT('',(7.38156011054713,24.0095164236603,-58.2650032043457));
#2165=CARTESIAN_POINT('',(7.38427917616657,24.00546084675,-58.2650032043457));
#2166=CARTESIAN_POINT('',(7.38754205928595,24.0005941566944,-58.2650032043457));
#2167=CARTESIAN_POINT('',(7.39080494123453,23.9957274660405,-58.2650032043457));
#2168=CARTESIAN_POINT('',(7.39515545090838,23.9892385453775,-58.2650032043457));
#2169=CARTESIAN_POINT('',(7.40059358786028,23.9811273944771,-58.2650032043457));
#2170=CARTESIAN_POINT('',(7.4071193522627,23.9713940134274,-58.2650032043457));
#2171=CARTESIAN_POINT('',(7.41364511664913,23.9616606323694,-58.2650032043457));
#2172=CARTESIAN_POINT('',(7.42669664543009,23.9421938702579,-58.2650032043457));
#2173=CARTESIAN_POINT('',(7.44627393859821,23.9129937270885,-58.2650032043457));
#2174=CARTESIAN_POINT('',(7.47237699615763,23.8740602028638,-58.2650032043457));
#2175=CARTESIAN_POINT('',(7.49848005371649,23.8351266786389,-58.2650032043457));
#2176=CARTESIAN_POINT('',(7.52458311127551,23.7961931544141,-58.2650032043457));
#2177=CARTESIAN_POINT('',(7.55068616883444,23.7572596301892,-58.2650032043457));
#2178=CARTESIAN_POINT('',(7.58549024558011,23.705348264556,-58.2650032043457));
#2179=CARTESIAN_POINT('',(7.62029432232336,23.6534368989235,-58.2650032043457));
#2180=CARTESIAN_POINT('',(7.65509839909099,23.6015255332822,-58.2650032043457));
#2181=CARTESIAN_POINT('',(7.68120145667041,23.5625920090496,-58.2650032043457));
#2182=CARTESIAN_POINT('',(7.70730451425076,23.5236584848177,-58.2650032043457));
#2183=CARTESIAN_POINT('',(7.73340757182273,23.4847249605848,-58.2650032043457));
#2184=CARTESIAN_POINT('',(7.75516011980166,23.4522803570692,-58.2650032043457));
#2185=CARTESIAN_POINT('',(7.77256215815425,23.4263246742398,-58.2650032043457));
#2186=CARTESIAN_POINT('',(7.78561368697781,23.4068579121733,-58.2650032043457));
#2187=CARTESIAN_POINT('',(7.7964899607921,23.3906356102804,-58.2650032043457));
#2188=CARTESIAN_POINT('',(7.8051909802921,23.3776577691537,-58.2650032043457));
#2189=CARTESIAN_POINT('',(7.81171674368278,23.3679243872524,-58.2650032043457));
#2190=CARTESIAN_POINT('',(7.81715488376185,23.3598132390304,-58.2650032043457));
#2191=CARTESIAN_POINT('',(7.82150538702932,23.3533243129128,-58.2650032043457));
#2192=CARTESIAN_POINT('',(7.82476828851155,23.3484576389285,-58.2650032043457));
#2193=CARTESIAN_POINT('',(7.82748729663762,23.3444020117378,-58.2650032043457));
#2194=CARTESIAN_POINT('',(7.82966267458329,23.3411576569727,-58.2650032043457));
#2195=CARTESIAN_POINT('',(7.83102189540783,23.3391296005448,-58.2650032043457));
#2196=CARTESIAN_POINT('',(7.8321101661455,23.3375079219349,-58.2650032043457));
#2197=CARTESIAN_POINT('',(7.83278829535697,23.3364926238227,-58.2650032043457));
#2198=CARTESIAN_POINT('',(7.83326707422448,23.3357854203254,-58.2650032043457));
#2199=CARTESIAN_POINT('',(7.83353426542949,23.3353758198534,-58.2650032043457));
#2200=CARTESIAN_POINT('',(7.8339161485881,23.3350645498179,-58.2650032043457));
#2201=CARTESIAN_POINT('',(7.83435423222548,23.334641794116,-58.2650032043457));
#2202=CARTESIAN_POINT('',(7.83507711212675,23.3339842003296,-58.2650032043457));
#2203=CARTESIAN_POINT('',(7.83597319763645,23.3331557657007,-58.2650032043457));
#2204=CARTESIAN_POINT('',(7.83741113423769,23.3318338709549,-58.2650032043457));
#2205=CARTESIAN_POINT('',(7.83920711406317,23.3301802671537,-58.2650032043457));
#2206=CARTESIAN_POINT('',(7.84136290662012,23.3281964713728,-58.2650032043457));
#2207=CARTESIAN_POINT('',(7.84423708125143,23.3255512256218,-58.2650032043457));
#2208=CARTESIAN_POINT('',(7.84782987345868,23.3222447318059,-58.2650032043457));
#2209=CARTESIAN_POINT('',(7.85214119246777,23.3182769121012,-58.2650032043457));
#2210=CARTESIAN_POINT('',(7.85788962886544,23.3129864953036,-58.2650032043457));
#2211=CARTESIAN_POINT('',(7.86507517057009,23.3063734710551,-58.2650032043457));
#2212=CARTESIAN_POINT('',(7.87369782224131,23.2984378433509,-58.2650032043457));
#2213=CARTESIAN_POINT('',(7.88232047347767,23.2905022152736,-58.2650032043457));
#2214=CARTESIAN_POINT('',(7.89381734194463,23.2799213779677,-58.2650032043457));
#2215=CARTESIAN_POINT('',(7.9081884274764,23.2666953312904,-58.2650032043457));
#2216=CARTESIAN_POINT('',(7.92543373013663,23.250824075297,-58.2650032043457));
#2217=CARTESIAN_POINT('',(7.94267903279108,23.2349528192982,-58.2650032043457));
#2218=CARTESIAN_POINT('',(7.95992433544698,23.219081563301,-58.2650032043457));
#2219=CARTESIAN_POINT('',(7.98291807232105,23.1979198886375,-58.2650032043457));
#2220=CARTESIAN_POINT('',(8.01166024341386,23.1714677953083,-58.2650032043457));
#2221=CARTESIAN_POINT('',(8.04615084872503,23.1397252833132,-58.2650032043457));
#2222=CARTESIAN_POINT('',(8.08064145403653,23.107982771318,-58.2650032043457));
#2223=CARTESIAN_POINT('',(8.12662892778353,23.0656594219914,-58.2650032043457));
#2224=CARTESIAN_POINT('',(8.17261640153998,23.0233360726637,-58.2650032043457));
#2225=CARTESIAN_POINT('',(8.21860387535264,22.9810127233307,-58.2650032043457));
#2226=CARTESIAN_POINT('',(8.25309448071635,22.9492702113304,-58.2650032043457));
#2227=CARTESIAN_POINT('',(8.28758508607593,22.917527699331,-58.2650032043457));
#2228=CARTESIAN_POINT('',(8.31632725719332,22.8910756059979,-58.2650032043457));
#2229=CARTESIAN_POINT('',(8.33932099407516,22.8699139313366,-58.2650032043457));
#2230=CARTESIAN_POINT('',(8.35656629672073,22.8540426753315,-58.2650032043457));
#2231=CARTESIAN_POINT('',(8.37381159938319,22.8381714193652,-58.2650032043457));
#2232=CARTESIAN_POINT('',(8.3881826848404,22.8249453726099,-58.2650032043457));
#2233=CARTESIAN_POINT('',(8.39967955339009,22.8143645354699,-58.2650032043457));
#2234=CARTESIAN_POINT('',(8.40830220427815,22.806428906895,-58.2650032043457));
#2235=CARTESIAN_POINT('',(8.41692485714979,22.7984932810699,-58.2650032043457));
#2236=CARTESIAN_POINT('',(8.42411039501623,22.7918802509843,-58.2650032043457));
#2237=CARTESIAN_POINT('',(8.42914028365047,22.7872511467082,-58.2650032043457));
#2238=CARTESIAN_POINT('',(8.43201448679014,22.7846059180624,-58.2650032043457));
#2239=CARTESIAN_POINT('',(8.43417019248889,22.7826220703896,-58.2650032043457));
#2240=CARTESIAN_POINT('',(8.43596644398009,22.7809686288753,-58.2650032043457));
#2241=CARTESIAN_POINT('',(8.4374038263189,22.7796464030467,-58.2650032043457));
#2242=CARTESIAN_POINT('',(8.43848082158944,22.7786532925988,-58.2650032043457));
#2243=CARTESIAN_POINT('',(8.43938163044902,22.7778302844046,-58.2650032043457));
#2244=CARTESIAN_POINT('',(8.44000569541799,22.7772451830635,-58.2650032043457));
#2245=CARTESIAN_POINT('',(8.44032661014129,22.7769649225412,-58.2650032043457));
#2246=CARTESIAN_POINT('',(8.44049569203556,22.7767849899322,-58.2650032043457));
#2247=CARTESIAN_POINT('',(8.44071858201028,22.7766795103184,-58.2650032043457));
#2248=CARTESIAN_POINT('',(8.44098061377943,22.7765247184714,-58.2650032043457));
#2249=CARTESIAN_POINT('',(8.44140911826386,22.7762898555829,-58.2650032043457));
#2250=CARTESIAN_POINT('',(8.44215468966268,22.7758728798754,-58.2650032043457));
#2251=CARTESIAN_POINT('',(8.44322204573646,22.775280319206,-58.2650032043457));
#2252=CARTESIAN_POINT('',(8.4445019082027,22.7745679113999,-58.2650032043457));
#2253=CARTESIAN_POINT('',(8.44620872851599,22.7736185006591,-58.2650032043457));
#2254=CARTESIAN_POINT('',(8.44834213827587,22.7724315772363,-58.2650032043457));
#2255=CARTESIAN_POINT('',(8.45090227948227,22.7710073376129,-58.2650032043457));
#2256=CARTESIAN_POINT('',(8.45431578380152,22.7691083275259,-58.2650032043457));
#2257=CARTESIAN_POINT('',(8.45858267013319,22.7667345731261,-58.2650032043457));
#2258=CARTESIAN_POINT('',(8.46370293118826,22.7638860643274,-58.2650032043457));
#2259=CARTESIAN_POINT('',(8.46882319292349,22.7610375564701,-58.2650032043457));
#2260=CARTESIAN_POINT('',(8.47565020833306,22.7572395456648,-58.2650032043457));
#2261=CARTESIAN_POINT('',(8.48418397767631,22.752492032271,-58.2650032043457));
#2262=CARTESIAN_POINT('',(8.49442450085351,22.7467950161501,-58.2650032043457));
#2263=CARTESIAN_POINT('',(8.50807853176844,22.7391989946726,-58.2650032043457));
#2264=CARTESIAN_POINT('',(8.52514607040802,22.7297039678199,-58.2650032043457));
#2265=CARTESIAN_POINT('',(8.54562711677723,22.7183099355992,-58.2650032043457));
#2266=CARTESIAN_POINT('',(8.56610816314596,22.7069159033777,-58.2650032043457));
#2267=CARTESIAN_POINT('',(8.5934162249714,22.6917238604163,-58.2650032043457));
#2268=CARTESIAN_POINT('',(8.62755130225143,22.6727338067116,-58.2650032043457));
#2269=CARTESIAN_POINT('',(8.66851339499506,22.6499457422795,-58.2650032043457));
#2270=CARTESIAN_POINT('',(8.70947548771101,22.6271576777978,-58.2650032043457));
#2271=CARTESIAN_POINT('',(8.75043758052998,22.6043696135013,-58.2650032043457));
#2272=CARTESIAN_POINT('',(8.80505370377636,22.5739855268505,-58.2650032043457));
#2273=CARTESIAN_POINT('',(8.87332386141855,22.5360054249904,-58.2650032043457));
#2274=CARTESIAN_POINT('',(8.95524803442902,22.4904292730498,-58.2650032043457));
#2275=CARTESIAN_POINT('',(9.02351822798109,22.4524492367348,-58.2650032043457));
#2276=CARTESIAN_POINT('',(9.07130726673641,22.4258630347236,-58.2650032043457));
#2277=CARTESIAN_POINT('',(9.0986154397527,22.4106711949842,-58.2650032043457));
#2278=CARTESIAN_POINT('',(9.11909614443727,22.3992765385912,-58.2650032043457));
#2279=CARTESIAN_POINT('',(9.13616475233619,22.3897834653805,-58.2650032043457));
#2280=CARTESIAN_POINT('',(9.14811012040705,22.3831334589621,-58.2650032043457));
#2281=CARTESIAN_POINT('',(9.15494019444498,22.3793410363172,-58.2650032043457));
#2282=CARTESIAN_POINT('',(9.16005106095909,22.3764753634612,-58.2650032043457));
#2283=CARTESIAN_POINT('',(9.16520660881124,22.3736913235855,-58.2650032043457));
#2284=CARTESIAN_POINT('',(9.17208636442925,22.369989669385,-58.2650032043457));
#2285=CARTESIAN_POINT('',(9.18412328483827,22.3635069294624,-58.2650032043457));
#2286=CARTESIAN_POINT('',(9.20132027187857,22.3542484054898,-58.2650032043457));
#2287=CARTESIAN_POINT('',(9.22195606287569,22.3431370924852,-58.2650032043457));
#2288=CARTESIAN_POINT('',(9.24947065817215,22.3283223872171,-58.2650032043457));
#2289=CARTESIAN_POINT('',(9.28386383116892,22.3098038756884,-58.2650032043457));
#2290=CARTESIAN_POINT('',(9.32513566920841,22.2875817174736,-58.2650032043457));
#2291=CARTESIAN_POINT('',(9.38016477595997,22.2579521537576,-58.2650032043457));
#2292=CARTESIAN_POINT('',(9.44895116304854,22.2209152057782,-58.2650032043457));
#2293=CARTESIAN_POINT('',(9.53149482599024,22.1764708653433,-58.2650032043457));
#2294=CARTESIAN_POINT('',(9.61403848935041,22.1320265256711,-58.2650032043457));
#2295=CARTESIAN_POINT('',(9.72409670701745,22.072767405839,-58.2650032043457));
#2296=CARTESIAN_POINT('',(9.8616694791512,21.9986935061368,-58.2650032043457));
#2297=CARTESIAN_POINT('',(10.0267568056897,21.90980482645,-58.2650032043457));
#2298=CARTESIAN_POINT('',(10.1918441322337,21.8209161467699,-58.2650032043457));
#2299=CARTESIAN_POINT('',(10.3569314587759,21.7320274670842,-58.2650032043457));
#2300=CARTESIAN_POINT('',(10.5770478941658,21.6135092275018,-58.2650032043457));
#2301=CARTESIAN_POINT('',(10.8521934384029,21.4653614280217,-58.2650032043457));
#2302=CARTESIAN_POINT('',(11.1823680914879,21.28758406865,-58.2650032043457));
#2303=CARTESIAN_POINT('',(11.5125427445742,21.109806709295,-58.2650032043457));
#2304=CARTESIAN_POINT('',(11.7876882888129,20.9616589098331,-58.2650032043457));
#2305=CARTESIAN_POINT('',(12.0078047242038,20.8431406702635,-58.2650032043457));
#2306=CARTESIAN_POINT('',(12.172892050747,20.7542519905863,-58.2650032043457));
#2307=CARTESIAN_POINT('',(12.3379793772902,20.665363310909,-58.2650032043457));
#2308=CARTESIAN_POINT('',(12.5030667038334,20.5764746312318,-58.2650032043457));
#2309=CARTESIAN_POINT('',(12.6681540303766,20.4875859515546,-58.2650032043457));
#2310=CARTESIAN_POINT('',(12.8332413569198,20.3986972718774,-58.2650032043457));
#2311=CARTESIAN_POINT('',(12.9708141290391,20.3246233721464,-58.2650032043457));
#2312=CARTESIAN_POINT('',(13.0808723467347,20.2653642523615,-58.2650032043457));
#2313=CARTESIAN_POINT('',(13.1634160100062,20.220919912523,-58.2650032043457));
#2314=CARTESIAN_POINT('',(13.2322023960659,20.1838829626574,-58.2650032043457));
#2315=CARTESIAN_POINT('',(13.2872315049137,20.1542534027651,-58.2650032043457));
#2316=CARTESIAN_POINT('',(13.3285033365493,20.1320312328456,-58.2650032043457));
#2317=CARTESIAN_POINT('',(13.3697751681857,20.1098090629272,-58.2650032043457));
#2318=CARTESIAN_POINT('',(13.4110469998191,20.0875868930043,-58.2650032043457));
#2319=CARTESIAN_POINT('',(13.452318831464,20.0653647230984,-58.2650032043457));
#2320=CARTESIAN_POINT('',(13.4935906630658,20.0431425531292,-58.2650032043457));
#2321=CARTESIAN_POINT('',(13.5279838562014,20.0246240783517,-58.2650032043457));
#2322=CARTESIAN_POINT('',(13.5520590911334,20.0116611456218,-58.2650032043457));
#2323=CARTESIAN_POINT('',(13.565816368648,20.0042537560924,-58.2650032043457));
#2324=CARTESIAN_POINT('',(13.5761343256278,19.9986982122495,-58.2650032043457));
#2325=CARTESIAN_POINT('',(13.5847326267932,19.9940685977824,-58.2650032043457));
#2326=CARTESIAN_POINT('',(13.5916112594663,19.990364894092,-58.2650032043457));
#2327=CARTESIAN_POINT('',(13.5967702565391,19.9875871494335,-58.2650032043457));
#2328=CARTESIAN_POINT('',(13.6010693489813,19.985272256902,-58.2650032043457));
#2329=CARTESIAN_POINT('',(13.6040788545662,19.9836520388084,-58.2650032043457));
#2330=CARTESIAN_POINT('',(13.6057983520783,19.9827258771868,-58.2650032043457));
#2331=CARTESIAN_POINT('',(13.607088594857,19.9820321650522,-58.2650032043457));
#2332=CARTESIAN_POINT('',(13.608161823343,19.9814511757979,-58.2650032043457));
#2333=CARTESIAN_POINT('',(13.6090248335002,19.9809928797947,-58.2650032043457));
#2334=CARTESIAN_POINT('',(13.6095012033583,19.9807217767563,-58.2650032043457));
#2335=CARTESIAN_POINT('',(13.6098332137462,19.9805622123854,-58.2650032043457));
#2336=CARTESIAN_POINT('',(13.6100201053203,19.9804052964085,-58.2650032043457));
#2337=CARTESIAN_POINT('',(13.6103457865932,19.9801286703421,-58.2650032043457));
#2338=CARTESIAN_POINT('',(13.610998126272,19.979576851763,-58.2650032043457));
#2339=CARTESIAN_POINT('',(13.6123021118869,19.9784721968135,-58.2650032043457));
#2340=CARTESIAN_POINT('',(13.6141653112289,19.9768946505042,-58.2650032043457));
#2341=CARTESIAN_POINT('',(13.6164009949407,19.9750013668011,-58.2650032043457));
#2342=CARTESIAN_POINT('',(13.6186367202476,19.973108144122,-58.2650032043457));
#2343=CARTESIAN_POINT('',(13.6216176728145,19.9705838259308,-58.2650032043457));
#2344=CARTESIAN_POINT('',(13.6268343465668,19.9661662790136,-58.2650032043457));
#2345=CARTESIAN_POINT('',(13.6342867341065,19.9598554925176,-58.2650032043457));
#2346=CARTESIAN_POINT('',(13.6432296006698,19.9522825509455,-58.2650032043457));
#2347=CARTESIAN_POINT('',(13.6521724668267,19.9447096087779,-58.2650032043457));
#2348=CARTESIAN_POINT('',(13.6611153330924,19.9371366667696,-58.2650032043457));
#2349=CARTESIAN_POINT('',(13.6730391547417,19.927039410703,-58.2650032043457));
#2350=CARTESIAN_POINT('',(13.6879439318164,19.9144178406386,-58.2650032043457));
#2351=CARTESIAN_POINT('',(13.7058296642999,19.8992719565535,-58.2650032043457));
#2352=CARTESIAN_POINT('',(13.7237153967848,19.8841260724704,-58.2650032043457));
#2353=CARTESIAN_POINT('',(13.7416011292689,19.8689801883869,-58.2650032043457));
#2354=CARTESIAN_POINT('',(13.765448772581,19.8487856762756,-58.2650032043457));
#2355=CARTESIAN_POINT('',(13.7952583267201,19.8235425361367,-58.2650032043457));
#2356=CARTESIAN_POINT('',(13.8310297916862,19.7932507679701,-58.2650032043457));
#2357=CARTESIAN_POINT('',(13.8787250783061,19.7528617437481,-58.2650032043457));
#2358=CARTESIAN_POINT('',(13.9383441865782,19.7023754634709,-58.2650032043457));
#2359=CARTESIAN_POINT('',(14.0098871165008,19.6417919271388,-58.2650032043457));
#2360=CARTESIAN_POINT('',(14.0814300464193,19.5812083908072,-58.2650032043457));
#2361=CARTESIAN_POINT('',(14.152972976334,19.5206248544759,-58.2650032043457));
#2362=CARTESIAN_POINT('',(14.2245159062449,19.4600413181453,-58.2650032043457));
#2363=CARTESIAN_POINT('',(14.2960588361523,19.3994577818149,-58.2650032043457));
#2364=CARTESIAN_POINT('',(14.3914494093574,19.3186797333751,-58.2650032043457));
#2365=CARTESIAN_POINT('',(14.5106876258556,19.2177071728262,-58.2650032043457));
#2366=CARTESIAN_POINT('',(14.6537734856412,19.096540100169,-58.2650032043457));
#2367=CARTESIAN_POINT('',(14.7968593454156,18.9753730275131,-58.2650032043457));
#2368=CARTESIAN_POINT('',(14.987640491768,18.8138169306402,-58.2650032043457));
#2369=CARTESIAN_POINT('',(15.2261169246858,18.6118718095518,-58.2650032043457));
#2370=CARTESIAN_POINT('',(15.5122886441597,18.3695376642489,-58.2650032043457));
#2371=CARTESIAN_POINT('',(15.7984603636143,18.1272035189483,-58.2650032043457));
#2372=CARTESIAN_POINT('',(16.0846320830584,17.884869373649,-58.2650032043457));
#2373=CARTESIAN_POINT('',(16.3231085159267,17.6829242525664,-58.2650032043457));
#2374=CARTESIAN_POINT('',(16.5138896622246,17.5213681556999,-58.2650032043457));
#2375=CARTESIAN_POINT('',(16.6569755219507,17.4002010830498,-58.2650032043457));
#2376=CARTESIAN_POINT('',(16.7762137383922,17.2992285225077,-58.2650032043457));
#2377=CARTESIAN_POINT('',(16.8716043115479,17.2184504740736,-58.2650032043457));
#2378=CARTESIAN_POINT('',(16.9431472414159,17.157866937748,-58.2650032043457));
#2379=CARTESIAN_POINT('',(17.0146901712855,17.0972834014221,-58.2650032043457));
#2380=CARTESIAN_POINT('',(17.0862331011565,17.0366998650961,-58.2650032043457));
#2381=CARTESIAN_POINT('',(17.145852209384,16.9862135848242,-58.2650032043457));
#2382=CARTESIAN_POINT('',(17.1935474959668,16.9458245606066,-58.2650032043457));
#2383=CARTESIAN_POINT('',(17.2293189609044,16.9155327924434,-58.2650032043457));
#2384=CARTESIAN_POINT('',(17.2650904258423,16.8852410242799,-58.2650032043457));
#2385=CARTESIAN_POINT('',(17.3008618907818,16.8549492561173,-58.2650032043457));
#2386=CARTESIAN_POINT('',(17.3306714448951,16.8297061159786,-58.2650032043457));
#2387=CARTESIAN_POINT('',(17.3545190881935,16.8095116038748,-58.2650032043457));
#2388=CARTESIAN_POINT('',(17.3724048206471,16.7943657197773,-58.2650032043457));
#2389=CARTESIAN_POINT('',(17.3902905531784,16.7792198357543,-58.2650032043457));
#2390=CARTESIAN_POINT('',(17.4051953300463,16.7665982655034,-58.2650032043457));
#2391=CARTESIAN_POINT('',(17.4171191520821,16.7565010098213,-58.2650032043457));
#2392=CARTESIAN_POINT('',(17.4260620171295,16.7489280666431,-58.2650032043457));
#2393=CARTESIAN_POINT('',(17.4350048878238,16.7413551288725,-58.2650032043457));
#2394=CARTESIAN_POINT('',(17.4424572624797,16.7350443305516,-58.2650032043457));
#2395=CARTESIAN_POINT('',(17.4484192015954,16.72999572962,-58.2650032043457));
#2396=CARTESIAN_POINT('',(17.4528905483123,16.7262091758535,-58.2650032043457));
#2397=CARTESIAN_POINT('',(17.4573623058139,16.7224230154955,-58.2650032043457));
#2398=CARTESIAN_POINT('',(17.4607149723006,16.7195822923025,-58.2650032043457));
#2399=CARTESIAN_POINT('',(17.4629518743207,16.7176901921076,-58.2650032043457));
#2400=CARTESIAN_POINT('',(17.4638812516808,16.7168992646155,-58.2650032043457));
#2401=CARTESIAN_POINT('',(17.4646309708217,16.7162724768817,-58.2650032043457));
#2402=CARTESIAN_POINT('',(17.4650853347268,16.7158671251039,-58.2650032043457));
#2403=CARTESIAN_POINT('',(17.4654813768768,16.7155740177826,-58.2650032043457));
#2404=CARTESIAN_POINT('',(17.4657585917278,16.715167109617,-58.2650032043457));
#2405=CARTESIAN_POINT('',(17.46629578793,16.714504887944,-58.2650032043457));
#2406=CARTESIAN_POINT('',(17.4670360432161,16.7135328383365,-58.2650032043457));
#2407=CARTESIAN_POINT('',(17.4682356358057,16.7119921008002,-58.2650032043457));
#2408=CARTESIAN_POINT('',(17.4697299169927,16.7100611896962,-58.2650032043457));
#2409=CARTESIAN_POINT('',(17.4715252840595,16.707746231699,-58.2650032043457));
#2410=CARTESIAN_POINT('',(17.4739183290957,16.7046588762145,-58.2650032043457));
#2411=CARTESIAN_POINT('',(17.4781065202156,16.6992563510972,-58.2650032043457));
#2412=CARTESIAN_POINT('',(17.4840894613517,16.6915382770336,-58.2650032043457));
#2413=CARTESIAN_POINT('',(17.493662272822,16.6791894597156,-58.2650032043457));
#2414=CARTESIAN_POINT('',(17.5056282509056,16.6637534033468,-58.2650032043457));
#2415=CARTESIAN_POINT('',(17.5199874401487,16.6452301505897,-58.2650032043457));
#2416=CARTESIAN_POINT('',(17.5343466252278,16.6267068938443,-58.2650032043457));
#2417=CARTESIAN_POINT('',(17.5487058114209,16.6081836381658,-58.2650032043457));
#2418=CARTESIAN_POINT('',(17.567851392623,16.5834859635548,-58.2650032043457));
#2419=CARTESIAN_POINT('',(17.5917833692592,16.5526138704189,-58.2650032043457));
#2420=CARTESIAN_POINT('',(17.6205017411659,16.5155673586005,-58.2650032043457));
#2421=CARTESIAN_POINT('',(17.6492201130884,16.4785208467964,-58.2650032043457));
#2422=CARTESIAN_POINT('',(17.687511275647,16.4291254977186,-58.2650032043457));
#2423=CARTESIAN_POINT('',(17.735375228848,16.3673813113723,-58.2650032043457));
#2424=CARTESIAN_POINT('',(17.7928119726901,16.2932882877544,-58.2650032043457));
#2425=CARTESIAN_POINT('',(17.8502487165337,16.2191952641356,-58.2650032043457));
#2426=CARTESIAN_POINT('',(17.9076854603787,16.1451022405154,-58.2650032043457));
#2427=CARTESIAN_POINT('',(17.9842677855068,16.046311542354,-58.2650032043457));
#2428=CARTESIAN_POINT('',(18.0799956919198,15.9228231696496,-58.2650032043457));
#2429=CARTESIAN_POINT('',(18.1948691796187,15.7746371224014,-58.2650032043457));
#2430=CARTESIAN_POINT('',(18.3097426673203,15.6264510751509,-58.2650032043457));
#2431=CARTESIAN_POINT('',(18.4246161550235,15.4782650278989,-58.2650032043457));
#2432=CARTESIAN_POINT('',(18.5394896427274,15.3300789806463,-58.2650032043457));
#2433=CARTESIAN_POINT('',(18.692654292999,15.1324975843097,-58.2650032043457));
#2434=CARTESIAN_POINT('',(18.8841101058359,14.8855208388914,-58.2650032043457));
#2435=CARTESIAN_POINT('',(19.1138570812286,14.5891487443995,-58.2650032043457));
#2436=CARTESIAN_POINT('',(19.3436040566026,14.2927766499245,-58.2650032043457));
#2437=CARTESIAN_POINT('',(19.5350598693921,14.0457999045474,-58.2650032043457));
#2438=CARTESIAN_POINT('',(19.6882245196082,13.8482185082614,-58.2650032043457));
#2439=CARTESIAN_POINT('',(19.8030980072579,13.7000324610528,-58.2650032043457));
#2440=CARTESIAN_POINT('',(19.9179714949093,13.5518464138622,-58.2650032043457));
#2441=CARTESIAN_POINT('',(20.0328449825059,13.4036603666469,-58.2650032043457));
#2442=CARTESIAN_POINT('',(20.1477184702534,13.2554743195714,-58.2650032043457));
#2443=CARTESIAN_POINT('',(20.2434463761925,13.1319859466161,-58.2650032043457));
#2444=CARTESIAN_POINT('',(20.3200287020712,13.0331952491579,-58.2650032043457));
#2445=CARTESIAN_POINT('',(20.3774654433776,12.9591022236086,-58.2650032043457));
#2446=CARTESIAN_POINT('',(20.4253294043206,12.8973580434748,-58.2650032043457));
#2447=CARTESIAN_POINT('',(20.463620550965,12.8479626818277,-58.2650032043457));
#2448=CARTESIAN_POINT('',(20.4875525679584,12.8170906207426,-58.2650032043457));
#2449=CARTESIAN_POINT('',(20.5066980662602,12.7923928803958,-58.2650032043457));
#2450=CARTESIAN_POINT('',(20.5210575056588,12.7738698256073,-58.2650032043457));
#2451=CARTESIAN_POINT('',(20.5354157400133,12.7553458146729,-58.2650032043457));
#2452=CARTESIAN_POINT('',(20.5473846890609,12.7399121173222,-58.2650032043457));
#2453=CARTESIAN_POINT('',(20.5551576756738,12.7298747945443,-58.2650032043457));
#2454=CARTESIAN_POINT('',(20.5587523852064,12.7252478788455,-58.2650032043457));
#2455=CARTESIAN_POINT('',(20.5611311199762,12.7221491939012,-58.2650032043457));
#2456=CARTESIAN_POINT('',(20.5654751333931,12.7168702909037,-58.2650032043457));
#2457=CARTESIAN_POINT('',(20.5716116408625,12.7092740733052,-58.2650032043457));
#2458=CARTESIAN_POINT('',(20.5814687395077,12.6971508212399,-58.2650032043457));
#2459=CARTESIAN_POINT('',(20.5937768665676,12.6819862458732,-58.2650032043457));
#2460=CARTESIAN_POINT('',(20.6134772724959,12.6577287989233,-58.2650032043457));
#2461=CARTESIAN_POINT('',(20.6381002452527,12.627404979092,-58.2650032043457));
#2462=CARTESIAN_POINT('',(20.6774984183357,12.5788879913979,-58.2650032043457));
#2463=CARTESIAN_POINT('',(20.7267456486187,12.5182413710597,-58.2650032043457));
#2464=CARTESIAN_POINT('',(20.7858425334587,12.4454655920318,-58.2650032043457));
#2465=CARTESIAN_POINT('',(20.8449393624065,12.3726897686157,-58.2650032043457));
#2466=CARTESIAN_POINT('',(20.8941867326538,12.3120432592311,-58.2650032043457));
#2467=CARTESIAN_POINT('',(20.9335846261827,12.2635260496021,-58.2650032043457));
#2468=CARTESIAN_POINT('',(20.9631330466877,12.227138142665,-58.2650032043457));
#2469=CARTESIAN_POINT('',(20.9877567303578,12.1968148868192,-58.2650032043457));
#2470=CARTESIAN_POINT('',(21.0074556773083,12.1725562821566,-58.2650032043457));
#2471=CARTESIAN_POINT('',(21.0222298875174,12.1543623286576,-58.2650032043457));
#2472=CARTESIAN_POINT('',(21.0370040977256,12.13616837516,-58.2650032043457));
#2473=CARTESIAN_POINT('',(21.0517783079294,12.11797442166,-58.2650032043457));
#2474=CARTESIAN_POINT('',(21.0665525181387,12.0997804681687,-58.2650032043457));
#2475=CARTESIAN_POINT('',(21.0788643599527,12.0846188402335,-58.2650032043457));
#2476=CARTESIAN_POINT('',(21.0887138334578,12.0724895379435,-58.2650032043457));
#2477=CARTESIAN_POINT('',(21.0948697542714,12.0649087238799,-58.2650032043457));
#2478=CARTESIAN_POINT('',(21.0997944912115,12.0588440729326,-58.2650032043457));
#2479=CARTESIAN_POINT('',(21.1034880431235,12.0542955838909,-58.2650032043457));
#2480=CARTESIAN_POINT('',(21.1071815980616,12.049747098022,-58.2650032043457));
#2481=CARTESIAN_POINT('',(21.1102595510828,12.0459566832483,-58.2650032043457));
#2482=CARTESIAN_POINT('',(21.1127219346114,12.042924373562,-58.2650032043457));
#2483=CARTESIAN_POINT('',(21.1145686645788,12.040650080829,-58.2650032043457));
#2484=CARTESIAN_POINT('',(21.1164156147059,12.0383760189031,-58.2650032043457));
#2485=CARTESIAN_POINT('',(21.1178002100817,12.0366698253884,-58.2650032043457));
#2486=CARTESIAN_POINT('',(21.1187242335648,12.0355333693686,-58.2650032043457));
#2487=CARTESIAN_POINT('',(21.1191078149672,12.0350583485633,-58.2650032043457));
#2488=CARTESIAN_POINT('',(21.1194180122167,12.0346818251994,-58.2650032043457));
#2489=CARTESIAN_POINT('',(21.1196415208002,12.0343898513138,-58.2650032043457));
#2490=CARTESIAN_POINT('',(21.1199553831982,12.0341926010492,-58.2650032043457));
#2491=CARTESIAN_POINT('',(21.1203423076919,12.0338965157106,-58.2650032043457));
#2492=CARTESIAN_POINT('',(21.1208367690499,12.0335377373793,-58.2650032043457));
#2493=CARTESIAN_POINT('',(21.1216218678882,12.0329573606325,-58.2650032043457));
#2494=CARTESIAN_POINT('',(21.1226053134818,12.0322340619557,-58.2650032043457));
#2495=CARTESIAN_POINT('',(21.1237845613765,12.0313651738364,-58.2650032043457));
#2496=CARTESIAN_POINT('',(21.1253572012328,12.0302069806343,-58.2650032043457));
#2497=CARTESIAN_POINT('',(21.1281091768775,12.0281799914577,-58.2650032043457));
#2498=CARTESIAN_POINT('',(21.1320406458424,12.025284371457,-58.2650032043457));
#2499=CARTESIAN_POINT('',(21.1383309541642,12.0206513354011,-58.2650032043457));
#2500=CARTESIAN_POINT('',(21.1461938539864,12.0148600554484,-58.2650032043457));
#2501=CARTESIAN_POINT('',(21.155629327591,12.0079105130239,-58.2650032043457));
#2502=CARTESIAN_POINT('',(21.165064802852,12.0009609723357,-58.2650032043457));
#2503=CARTESIAN_POINT('',(21.1745002776702,11.9940114311825,-58.2650032043457));
#2504=CARTESIAN_POINT('',(21.1870809109158,11.9847453764738,-58.2650032043457));
#2505=CARTESIAN_POINT('',(21.2028067024202,11.9731628080318,-58.2650032043457));
#2506=CARTESIAN_POINT('',(21.2279679688573,11.9546306985546,-58.2650032043457));
#2507=CARTESIAN_POINT('',(21.2594195518942,11.9314655616959,-58.2650032043457));
#2508=CARTESIAN_POINT('',(21.2971614515438,11.9036673974683,-58.2650032043457));
#2509=CARTESIAN_POINT('',(21.3349033511928,11.8758692332382,-58.2650032043457));
#2510=CARTESIAN_POINT('',(21.3726452508424,11.848071069008,-58.2650032043457));
#2511=CARTESIAN_POINT('',(21.4103871504918,11.8202729047778,-58.2650032043457));
#2512=CARTESIAN_POINT('',(21.4481290501409,11.7924747405486,-58.2650032043457));
#2513=CARTESIAN_POINT('',(21.4858709497891,11.7646765763209,-58.2650032043457));
#2514=CARTESIAN_POINT('',(21.5236128494362,11.7368784120954,-58.2650032043457));
#2515=CARTESIAN_POINT('',(21.5613547490819,11.7090802478728,-58.2650032043457));
#2516=CARTESIAN_POINT('',(21.5990966487258,11.6812820836538,-58.2650032043457));
#2517=CARTESIAN_POINT('',(21.6368385483676,11.6534839194389,-58.2650032043457));
#2518=CARTESIAN_POINT('',(21.6682901314004,11.6303187825974,-58.2650032043457));
#2519=CARTESIAN_POINT('',(21.6934513978251,11.6117866731268,-58.2650032043457));
#2520=CARTESIAN_POINT('',(21.7123223476434,11.597887591026,-58.2650032043457));
#2521=CARTESIAN_POINT('',(21.731193297459,11.5839885089237,-58.2650032043457));
#2522=CARTESIAN_POINT('',(21.7500642472807,11.570089426835,-58.2650032043457));
#2523=CARTESIAN_POINT('',(21.765790038777,11.5585068583919,-58.2650032043457));
#2524=CARTESIAN_POINT('',(21.7783706720204,11.5492408037219,-58.2650032043457));
#2525=CARTESIAN_POINT('',(21.7878061468252,11.5422912624912,-58.2650032043457));
#2526=CARTESIAN_POINT('',(21.7972416221161,11.5353417221344,-58.2650032043457));
#2527=CARTESIAN_POINT('',(21.8066770955892,11.5283921785127,-58.2650032043457));
#2528=CARTESIAN_POINT('',(21.8145399958029,11.5226009023185,-58.2650032043457));
#2529=CARTESIAN_POINT('',(21.8208303033155,11.5179678586198,-58.2650032043457));
#2530=CARTESIAN_POINT('',(21.8247617743296,11.5150722580887,-58.2650032043457));
#2531=CARTESIAN_POINT('',(21.8275137462892,11.5130452339532,-58.2650032043457));
#2532=CARTESIAN_POINT('',(21.8290863920494,11.5118870967939,-58.2650032043457));
#2533=CARTESIAN_POINT('',(21.8302656218052,11.511018036531,-58.2650032043457));
#2534=CARTESIAN_POINT('',(21.8314458246411,11.5101507246687,-58.2650032043457));
#2535=CARTESIAN_POINT('',(21.8323282484513,11.5094953386151,-58.2650032043457));
#2536=CARTESIAN_POINT('',(21.8329207740984,11.5090660384657,-58.2650032043457));
#2537=CARTESIAN_POINT('',(21.8331613458054,11.5088758186364,-58.2650032043457));
#2538=CARTESIAN_POINT('',(21.8333685324106,11.5087501078253,-58.2650032043457));
#2539=CARTESIAN_POINT('',(21.8335999215995,11.5086678834846,-58.2650032043457));
#2540=CARTESIAN_POINT('',(21.8339935777351,11.508503732408,-58.2650032043457));
#2541=CARTESIAN_POINT('',(21.8345618263402,11.5082798007229,-58.2650032043457));
#2542=CARTESIAN_POINT('',(21.835467736583,11.5079156030998,-58.2650032043457));
#2543=CARTESIAN_POINT('',(21.8366012500394,11.5074623786106,-58.2650032043457));
#2544=CARTESIAN_POINT('',(21.8384142424413,11.5067360890287,-58.2650032043457));
#2545=CARTESIAN_POINT('',(21.8406806987946,11.5058286148858,-58.2650032043457));
#2546=CARTESIAN_POINT('',(21.8434003540268,11.5047394799076,-58.2650032043457));
#2547=CARTESIAN_POINT('',(21.8470265932769,11.5032873579254,-58.2650032043457));
#2548=CARTESIAN_POINT('',(21.8515593812651,11.501472185549,-58.2650032043457));
#2549=CARTESIAN_POINT('',(21.8569987315982,11.4992939872274,-58.2650032043457));
#2550=CARTESIAN_POINT('',(21.8624380806611,11.4971157866239,-58.2650032043457));
#2551=CARTESIAN_POINT('',(21.8696905465222,11.4942115199494,-58.2650032043457));
#2552=CARTESIAN_POINT('',(21.8787561286964,11.4905811863335,-58.2650032043457));
#2553=CARTESIAN_POINT('',(21.8932610602602,11.4847726527006,-58.2650032043457));
#2554=CARTESIAN_POINT('',(21.9113922246859,11.477511985607,-58.2650032043457));
#2555=CARTESIAN_POINT('',(21.933149622009,11.4687991851173,-58.2650032043457));
#2556=CARTESIAN_POINT('',(21.9621594851024,11.4571821177897,-58.2650032043457));
#2557=CARTESIAN_POINT('',(21.9984218139705,11.4426607836329,-58.2650032043457));
#2558=CARTESIAN_POINT('',(22.0419366086116,11.4252351826436,-58.2650032043457));
#2559=CARTESIAN_POINT('',(22.0854514032529,11.4078095816547,-58.2650032043457));
#2560=CARTESIAN_POINT('',(22.128966197894,11.3903839806657,-58.2650032043457));
#2561=CARTESIAN_POINT('',(22.1869859240825,11.3671498460129,-58.2650032043457));
#2562=CARTESIAN_POINT('',(22.2450056502693,11.3439157113658,-58.2650032043457));
#2563=CARTESIAN_POINT('',(22.3030253764621,11.3206815766999,-58.2650032043457));
#2564=CARTESIAN_POINT('',(22.3465401711096,11.3032559756914,-58.2650032043457));
#2565=CARTESIAN_POINT('',(22.3900549657583,11.2858303746792,-58.2650032043457));
#2566=CARTESIAN_POINT('',(22.4335697604069,11.2684047736682,-58.2650032043457));
#2567=CARTESIAN_POINT('',(22.4698320892787,11.253883439496,-58.2650032043457));
#2568=CARTESIAN_POINT('',(22.4988419523754,11.2422663721653,-58.2650032043457));
#2569=CARTESIAN_POINT('',(22.5205993496952,11.2335535716645,-58.2650032043457));
#2570=CARTESIAN_POINT('',(22.5423567470199,11.2248407711899,-58.2650032043457));
#2571=CARTESIAN_POINT('',(22.5641141443209,11.216127970635,-58.2650032043457));
#2572=CARTESIAN_POINT('',(22.5822453088059,11.208867303773,-58.2650032043457));
#2573=CARTESIAN_POINT('',(22.5967502402396,11.2030587696968,-58.2650032043457));
#2574=CARTESIAN_POINT('',(22.6076289392327,11.1987023707514,-58.2650032043457));
#2575=CARTESIAN_POINT('',(22.6185076366296,11.1943459656605,-58.2650032043457));
#2576=CARTESIAN_POINT('',(22.6275732227632,11.1907156472342,-58.2650032043457));
#2577=CARTESIAN_POINT('',(22.6348256805404,11.1878113496118,-58.2650032043457));
#2578=CARTESIAN_POINT('',(22.6402650542792,11.1856332435529,-58.2650032043457));
#2579=CARTESIAN_POINT('',(22.6447977690114,11.1838177825138,-58.2650032043457));
#2580=CARTESIAN_POINT('',(22.6484241577146,11.1823662494807,-58.2650032043457));
#2581=CARTESIAN_POINT('',(22.6511433565191,11.1812753159062,-58.2650032043457));
#2582=CARTESIAN_POINT('',(22.6534112408832,11.1803734690113,-58.2650032043457));
#2583=CARTESIAN_POINT('',(22.6549950599978,11.1797279200713,-58.2650032043457));
#2584=CARTESIAN_POINT('',(22.6557350985183,11.1794462869486,-58.2650032043457));
#2585=CARTESIAN_POINT('',(22.6560715690354,11.1792967068039,-58.2650032043457));
#2586=CARTESIAN_POINT('',(22.656308481784,11.179245531757,-58.2650032043457));
#2587=CARTESIAN_POINT('',(22.6567355619501,11.1792040726892,-58.2650032043457));
#2588=CARTESIAN_POINT('',(22.6573391634882,11.1791197504915,-58.2650032043457));
#2589=CARTESIAN_POINT('',(22.6583085660618,11.1789988605673,-58.2650032043457));
#2590=CARTESIAN_POINT('',(22.6595190703748,11.1788429360531,-58.2650032043457));
#2591=CARTESIAN_POINT('',(22.660972210121,11.1786578863713,-58.2650032043457));
#2592=CARTESIAN_POINT('',(22.6629095430683,11.1784104340396,-58.2650032043457));
#2593=CARTESIAN_POINT('',(22.6653312731841,11.1781013649563,-58.2650032043457));
#2594=CARTESIAN_POINT('',(22.6692060056383,11.1776067167483,-58.2650032043457));
#2595=CARTESIAN_POINT('',(22.6740494334659,11.1769884537233,-58.2650032043457));
#2596=CARTESIAN_POINT('',(22.6798615416134,11.1762465178771,-58.2650032043457));
#2597=CARTESIAN_POINT('',(22.6876110209749,11.1752572771338,-58.2650032043457));
#2598=CARTESIAN_POINT('',(22.7011726090095,11.1735261025474,-58.2650032043457));
#2599=CARTESIAN_POINT('',(22.7205463066584,11.1710529977133,-58.2650032043457));
#2600=CARTESIAN_POINT('',(22.7437947436631,11.1680852711757,-58.2650032043457));
#2601=CARTESIAN_POINT('',(22.7670431807358,11.1651175448349,-58.2650032043457));
#2602=CARTESIAN_POINT('',(22.7980410968356,11.1611605763114,-58.2650032043457));
#2603=CARTESIAN_POINT('',(22.8367884920037,11.1562143656801,-58.2650032043457));
#2604=CARTESIAN_POINT('',(22.8832853662565,11.1502789129117,-58.2650032043457));
#2605=CARTESIAN_POINT('',(22.929782240557,11.1443434601455,-58.2650032043457));
#2606=CARTESIAN_POINT('',(22.9762791148986,11.1384080073779,-58.2650032043457));
#2607=CARTESIAN_POINT('',(23.0227759892749,11.1324725546102,-58.2650032043457));
#2608=CARTESIAN_POINT('',(23.084771821815,11.1245586175858,-58.2650032043457));
#2609=CARTESIAN_POINT('',(23.1467676543997,11.1166446805609,-58.2650032043457));
#2610=CARTESIAN_POINT('',(23.208763487004,11.1087307435358,-58.2650032043457));
#2611=CARTESIAN_POINT('',(23.2552603614612,11.102795290767,-58.2650032043457));
#2612=CARTESIAN_POINT('',(23.3017572359157,11.0968598379975,-58.2650032043457));
#2613=CARTESIAN_POINT('',(23.3482541103619,11.0909243852312,-58.2650032043457));
#2614=CARTESIAN_POINT('',(23.3870015057202,11.085978174583,-58.2650032043457));
#2615=CARTESIAN_POINT('',(23.4179994219981,11.0820212060865,-58.2650032043457));
#2616=CARTESIAN_POINT('',(23.4412478591964,11.0790534796543,-58.2650032043457));
#2617=CARTESIAN_POINT('',(23.4606215568682,11.076580374485,-58.2650032043457));
#2618=CARTESIAN_POINT('',(23.4761205149744,11.0746018899215,-58.2650032043457));
#2619=CARTESIAN_POINT('',(23.4877447336265,11.073118027669,-58.2650032043457));
#2620=CARTESIAN_POINT('',(23.4993689519926,11.07163416095,-58.2650032043457));
#2621=CARTESIAN_POINT('',(23.5090558015138,11.070397619264,-58.2650032043457));
#2622=CARTESIAN_POINT('',(23.5168052791488,11.069408354757,-58.2650032043457));
#2623=CARTESIAN_POINT('',(23.5216487071795,11.0687901353792,-58.2650032043457));
#2624=CARTESIAN_POINT('',(23.5255234392764,11.0682953974127,-58.2650032043457));
#2625=CARTESIAN_POINT('',(23.528429516626,11.0679247887673,-58.2650032043457));
#2626=CARTESIAN_POINT('',(23.5308511577966,11.0676145331579,-58.2650032043457));
#2627=CARTESIAN_POINT('',(23.5327886724842,11.0673695024274,-58.2650032043457));
#2628=CARTESIAN_POINT('',(23.5339991597637,11.067209131364,-58.2650032043457));
#2629=CARTESIAN_POINT('',(23.5348474214665,11.0671113537597,-58.2650032043457));
#2630=CARTESIAN_POINT('',(23.5353307020759,11.0670328223741,-58.2650032043457));
#2631=CARTESIAN_POINT('',(23.5358193934323,11.0670394078587,-58.2650032043457));
#2632=CARTESIAN_POINT('',(23.5364295315293,11.0670362174026,-58.2650032043457));
#2633=CARTESIAN_POINT('',(23.5378944599441,11.0670379514781,-58.2650032043457));
#2634=CARTESIAN_POINT('',(23.5410681226066,11.0670362200262,-58.2650032043457));
#2635=CARTESIAN_POINT('',(23.5459509162793,11.0670372645465,-58.2650032043457));
#2636=CARTESIAN_POINT('',(23.551810167786,11.0670369306925,-58.2650032043457));
#2637=CARTESIAN_POINT('',(23.5596225383742,11.0670370400147,-58.2650032043457));
#2638=CARTESIAN_POINT('',(23.5693879895149,11.0670369864069,-58.2650032043457));
#2639=CARTESIAN_POINT('',(23.5811065360684,11.0670370036366,-58.2650032043457));
#2640=CARTESIAN_POINT('',(23.5928250812348,11.0670369990474,-58.2650032043457));
#2641=CARTESIAN_POINT('',(23.6084498086081,11.0670370005501,-58.2650032043457));
#2642=CARTESIAN_POINT('',(23.6279807176581,11.0670369998136,-58.2650032043457));
#2643=CARTESIAN_POINT('',(23.6514178085897,11.0670370000489,-58.2650032043457));
#2644=CARTESIAN_POINT('',(23.6826672631398,11.0670369999719,-58.2650032043457));
#2645=CARTESIAN_POINT('',(23.7217290813364,11.0670370000097,-58.2650032043457));
#2646=CARTESIAN_POINT('',(23.7686032631682,11.0670369999975,-58.2650032043457));
#2647=CARTESIAN_POINT('',(23.8154774450015,11.0670370000008,-58.2650032043457));
#2648=CARTESIAN_POINT('',(23.862351626834,11.0670369999999,-58.2650032043457));
#2649=CARTESIAN_POINT('',(23.9248505359447,11.0670370000002,-58.2650032043457));
#2650=CARTESIAN_POINT('',(24.0029741723326,11.0670370000001,-58.2650032043457));
#2651=CARTESIAN_POINT('',(24.0967225359983,11.0670370000001,-58.2650032043457));
#2652=CARTESIAN_POINT('',(24.1904708996639,11.0670370000001,-58.2650032043457));
#2653=CARTESIAN_POINT('',(24.2842192633296,11.0670370000001,-58.2650032043457));
#2654=CARTESIAN_POINT('',(24.4092170815503,11.0670370000001,-58.2650032043457));
#2655=CARTESIAN_POINT('',(24.5654643543266,11.0670370000001,-58.2650032043457));
#2656=CARTESIAN_POINT('',(24.7529610816577,11.0670370000001,-58.2650032043457));
#2657=CARTESIAN_POINT('',(24.9404578089891,11.0670370000001,-58.2650032043457));
#2658=CARTESIAN_POINT('',(25.1279545363202,11.0670370000001,-58.2650032043457));
#2659=CARTESIAN_POINT('',(25.3154512636517,11.0670370000001,-58.2650032043457));
#2660=CARTESIAN_POINT('',(25.5654469000932,11.0670370000001,-58.2650032043457));
#2661=CARTESIAN_POINT('',(25.8779414456454,11.0670370000001,-58.2650032043457));
#2662=CARTESIAN_POINT('',(26.2529349003079,11.0670370000001,-58.2650032043457));
#2663=CARTESIAN_POINT('',(26.6279283549705,11.0670370000001,-58.2650032043457));
#2664=CARTESIAN_POINT('',(27.0029218096331,11.0670370000001,-58.2650032043457));
#2665=CARTESIAN_POINT('',(27.5029130825165,11.0670370000001,-58.2650032043457));
#2666=CARTESIAN_POINT('',(28.1279021736208,11.0670370000001,-58.2650032043457));
#2667=CARTESIAN_POINT('',(28.8778890829459,11.0670370000001,-58.2650032043457));
#2668=CARTESIAN_POINT('',(29.627875992271,11.0670370000001,-58.2650032043457));
#2669=CARTESIAN_POINT('',(30.6278585380379,11.0670370000001,-58.2650032043457));
#2670=CARTESIAN_POINT('',(31.8778367202463,11.0670370000001,-58.2650032043457));
#2671=CARTESIAN_POINT('',(33.3778105388966,11.0670370000001,-58.2650032043457));
#2672=CARTESIAN_POINT('',(34.8777843575469,11.0670370000001,-58.2650032043457));
#2673=CARTESIAN_POINT('',(36.377758176197,11.0670370000001,-58.2650032043457));
#2674=CARTESIAN_POINT('',(37.8777319948473,11.0670370000001,-58.2650032043457));
#2675=CARTESIAN_POINT('',(39.3777058134976,11.0670370000001,-58.2650032043457));
#2676=CARTESIAN_POINT('',(40.8776796321474,11.0670370000001,-58.2650032043457));
#2677=CARTESIAN_POINT('',(42.8776447236839,11.0670370000001,-58.2650032043457));
#2678=CARTESIAN_POINT('',(45.3776010880789,11.0670370000001,-58.2650032043457));
#2679=CARTESIAN_POINT('',(48.3775487254704,11.0670370000001,-58.2650032043457));
#2680=CARTESIAN_POINT('',(51.3774963624331,11.0670370000001,-58.2650032043457));
#2681=CARTESIAN_POINT('',(53.377461454807,11.0670370000001,-58.2650032043457));
#2682=CARTESIAN_POINT('',(54.377444,11.0670370000001,-58.2650032043457));
#2683=CARTESIAN_POINT('',(6.990636,67.94264,-58.2650032043457));
#2684=CARTESIAN_POINT('',(54.377444,11.067037,-58.2650032043457));
#2685=CARTESIAN_POINT('',(54.377444,67.9426400000001,-58.2650032043457));
#2686=CARTESIAN_POINT('',(38.5818413333333,67.9426400000001,-58.2650032043457));
#2687=CARTESIAN_POINT('',(22.7862386666667,67.9426400000001,-58.2650032043457));
#2688=CARTESIAN_POINT('',(6.99063600000001,67.9426400000001,-58.2650032043457));
#2689=CARTESIAN_POINT('',(54.377444,67.94264,-58.2650032043457));
#2690=CARTESIAN_POINT('',(54.377444,11.0670370000001,-58.2650032043457));
#2691=CARTESIAN_POINT('',(54.377444,30.0255713333334,-58.2650032043457));
#2692=CARTESIAN_POINT('',(54.377444,48.9841056666667,-58.2650032043457));
#2693=CARTESIAN_POINT('',(54.377444,67.9426400000001,-58.2650032043457));
#2694=CARTESIAN_POINT('',(1.61059951782226,67.9426442119141,-58.2650032043457));
#2695=CARTESIAN_POINT('',(9.57671316658493,16.6136268721748,-58.2650032043457));
#2696=CARTESIAN_POINT('',(9.56113970908848,16.6255768122023,-58.2650032043457));
#2697=CARTESIAN_POINT('',(9.52111704346885,16.6341034323766,-58.2650032043457));
#2698=CARTESIAN_POINT('',(9.46821775161458,16.6592510440293,-58.2650032043457));
#2699=CARTESIAN_POINT('',(9.41340672089569,16.6810874249336,-58.2650032043457));
#2700=CARTESIAN_POINT('',(9.35910793906015,16.7038110474401,-58.2650032043457));
#2701=CARTESIAN_POINT('',(9.30467190055581,16.7262969342859,-58.2650032043457));
#2702=CARTESIAN_POINT('',(9.25027263984332,16.7488465221724,-58.2650032043457));
#2703=CARTESIAN_POINT('',(9.19586352463222,16.7713790415568,-58.2650032043457));
#2704=CARTESIAN_POINT('',(9.14145704962371,16.7939161339089,-58.2650032043457));
#2705=CARTESIAN_POINT('',(9.08704986830348,16.8164520028924,-58.2650032043457));
#2706=CARTESIAN_POINT('',(9.01450720660223,16.8465002555456,-58.2650032043457));
#2707=CARTESIAN_POINT('',(8.92382879481202,16.8840604247203,-58.2650032043457));
#2708=CARTESIAN_POINT('',(8.81501473696066,16.9291326905979,-58.2650032043457));
#2709=CARTESIAN_POINT('',(8.70620066938358,16.9742049396302,-58.2650032043457));
#2710=CARTESIAN_POINT('',(8.59738660441248,17.0192771931761,-58.2650032043457));
#2711=CARTESIAN_POINT('',(8.48857253874319,17.0643494455127,-58.2650032043457));
#2712=CARTESIAN_POINT('',(8.37975847326069,17.1094216981728,-58.2650032043457));
#2713=CARTESIAN_POINT('',(8.23467305255209,17.16951803494,-58.2650032043457));
#2714=CARTESIAN_POINT('',(8.05331627668874,17.2446384559377,-58.2650032043457));
#2715=CARTESIAN_POINT('',(7.83568814564312,17.3347829611184,-58.2650032043457));
#2716=CARTESIAN_POINT('',(7.61806001460007,17.4249274663035,-58.2650032043457));
#2717=CARTESIAN_POINT('',(7.40043188355636,17.5150719714875,-58.2650032043457));
#2718=CARTESIAN_POINT('',(7.18280375251272,17.6052164766714,-58.2650032043457));
#2719=CARTESIAN_POINT('',(6.96517562146943,17.6953609818567,-58.2650032043457));
#2720=CARTESIAN_POINT('',(6.7475474904247,17.7855054870366,-58.2650032043457));
#2721=CARTESIAN_POINT('',(6.52991935938534,17.8756499922366,-58.2650032043457));
#2722=CARTESIAN_POINT('',(6.31229122832599,17.9657944973619,-58.2650032043457));
#2723=CARTESIAN_POINT('',(6.13093445250533,18.0409149185316,-58.2650032043457));
#2724=CARTESIAN_POINT('',(5.98584903170968,18.1010112549481,-58.2650032043457));
#2725=CARTESIAN_POINT('',(5.87703496649303,18.146083508679,-58.2650032043457));
#2726=CARTESIAN_POINT('',(5.7682208998256,18.1911557569955,-58.2650032043457));
#2727=CARTESIAN_POINT('',(5.65940683858121,18.2362280255511,-58.2650032043457));
#2728=CARTESIAN_POINT('',(5.55059275709544,18.2813002185648,-58.2650032043457));
#2729=CARTESIAN_POINT('',(5.44177875115212,18.3263726935069,-58.2650032043457));
#2730=CARTESIAN_POINT('',(5.35110017792567,18.3639322124825,-58.2650032043457));
#2731=CARTESIAN_POINT('',(5.27855784543014,18.3939817910413,-58.2650032043457));
#2732=CARTESIAN_POINT('',(5.22414965876582,18.416513610911,-58.2650032043457));
#2733=CARTESIAN_POINT('',(5.16974695822935,18.4390659052895,-58.2650032043457));
#2734=CARTESIAN_POINT('',(5.11532375047415,18.461541665682,-58.2650032043457));
#2735=CARTESIAN_POINT('',(5.06097708546605,18.4843030875098,-58.2650032043457));
#2736=CARTESIAN_POINT('',(5.00634475668825,18.5059983975824,-58.2650032043457));
#2737=CARTESIAN_POINT('',(4.95277854024216,18.5316724932403,-58.2650032043457));
#2738=CARTESIAN_POINT('',(4.89523353823894,18.5424975583124,-58.2650032043457));
#2739=CARTESIAN_POINT('',(4.83662227483953,18.5493432814829,-58.2650032043457));
#2740=CARTESIAN_POINT('',(4.77829671531928,18.5572552660992,-58.2650032043457));
#2741=CARTESIAN_POINT('',(4.71989460167858,18.5648815468343,-58.2650032043457));
#2742=CARTESIAN_POINT('',(4.66151300064052,18.5725843816484,-58.2650032043457));
#2743=CARTESIAN_POINT('',(4.60312590331234,18.5802667040275,-58.2650032043457));
#2744=CARTESIAN_POINT('',(4.54474027854201,18.5879545220676,-58.2650032043457));
#2745=CARTESIAN_POINT('',(4.48635425983038,18.5956408698986,-58.2650032043457));
#2746=CARTESIAN_POINT('',(4.40850637249138,18.6058898472404,-58.2650032043457));
#2747=CARTESIAN_POINT('',(4.31119646609702,18.6187008926878,-58.2650032043457));
#2748=CARTESIAN_POINT('',(4.19442459866798,18.634074222777,-58.2650032043457));
#2749=CARTESIAN_POINT('',(4.07765272581514,18.6494475326244,-58.2650032043457));
#2750=CARTESIAN_POINT('',(3.96088085441329,18.6648208478869,-58.2650032043457));
#2751=CARTESIAN_POINT('',(3.80518502537064,18.6853185996787,-58.2650032043457));
#2752=CARTESIAN_POINT('',(3.61056523924125,18.7109407900675,-58.2650032043457));
#2753=CARTESIAN_POINT('',(3.37702149581141,18.7416874182558,-58.2650032043457));
#2754=CARTESIAN_POINT('',(3.14347775240156,18.7724340465186,-58.2650032043457));
#2755=CARTESIAN_POINT('',(2.90993400898635,18.8031806747615,-58.2650032043457));
#2756=CARTESIAN_POINT('',(2.67639026557257,18.8339273030097,-58.2650032043457));
#2757=CARTESIAN_POINT('',(2.44284652215842,18.8646739312564,-58.2650032043457));
#2758=CARTESIAN_POINT('',(2.20930277874436,18.8954205595039,-58.2650032043457));
#2759=CARTESIAN_POINT('',(1.97575903533028,18.9261671877498,-58.2650032043457));
#2760=CARTESIAN_POINT('',(1.7422152919162,18.9569138160012,-58.2650032043457));
#2761=CARTESIAN_POINT('',(1.50867154850213,18.987660444232,-58.2650032043457));
#2762=CARTESIAN_POINT('',(1.27512780508805,19.01840707254,-58.2650032043457));
#2763=CARTESIAN_POINT('',(1.08050801890965,19.0440292625566,-58.2650032043457));
#2764=CARTESIAN_POINT('',(0.924812189966934,19.0645270151074,-58.2650032043457));
#2765=CARTESIAN_POINT('',(0.808040318259895,19.0799003280519,-58.2650032043457));
#2766=CARTESIAN_POINT('',(0.691268446552857,19.0952736466018,-58.2650032043457));
#2767=CARTESIAN_POINT('',(0.574496574845818,19.1106469441989,-58.2650032043457));
#2768=CARTESIAN_POINT('',(0.477186681756619,19.1234580907015,-58.2650032043457));
#2769=CARTESIAN_POINT('',(0.399338767285261,19.1337068619678,-58.2650032043457));
#2770=CARTESIAN_POINT('',(0.340952831431741,19.1413938391221,-58.2650032043457));
#2771=CARTESIAN_POINT('',(0.282566895578222,19.1490792944258,-58.2650032043457));
#2772=CARTESIAN_POINT('',(0.224180959724703,19.1567704384271,-58.2650032043457));
#2773=CARTESIAN_POINT('',(0.165795023871184,19.1644403494888,-58.2650032043457));
#2774=CARTESIAN_POINT('',(0.107409088017664,19.1721895036112,-58.2650032043457));
#2775=CARTESIAN_POINT('',(0.0490231521641443,19.1796429184305,-58.2650032043457));
#2776=CARTESIAN_POINT('',(-0.00936278368937028,19.1882000474017,-58.2650032043457));
#2777=CARTESIAN_POINT('',(-0.0677487195429067,19.1926380590683,-58.2650032043457));
#2778=CARTESIAN_POINT('',(-0.126134655396421,19.1817026068492,-58.2650032043457));
#2779=CARTESIAN_POINT('',(-0.184520591249942,19.1748864616885,-58.2650032043457));
#2780=CARTESIAN_POINT('',(-0.242906527103459,19.1669665521797,-58.2650032043457));
#2781=CARTESIAN_POINT('',(-0.301292462956979,19.1593423930051,-58.2650032043457));
#2782=CARTESIAN_POINT('',(-0.359678398810497,19.1516389968417,-58.2650032043457));
#2783=CARTESIAN_POINT('',(-0.418064334664017,19.1439567982993,-58.2650032043457));
#2784=CARTESIAN_POINT('',(-0.495912249135375,19.133706462249,-58.2650032043457));
#2785=CARTESIAN_POINT('',(-0.593222142224573,19.1208960830866,-58.2650032043457));
#2786=CARTESIAN_POINT('',(-0.709994013931612,19.1055225387603,-58.2650032043457));
#2787=CARTESIAN_POINT('',(-0.826765885638649,19.0901492863193,-58.2650032043457));
#2788=CARTESIAN_POINT('',(-0.943537757345687,19.0747759556685,-58.2650032043457));
#2789=CARTESIAN_POINT('',(-1.06030962905272,19.0594026459715,-58.2650032043457));
#2790=CARTESIAN_POINT('',(-1.17708150075976,19.0440293306689,-58.2650032043457));
#2791=CARTESIAN_POINT('',(-1.33277732970248,19.0235315788903,-58.2650032043457));
#2792=CARTESIAN_POINT('',(-1.52739711588088,18.997909388495,-58.2650032043457));
#2793=CARTESIAN_POINT('',(-1.76094085929495,18.9671627603088,-58.2650032043457));
#2794=CARTESIAN_POINT('',(-1.99448460270903,18.9364161320455,-58.2650032043457));
#2795=CARTESIAN_POINT('',(-2.30587626059445,18.8954206277213,-58.2650032043457));
#2796=CARTESIAN_POINT('',(-2.61726791847996,18.8544251233899,-58.2650032043457));
#2797=CARTESIAN_POINT('',(-2.92865957636523,18.8134296190601,-58.2650032043457));
#2798=CARTESIAN_POINT('',(-3.16220331977982,18.7826829908149,-58.2650032043457));
#2799=CARTESIAN_POINT('',(-3.39574706319194,18.7519363625605,-58.2650032043457));
#2800=CARTESIAN_POINT('',(-3.62929080661333,18.7211897343407,-58.2650032043457));
#2801=CARTESIAN_POINT('',(-3.82391059276899,18.6955675440499,-58.2650032043457));
#2802=CARTESIAN_POINT('',(-3.97960642175807,18.6750697920583,-58.2650032043457));
#2803=CARTESIAN_POINT('',(-4.09637829332353,18.6596964774062,-58.2650032043457));
#2804=CARTESIAN_POINT('',(-4.2131501655621,18.644323165267,-58.2650032043457));
#2805=CARTESIAN_POINT('',(-4.32992203528458,18.6289498437345,-58.2650032043457));
#2806=CARTESIAN_POINT('',(-4.42723193454604,18.6161387716744,-58.2650032043457));
#2807=CARTESIAN_POINT('',(-4.50507983643069,18.6058898486023,-58.2650032043457));
#2808=CARTESIAN_POINT('',(-4.56346581072212,18.5982033350403,-58.2650032043457));
#2809=CARTESIAN_POINT('',(-4.62185160226404,18.5905161392217,-58.2650032043457));
#2810=CARTESIAN_POINT('',(-4.68023807692605,18.5828314936872,-58.2650032043457));
#2811=CARTESIAN_POINT('',(-4.73862200185719,18.5751373292734,-58.2650032043457));
#2812=CARTESIAN_POINT('',(-4.79701544259176,18.5674786900925,-58.2650032043457));
#2813=CARTESIAN_POINT('',(-4.85537336984345,18.5596874688591,-58.2650032043457));
#2814=CARTESIAN_POINT('',(-4.91386383522324,18.5523910506031,-58.2650032043457));
#2815=CARTESIAN_POINT('',(-4.97185966157349,18.5432480024896,-58.2650032043457));
#2816=CARTESIAN_POINT('',(-5.0317015059138,18.540996670829,-58.2650032043457));
#2817=CARTESIAN_POINT('',(-5.08465260710886,18.5130251329997,-58.2650032043457));
#2818=CARTESIAN_POINT('',(-5.13944975555704,18.4919454208344,-58.2650032043457));
#2819=CARTESIAN_POINT('',(-5.19375225713466,18.4690190495485,-58.2650032043457));
#2820=CARTESIAN_POINT('',(-5.24818729894138,18.4465874890812,-58.2650032043457));
#2821=CARTESIAN_POINT('',(-5.30258682670225,18.4240233444602,-58.2650032043457));
#2822=CARTESIAN_POINT('',(-5.35699587041742,18.4014947256352,-58.2650032043457));
#2823=CARTESIAN_POINT('',(-5.41140236436128,18.3789565877801,-58.2650032043457));
#2824=CARTESIAN_POINT('',(-5.46580954143607,18.3564210002493,-58.2650032043457));
#2825=CARTESIAN_POINT('',(-5.52021653575844,18.3338847304512,-58.2650032043457));
#2826=CARTESIAN_POINT('',(-5.59275925869322,18.3038366090471,-58.2650032043457));
#2827=CARTESIAN_POINT('',(-5.68343764045568,18.2662763755104,-58.2650032043457));
#2828=CARTESIAN_POINT('',(-5.79225170796207,18.2212041303274,-58.2650032043457));
#2829=CARTESIAN_POINT('',(-5.90106577295232,18.1761318757509,-58.2650032043457));
#2830=CARTESIAN_POINT('',(-6.0098798386157,18.1310596236874,-58.2650032043457));
#2831=CARTESIAN_POINT('',(-6.15496525926506,18.0709632867249,-58.2650032043457));
#2832=CARTESIAN_POINT('',(-6.33632203515745,17.9958428658229,-58.2650032043457));
#2833=CARTESIAN_POINT('',(-6.55395016619373,17.9056983606115,-58.2650032043457));
#2834=CARTESIAN_POINT('',(-6.77157829723927,17.8155538554346,-58.2650032043457));
#2835=CARTESIAN_POINT('',(-6.98920642828238,17.7254093502485,-58.2650032043457));
#2836=CARTESIAN_POINT('',(-7.27937726967381,17.60521667667,-58.2650032043457));
#2837=CARTESIAN_POINT('',(-7.56954811106634,17.4850240030928,-58.2650032043457));
#2838=CARTESIAN_POINT('',(-7.85971895245513,17.3648313295093,-58.2650032043457));
#2839=CARTESIAN_POINT('',(-8.07734708350682,17.2746868243391,-58.2650032043457));
#2840=CARTESIAN_POINT('',(-8.29497521451999,17.1845423191023,-58.2650032043457));
#2841=CARTESIAN_POINT('',(-8.4763319904843,17.1094218982794,-58.2650032043457));
#2842=CARTESIAN_POINT('',(-8.621417410987,17.0493255611556,-58.2650032043457));
#2843=CARTESIAN_POINT('',(-8.73023147709829,17.0042533095846,-58.2650032043457));
#2844=CARTESIAN_POINT('',(-8.83904554040685,16.9591810531591,-58.2650032043457));
#2845=CARTESIAN_POINT('',(-8.94785961419211,16.9141088148797,-58.2650032043457));
#2846=CARTESIAN_POINT('',(-9.05667364887329,16.8690365088701,-58.2650032043457));
#2847=CARTESIAN_POINT('',(-9.16548782949408,16.8239644556353,-58.2650032043457));
#2848=CARTESIAN_POINT('',(-9.25616585946609,16.7864036251322,-58.2650032043457));
#2849=CARTESIAN_POINT('',(-9.32870929978266,16.7563567210802,-58.2650032043457));
#2850=CARTESIAN_POINT('',(-9.38311410333038,16.7338167336741,-58.2650032043457));
#2851=CARTESIAN_POINT('',(-9.43752950546745,16.7112951035615,-58.2650032043457));
#2852=CARTESIAN_POINT('',(-9.49190528993684,16.6887048536416,-58.2650032043457));
#2853=CARTESIAN_POINT('',(-9.54642894648762,16.6663707256576,-58.2650032043457));
#2854=CARTESIAN_POINT('',(-9.60040073238049,16.6430807297374,-58.2650032043457));
#2855=CARTESIAN_POINT('',(-9.65643212882363,16.6233580836257,-58.2650032043457));
#2856=CARTESIAN_POINT('',(-9.70477695372357,16.5903219062163,-58.2650032043457));
#2857=CARTESIAN_POINT('',(-9.75106205433732,16.5537181820023,-58.2650032043457));
#2858=CARTESIAN_POINT('',(-9.79789905640849,16.5180703790706,-58.2650032043457));
#2859=CARTESIAN_POINT('',(-9.84458817693612,16.4821664378141,-58.2650032043457));
#2860=CARTESIAN_POINT('',(-9.89131692218053,16.4463311285744,-58.2650032043457));
#2861=CARTESIAN_POINT('',(-9.93803505010136,16.4104774295924,-58.2650032043457));
#2862=CARTESIAN_POINT('',(-9.9847560225997,16.3746286575628,-58.2650032043457));
#2863=CARTESIAN_POINT('',(-10.0314762341116,16.338778567466,-58.2650032043457));
#2864=CARTESIAN_POINT('',(-10.0937701152852,16.2909789077585,-58.2650032043457));
#2865=CARTESIAN_POINT('',(-10.171637375535,16.2312291751311,-58.2650032043457));
#2866=CARTESIAN_POINT('',(-10.2650781269409,16.1595295637122,-58.2650032043457));
#2867=CARTESIAN_POINT('',(-10.3585188678696,16.0878299341461,-58.2650032043457));
#2868=CARTESIAN_POINT('',(-10.4519596116012,16.0161303094347,-58.2650032043457));
#2869=CARTESIAN_POINT('',(-10.5765472689308,15.9205308081238,-58.2650032043457));
#2870=CARTESIAN_POINT('',(-10.7322818409289,15.801031432067,-58.2650032043457));
#2871=CARTESIAN_POINT('',(-10.9191633271825,15.6576321805494,-58.2650032043457));
#2872=CARTESIAN_POINT('',(-11.1060448134747,15.5142329290987,-58.2650032043457));
#2873=CARTESIAN_POINT('',(-11.2929262997566,15.37083367763,-58.2650032043457));
#2874=CARTESIAN_POINT('',(-11.4798077860412,15.2274344261662,-58.2650032043457));
#2875=CARTESIAN_POINT('',(-11.6666892723251,15.084035174701,-58.2650032043457));
#2876=CARTESIAN_POINT('',(-11.8535707586094,14.9406359232364,-58.2650032043457));
#2877=CARTESIAN_POINT('',(-12.0404522448926,14.7972366717707,-58.2650032043457));
#2878=CARTESIAN_POINT('',(-12.2273337311798,14.6538374203089,-58.2650032043457));
#2879=CARTESIAN_POINT('',(-12.4142152174523,14.5104381688325,-58.2650032043457));
#2880=CARTESIAN_POINT('',(-12.6010967037794,14.3670389174107,-58.2650032043457));
#2881=CARTESIAN_POINT('',(-12.7568312755489,14.2475395410561,-58.2650032043457));
#2882=CARTESIAN_POINT('',(-12.8814189333446,14.1519400403525,-58.2650032043457));
#2883=CARTESIAN_POINT('',(-12.974859675653,14.0802404137864,-58.2650032043457));
#2884=CARTESIAN_POINT('',(-13.0683004219249,14.0085407911839,-58.2650032043457));
#2885=CARTESIAN_POINT('',(-13.161741153381,13.9368411537655,-58.2650032043457));
#2886=CARTESIAN_POINT('',(-13.2396084756777,13.8770915020001,-58.2650032043457));
#2887=CARTESIAN_POINT('',(-13.301902230323,13.8292916773958,-58.2650032043457));
#2888=CARTESIAN_POINT('',(-13.3486228282333,13.7934420908688,-58.2650032043457));
#2889=CARTESIAN_POINT('',(-13.3953423500343,13.7575914282326,-58.2650032043457));
#2890=CARTESIAN_POINT('',(-13.442065894346,13.7217447881071,-58.2650032043457));
#2891=CARTESIAN_POINT('',(-13.4887744247242,13.685883134048,-58.2650032043457));
#2892=CARTESIAN_POINT('',(-13.5355389883257,13.6500775132123,-58.2650032043457));
#2893=CARTESIAN_POINT('',(-13.5820944329676,13.6140627734169,-58.2650032043457));
#2894=CARTESIAN_POINT('',(-13.6294303202248,13.5788284762369,-58.2650032043457));
#2895=CARTESIAN_POINT('',(-13.67385355598,13.540681527555,-58.2650032043457));
#2896=CARTESIAN_POINT('',(-13.7074061271329,13.4916639142705,-58.2650032043457));
#2897=CARTESIAN_POINT('',(-13.7438714839636,13.4455590866641,-58.2650032043457));
#2898=CARTESIAN_POINT('',(-13.779556362685,13.3986737809482,-58.2650032043457));
#2899=CARTESIAN_POINT('',(-13.8154503681661,13.3519976019921,-58.2650032043457));
#2900=CARTESIAN_POINT('',(-13.8512883447175,13.3052653941062,-58.2650032043457));
#2901=CARTESIAN_POINT('',(-13.8871413102283,13.2585481751799,-58.2650032043457));
#2902=CARTESIAN_POINT('',(-13.934940028365,13.1962533140668,-58.2650032043457));
#2903=CARTESIAN_POINT('',(-13.994690222721,13.1183865343608,-58.2650032043457));
#2904=CARTESIAN_POINT('',(-14.0663896856757,13.0249456284411,-58.2650032043457));
#2905=CARTESIAN_POINT('',(-14.1380893550242,12.9315049289151,-58.2650032043457));
#2906=CARTESIAN_POINT('',(-14.2097889690701,12.8380641740866,-58.2650032043457));
#2907=CARTESIAN_POINT('',(-14.2814885979326,12.7446234340746,-58.2650032043457));
#2908=CARTESIAN_POINT('',(-14.3531882228314,12.6511826900988,-58.2650032043457));
#2909=CARTESIAN_POINT('',(-14.4487877240809,12.5265950328491,-58.2650032043457));
#2910=CARTESIAN_POINT('',(-14.5682871001678,12.3708604608119,-58.2650032043457));
#2911=CARTESIAN_POINT('',(-14.7116863516757,12.1839789745709,-58.2650032043457));
#2912=CARTESIAN_POINT('',(-14.8550856031291,11.9970974882753,-58.2650032043457));
#2913=CARTESIAN_POINT('',(-15.046284605086,11.7479221732337,-58.2650032043457));
#2914=CARTESIAN_POINT('',(-15.2374836070378,11.4987468581868,-58.2650032043457));
#2915=CARTESIAN_POINT('',(-15.4286826089907,11.2495715431413,-58.2650032043457));
#2916=CARTESIAN_POINT('',(-15.5720818604572,11.0626900568582,-58.2650032043457));
#2917=CARTESIAN_POINT('',(-15.7154811119156,10.8758085705704,-58.2650032043457));
#2918=CARTESIAN_POINT('',(-15.8588803634049,10.6889270843005,-58.2650032043457));
#2919=CARTESIAN_POINT('',(-15.9783797395495,10.5331925123531,-58.2650032043457));
#2920=CARTESIAN_POINT('',(-16.0739792406813,10.40860485492,-58.2650032043457));
#2921=CARTESIAN_POINT('',(-16.1456788659399,10.3151641115044,-58.2650032043457));
#2922=CARTESIAN_POINT('',(-16.2173784934514,10.2217233693895,-58.2650032043457));
#2923=CARTESIAN_POINT('',(-16.2890781125412,10.1282826224124,-58.2650032043457));
#2924=CARTESIAN_POINT('',(-16.348827821311,10.0504153483884,-58.2650032043457));
#2925=CARTESIAN_POINT('',(-16.3966275296699,9.98812149530363,-58.2650032043457));
#2926=CARTESIAN_POINT('',(-16.432477471193,9.94140119801277,-58.2650032043457));
#2927=CARTESIAN_POINT('',(-16.4683268010285,9.89468054756381,-58.2650032043457));
#2928=CARTESIAN_POINT('',(-16.5041784173607,9.84796121722444,-58.2650032043457));
#2929=CARTESIAN_POINT('',(-16.5400214993938,9.80123695960476,-58.2650032043457));
#2930=CARTESIAN_POINT('',(-16.5758964321267,9.75453109099677,-58.2650032043457));
#2931=CARTESIAN_POINT('',(-16.6116524963595,9.70775659362233,-58.2650032043457));
#2932=CARTESIAN_POINT('',(-16.6478521838927,9.66123822230199,-58.2650032043457));
#2933=CARTESIAN_POINT('',(-16.6823962467243,9.61376397553179,-58.2650032043457));
#2934=CARTESIAN_POINT('',(-16.7231191850619,9.56985710450681,-58.2650032043457));
#2935=CARTESIAN_POINT('',(-16.7407822460773,9.51263660595098,-58.2650032043457));
#2936=CARTESIAN_POINT('',(-16.7646241062799,9.45898343907771,-58.2650032043457));
#2937=CARTESIAN_POINT('',(-16.7868103622304,9.40437440856121,-58.2650032043457));
#2938=CARTESIAN_POINT('',(-16.8094402360019,9.35002150093517,-58.2650032043457));
#2939=CARTESIAN_POINT('',(-16.8319512427416,9.29559996539038,-58.2650032043457));
#2940=CARTESIAN_POINT('',(-16.8544940997876,9.24119681863016,-58.2650032043457));
#2941=CARTESIAN_POINT('',(-16.87702842264,9.18678874465045,-58.2650032043457));
#2942=CARTESIAN_POINT('',(-16.8995650319608,9.13238199076407,-58.2650032043457));
#2943=CARTESIAN_POINT('',(-16.9221010296015,9.07797488372396,-58.2650032043457));
#2944=CARTESIAN_POINT('',(-16.9521492401251,9.00543219769925,-58.2650032043457));
#2945=CARTESIAN_POINT('',(-16.9897094299593,8.91475379783684,-58.2650032043457));
#2946=CARTESIAN_POINT('',(-17.034781689194,8.80593973615011,-58.2650032043457));
#2947=CARTESIAN_POINT('',(-17.0798539400069,8.69712566960113,-58.2650032043457));
#2948=CARTESIAN_POINT('',(-17.1249261930729,8.58831160435294,-58.2650032043457));
#2949=CARTESIAN_POINT('',(-17.1850225297072,8.44322618356761,-58.2650032043457));
#2950=CARTESIAN_POINT('',(-17.2601429507701,8.2618694077419,-58.2650032043457));
#2951=CARTESIAN_POINT('',(-17.3502874559298,8.04424127668416,-58.2650032043457));
#2952=CARTESIAN_POINT('',(-17.4404319611205,7.82661314564437,-58.2650032043457));
#2953=CARTESIAN_POINT('',(-17.530576466303,7.60898501459976,-58.2650032043457));
#2954=CARTESIAN_POINT('',(-17.6507691398821,7.31881417320857,-58.2650032043457));
#2955=CARTESIAN_POINT('',(-17.7709618134629,7.02864333181754,-58.2650032043457));
#2956=CARTESIAN_POINT('',(-17.8911544870367,6.73847249042473,-58.2650032043457));
#2957=CARTESIAN_POINT('',(-17.9812989922365,6.52084435938534,-58.2650032043457));
#2958=CARTESIAN_POINT('',(-18.0714434973619,6.30321622832598,-58.2650032043457));
#2959=CARTESIAN_POINT('',(-18.1465639185316,6.12185945250535,-58.2650032043457));
#2960=CARTESIAN_POINT('',(-18.2066602549481,5.97677403170967,-58.2650032043457));
#2961=CARTESIAN_POINT('',(-18.251732508679,5.86795996649304,-58.2650032043457));
#2962=CARTESIAN_POINT('',(-18.2968047569955,5.75914589982559,-58.2650032043457));
#2963=CARTESIAN_POINT('',(-18.3418770255511,5.6503318385812,-58.2650032043457));
#2964=CARTESIAN_POINT('',(-18.3869492185648,5.54151775709546,-58.2650032043457));
#2965=CARTESIAN_POINT('',(-18.4320216935068,5.4327037511521,-58.2650032043457));
#2966=CARTESIAN_POINT('',(-18.4695812124824,5.34202517792567,-58.2650032043457));
#2967=CARTESIAN_POINT('',(-18.4996307910413,5.26948284543014,-58.2650032043457));
#2968=CARTESIAN_POINT('',(-18.5221626109109,5.21507465876581,-58.2650032043457));
#2969=CARTESIAN_POINT('',(-18.5447149052895,5.16067195822935,-58.2650032043457));
#2970=CARTESIAN_POINT('',(-18.567190665682,5.10624875047415,-58.2650032043457));
#2971=CARTESIAN_POINT('',(-18.5899520875097,5.05190208546604,-58.2650032043457));
#2972=CARTESIAN_POINT('',(-18.6116473975824,4.99726975668827,-58.2650032043457));
#2973=CARTESIAN_POINT('',(-18.6373214932403,4.94370354024211,-58.2650032043457));
#2974=CARTESIAN_POINT('',(-18.6481465583123,4.88615853823906,-58.2650032043457));
#2975=CARTESIAN_POINT('',(-18.6549922814829,4.82754727483961,-58.2650032043457));
#2976=CARTESIAN_POINT('',(-18.6629042660992,4.76922171531937,-58.2650032043457));
#2977=CARTESIAN_POINT('',(-18.6705305468342,4.71081960167866,-58.2650032043457));
#2978=CARTESIAN_POINT('',(-18.6782333816483,4.65243800064061,-58.2650032043457));
#2979=CARTESIAN_POINT('',(-18.6859157040275,4.59405090331243,-58.2650032043457));
#2980=CARTESIAN_POINT('',(-18.6936035220676,4.53566527854211,-58.2650032043457));
#2981=CARTESIAN_POINT('',(-18.7012898698986,4.47727925983047,-58.2650032043457));
#2982=CARTESIAN_POINT('',(-18.7115388472403,4.39943137249145,-58.2650032043457));
#2983=CARTESIAN_POINT('',(-18.7243498926878,4.30212146609712,-58.2650032043457));
#2984=CARTESIAN_POINT('',(-18.739723222777,4.18534959866805,-58.2650032043457));
#2985=CARTESIAN_POINT('',(-18.7550965326244,4.06857772581524,-58.2650032043457));
#2986=CARTESIAN_POINT('',(-18.7704698478869,3.95180585441337,-58.2650032043457));
#2987=CARTESIAN_POINT('',(-18.7909675996786,3.79611002537075,-58.2650032043457));
#2988=CARTESIAN_POINT('',(-18.8165897900675,3.60149023924133,-58.2650032043457));
#2989=CARTESIAN_POINT('',(-18.8473364182557,3.36794649581149,-58.2650032043457));
#2990=CARTESIAN_POINT('',(-18.8780830465186,3.13440275240164,-58.2650032043457));
#2991=CARTESIAN_POINT('',(-18.9088296747614,2.90085900898643,-58.2650032043457));
#2992=CARTESIAN_POINT('',(-18.9395763030097,2.66731526557266,-58.2650032043457));
#2993=CARTESIAN_POINT('',(-18.9703229312564,2.43377152215851,-58.2650032043457));
#2994=CARTESIAN_POINT('',(-19.0010695595039,2.20022777874443,-58.2650032043457));
#2995=CARTESIAN_POINT('',(-19.0318161877498,1.96668403533036,-58.2650032043457));
#2996=CARTESIAN_POINT('',(-19.0625628160012,1.73314029191627,-58.2650032043457));
#2997=CARTESIAN_POINT('',(-19.093309444232,1.49959654850218,-58.2650032043457));
#2998=CARTESIAN_POINT('',(-19.12405607254,1.26605280508809,-58.2650032043457));
#2999=CARTESIAN_POINT('',(-19.1496782625565,1.0714330189097,-58.2650032043457));
#3000=CARTESIAN_POINT('',(-19.1701760151073,0.915737189966975,-58.2650032043457));
#3001=CARTESIAN_POINT('',(-19.1855493280519,0.798965318259933,-58.2650032043457));
#3002=CARTESIAN_POINT('',(-19.2009226466018,0.68219344655288,-58.2650032043457));
#3003=CARTESIAN_POINT('',(-19.2162959441988,0.565421574845869,-58.2650032043457));
#3004=CARTESIAN_POINT('',(-19.2291070907015,0.468111681756634,-58.2650032043457));
#3005=CARTESIAN_POINT('',(-19.2393558619678,0.39026376728528,-58.2650032043457));
#3006=CARTESIAN_POINT('',(-19.247042839122,0.331877831431742,-58.2650032043457));
#3007=CARTESIAN_POINT('',(-19.2547282944258,0.273491895578278,-58.2650032043457));
#3008=CARTESIAN_POINT('',(-19.2624194384271,0.215105959724709,-58.2650032043457));
#3009=CARTESIAN_POINT('',(-19.2700893494888,0.156720023871232,-58.2650032043457));
#3010=CARTESIAN_POINT('',(-19.2778385036112,0.0983340880176615,-58.2650032043457));
#3011=CARTESIAN_POINT('',(-19.2852919184305,0.039948152164201,-58.2650032043457));
#3012=CARTESIAN_POINT('',(-19.2938490474017,-0.0184377836894345,-58.2650032043457));
#3013=CARTESIAN_POINT('',(-19.2982870590682,-0.0768237195427357,-58.2650032043457));
#3014=CARTESIAN_POINT('',(-19.2873516068491,-0.135209655396346,-58.2650032043457));
#3015=CARTESIAN_POINT('',(-19.2805354616885,-0.193595591249822,-58.2650032043457));
#3016=CARTESIAN_POINT('',(-19.2726155521796,-0.251981527103357,-58.2650032043457));
#3017=CARTESIAN_POINT('',(-19.264991393005,-0.310367462956873,-58.2650032043457));
#3018=CARTESIAN_POINT('',(-19.2572879968416,-0.368753398810405,-58.2650032043457));
#3019=CARTESIAN_POINT('',(-19.2496057982992,-0.427139334663895,-58.2650032043457));
#3020=CARTESIAN_POINT('',(-19.239355462249,-0.504987249135302,-58.2650032043457));
#3021=CARTESIAN_POINT('',(-19.2265450830866,-0.602297142224442,-58.2650032043457));
#3022=CARTESIAN_POINT('',(-19.2111715387602,-0.719069013931507,-58.2650032043457));
#3023=CARTESIAN_POINT('',(-19.1957982863192,-0.835840885638545,-58.2650032043457));
#3024=CARTESIAN_POINT('',(-19.1804249556684,-0.952612757345595,-58.2650032043457));
#3025=CARTESIAN_POINT('',(-19.1650516459714,-1.06938462905262,-58.2650032043457));
#3026=CARTESIAN_POINT('',(-19.1496783306689,-1.18615650075965,-58.2650032043457));
#3027=CARTESIAN_POINT('',(-19.1291805788902,-1.34185232970238,-58.2650032043457));
#3028=CARTESIAN_POINT('',(-19.103558388495,-1.53647211588079,-58.2650032043457));
#3029=CARTESIAN_POINT('',(-19.0728117603087,-1.77001585929486,-58.2650032043457));
#3030=CARTESIAN_POINT('',(-19.0420651320454,-2.00355960270893,-58.2650032043457));
#3031=CARTESIAN_POINT('',(-19.0010696277213,-2.31495126059438,-58.2650032043457));
#3032=CARTESIAN_POINT('',(-18.9600741233898,-2.62634291847986,-58.2650032043457));
#3033=CARTESIAN_POINT('',(-18.9190786190601,-2.93773457636516,-58.2650032043457));
#3034=CARTESIAN_POINT('',(-18.8883319908149,-3.17127831977972,-58.2650032043457));
#3035=CARTESIAN_POINT('',(-18.8575853625605,-3.40482206319187,-58.2650032043457));
#3036=CARTESIAN_POINT('',(-18.8268387343407,-3.63836580661326,-58.2650032043457));
#3037=CARTESIAN_POINT('',(-18.8012165440499,-3.83298559276894,-58.2650032043457));
#3038=CARTESIAN_POINT('',(-18.7807187920583,-3.98868142175796,-58.2650032043457));
#3039=CARTESIAN_POINT('',(-18.7653454774062,-4.10545329332347,-58.2650032043457));
#3040=CARTESIAN_POINT('',(-18.749972165267,-4.22222516556202,-58.2650032043457));
#3041=CARTESIAN_POINT('',(-18.7345988437345,-4.3389970352845,-58.2650032043457));
#3042=CARTESIAN_POINT('',(-18.7217877716744,-4.43630693454599,-58.2650032043457));
#3043=CARTESIAN_POINT('',(-18.7115388486022,-4.51415483643061,-58.2650032043457));
#3044=CARTESIAN_POINT('',(-18.7038523350403,-4.57254081072205,-58.2650032043457));
#3045=CARTESIAN_POINT('',(-18.6961651392217,-4.63092660226396,-58.2650032043457));
#3046=CARTESIAN_POINT('',(-18.6884804936872,-4.689313076926,-58.2650032043457));
#3047=CARTESIAN_POINT('',(-18.6807863292733,-4.74769700185708,-58.2650032043457));
#3048=CARTESIAN_POINT('',(-18.6731276900925,-4.80609044259169,-58.2650032043457));
#3049=CARTESIAN_POINT('',(-18.665336468859,-4.86444836984339,-58.2650032043457));
#3050=CARTESIAN_POINT('',(-18.6580400506031,-4.92293883522319,-58.2650032043457));
#3051=CARTESIAN_POINT('',(-18.6488970024896,-4.9809346615734,-58.2650032043457));
#3052=CARTESIAN_POINT('',(-18.646645670829,-5.04077650591374,-58.2650032043457));
#3053=CARTESIAN_POINT('',(-18.6186741329996,-5.09372760710891,-58.2650032043457));
#3054=CARTESIAN_POINT('',(-18.5975944208344,-5.14852475555697,-58.2650032043457));
#3055=CARTESIAN_POINT('',(-18.5746680495485,-5.20282725713466,-58.2650032043457));
#3056=CARTESIAN_POINT('',(-18.5522364890811,-5.25726229894135,-58.2650032043457));
#3057=CARTESIAN_POINT('',(-18.5296723444602,-5.31166182670225,-58.2650032043457));
#3058=CARTESIAN_POINT('',(-18.5071437256351,-5.3660708704174,-58.2650032043457));
#3059=CARTESIAN_POINT('',(-18.48460558778,-5.42047736436125,-58.2650032043457));
#3060=CARTESIAN_POINT('',(-18.4620700002493,-5.47488454143606,-58.2650032043457));
#3061=CARTESIAN_POINT('',(-18.4395337304512,-5.52929153575844,-58.2650032043457));
#3062=CARTESIAN_POINT('',(-18.409485609047,-5.60183425869324,-58.2650032043457));
#3063=CARTESIAN_POINT('',(-18.3719253755104,-5.69251264045566,-58.2650032043457));
#3064=CARTESIAN_POINT('',(-18.3268531303274,-5.8013267079621,-58.2650032043457));
#3065=CARTESIAN_POINT('',(-18.2817808757509,-5.91014077295231,-58.2650032043457));
#3066=CARTESIAN_POINT('',(-18.2367086236873,-6.01895483861573,-58.2650032043457));
#3067=CARTESIAN_POINT('',(-18.1766122867248,-6.16404025926505,-58.2650032043457));
#3068=CARTESIAN_POINT('',(-18.1014918658229,-6.34539703515748,-58.2650032043457));
#3069=CARTESIAN_POINT('',(-18.0113473606114,-6.56302516619373,-58.2650032043457));
#3070=CARTESIAN_POINT('',(-17.9212028554346,-6.78065329723933,-58.2650032043457));
#3071=CARTESIAN_POINT('',(-17.8310583502485,-6.99828142828237,-58.2650032043457));
#3072=CARTESIAN_POINT('',(-17.7108656766699,-7.28845226967387,-58.2650032043457));
#3073=CARTESIAN_POINT('',(-17.5906730030927,-7.57862311106633,-58.2650032043457));
#3074=CARTESIAN_POINT('',(-17.4704803295093,-7.86879395245518,-58.2650032043457));
#3075=CARTESIAN_POINT('',(-17.3803358243391,-8.08642208350685,-58.2650032043457));
#3076=CARTESIAN_POINT('',(-17.2901913191023,-8.30405021452004,-58.2650032043457));
#3077=CARTESIAN_POINT('',(-17.2150708982794,-8.48540699048435,-58.2650032043457));
#3078=CARTESIAN_POINT('',(-17.1549745611556,-8.63049241098706,-58.2650032043457));
#3079=CARTESIAN_POINT('',(-17.1099023095846,-8.73930647709833,-58.2650032043457));
#3080=CARTESIAN_POINT('',(-17.0648300531591,-8.8481205404069,-58.2650032043457));
#3081=CARTESIAN_POINT('',(-17.0197578148797,-8.95693461419213,-58.2650032043457));
#3082=CARTESIAN_POINT('',(-16.9746855088701,-9.06574864887335,-58.2650032043457));
#3083=CARTESIAN_POINT('',(-16.9296134556353,-9.17456282949413,-58.2650032043457));
#3084=CARTESIAN_POINT('',(-16.8920526251322,-9.2652408594661,-58.2650032043457));
#3085=CARTESIAN_POINT('',(-16.8620057210803,-9.33778429978272,-58.2650032043457));
#3086=CARTESIAN_POINT('',(-16.8394657336741,-9.39218910333045,-58.2650032043457));
#3087=CARTESIAN_POINT('',(-16.8169441035615,-9.44660450546751,-58.2650032043457));
#3088=CARTESIAN_POINT('',(-16.7943538536416,-9.5009802899369,-58.2650032043457));
#3089=CARTESIAN_POINT('',(-16.7720197256576,-9.5555039464877,-58.2650032043457));
#3090=CARTESIAN_POINT('',(-16.7487297297374,-9.60947573238055,-58.2650032043457));
#3091=CARTESIAN_POINT('',(-16.7290070836257,-9.6655071288237,-58.2650032043457));
#3092=CARTESIAN_POINT('',(-16.6959709062164,-9.71385195372351,-58.2650032043457));
#3093=CARTESIAN_POINT('',(-16.6593671820023,-9.76013705433731,-58.2650032043457));
#3094=CARTESIAN_POINT('',(-16.6237193790706,-9.80697405640847,-58.2650032043457));
#3095=CARTESIAN_POINT('',(-16.5878154378141,-9.8536631769361,-58.2650032043457));
#3096=CARTESIAN_POINT('',(-16.5519801285744,-9.90039192218049,-58.2650032043457));
#3097=CARTESIAN_POINT('',(-16.5161264295924,-9.94711005010136,-58.2650032043457));
#3098=CARTESIAN_POINT('',(-16.4802776575628,-9.99383102259967,-58.2650032043457));
#3099=CARTESIAN_POINT('',(-16.4444275674661,-10.0405512341116,-58.2650032043457));
#3100=CARTESIAN_POINT('',(-16.3966279077585,-10.1028451152852,-58.2650032043457));
#3101=CARTESIAN_POINT('',(-16.3368781751311,-10.1807123755349,-58.2650032043457));
#3102=CARTESIAN_POINT('',(-16.2651785637122,-10.2741531269409,-58.2650032043457));
#3103=CARTESIAN_POINT('',(-16.1934789341461,-10.3675938678696,-58.2650032043457));
#3104=CARTESIAN_POINT('',(-16.1217793094348,-10.4610346116011,-58.2650032043457));
#3105=CARTESIAN_POINT('',(-16.0261798081238,-10.5856222689308,-58.2650032043457));
#3106=CARTESIAN_POINT('',(-15.9066804320671,-10.7413568409288,-58.2650032043457));
#3107=CARTESIAN_POINT('',(-15.7632811805495,-10.9282383271825,-58.2650032043457));
#3108=CARTESIAN_POINT('',(-15.6198819290987,-11.1151198134747,-58.2650032043457));
#3109=CARTESIAN_POINT('',(-15.4764826776301,-11.3020012997565,-58.2650032043457));
#3110=CARTESIAN_POINT('',(-15.3330834261662,-11.4888827860412,-58.2650032043457));
#3111=CARTESIAN_POINT('',(-15.189684174701,-11.6757642723251,-58.2650032043457));
#3112=CARTESIAN_POINT('',(-15.0462849232364,-11.8626457586094,-58.2650032043457));
#3113=CARTESIAN_POINT('',(-14.9028856717707,-12.0495272448926,-58.2650032043457));
#3114=CARTESIAN_POINT('',(-14.7594864203089,-12.2364087311797,-58.2650032043457));
#3115=CARTESIAN_POINT('',(-14.6160871688325,-12.4232902174523,-58.2650032043457));
#3116=CARTESIAN_POINT('',(-14.4726879174107,-12.6101717037794,-58.2650032043457));
#3117=CARTESIAN_POINT('',(-14.3531885410561,-12.7659062755489,-58.2650032043457));
#3118=CARTESIAN_POINT('',(-14.2575890403525,-12.8904939333446,-58.2650032043457));
#3119=CARTESIAN_POINT('',(-14.1858894137864,-12.9839346756529,-58.2650032043457));
#3120=CARTESIAN_POINT('',(-14.1141897911839,-13.0773754219249,-58.2650032043457));
#3121=CARTESIAN_POINT('',(-14.0424901537655,-13.1708161533809,-58.2650032043457));
#3122=CARTESIAN_POINT('',(-13.9827405020001,-13.2486834756776,-58.2650032043457));
#3123=CARTESIAN_POINT('',(-13.9349406773958,-13.3109772303229,-58.2650032043457));
#3124=CARTESIAN_POINT('',(-13.8990910908688,-13.3576978282332,-58.2650032043457));
#3125=CARTESIAN_POINT('',(-13.8632404282326,-13.4044173500342,-58.2650032043457));
#3126=CARTESIAN_POINT('',(-13.8273937881071,-13.4511408943459,-58.2650032043457));
#3127=CARTESIAN_POINT('',(-13.7915321340481,-13.4978494247242,-58.2650032043457));
#3128=CARTESIAN_POINT('',(-13.7557265132123,-13.5446139883256,-58.2650032043457));
#3129=CARTESIAN_POINT('',(-13.7197117734169,-13.5911694329675,-58.2650032043457));
#3130=CARTESIAN_POINT('',(-13.684477476237,-13.6385053202247,-58.2650032043457));
#3131=CARTESIAN_POINT('',(-13.646330527555,-13.68292855598,-58.2650032043457));
#3132=CARTESIAN_POINT('',(-13.5973129142706,-13.7164811271328,-58.2650032043457));
#3133=CARTESIAN_POINT('',(-13.5512080866641,-13.7529464839636,-58.2650032043457));
#3134=CARTESIAN_POINT('',(-13.5043227809482,-13.7886313626849,-58.2650032043457));
#3135=CARTESIAN_POINT('',(-13.4576466019922,-13.8245253681661,-58.2650032043457));
#3136=CARTESIAN_POINT('',(-13.4109143941062,-13.8603633447174,-58.2650032043457));
#3137=CARTESIAN_POINT('',(-13.3641971751799,-13.8962163102283,-58.2650032043457));
#3138=CARTESIAN_POINT('',(-13.3019023140669,-13.9440150283649,-58.2650032043457));
#3139=CARTESIAN_POINT('',(-13.2240355343609,-14.0037652227209,-58.2650032043457));
#3140=CARTESIAN_POINT('',(-13.1305946284411,-14.0754646856757,-58.2650032043457));
#3141=CARTESIAN_POINT('',(-13.0371539289151,-14.1471643550242,-58.2650032043457));
#3142=CARTESIAN_POINT('',(-12.9437131740866,-14.21886396907,-58.2650032043457));
#3143=CARTESIAN_POINT('',(-12.8502724340746,-14.2905635979326,-58.2650032043457));
#3144=CARTESIAN_POINT('',(-12.7568316900989,-14.3622632228313,-58.2650032043457));
#3145=CARTESIAN_POINT('',(-12.6322440328492,-14.4578627240809,-58.2650032043457));
#3146=CARTESIAN_POINT('',(-12.4765094608119,-14.5773621001678,-58.2650032043457));
#3147=CARTESIAN_POINT('',(-12.2896279745709,-14.7207613516756,-58.2650032043457));
#3148=CARTESIAN_POINT('',(-12.1027464882754,-14.8641606031291,-58.2650032043457));
#3149=CARTESIAN_POINT('',(-11.8535711732337,-15.055359605086,-58.2650032043457));
#3150=CARTESIAN_POINT('',(-11.6043958581868,-15.2465586070378,-58.2650032043457));
#3151=CARTESIAN_POINT('',(-11.3552205431413,-15.4377576089906,-58.2650032043457));
#3152=CARTESIAN_POINT('',(-11.1683390568582,-15.5811568604572,-58.2650032043457));
#3153=CARTESIAN_POINT('',(-10.9814575705704,-15.7245561119155,-58.2650032043457));
#3154=CARTESIAN_POINT('',(-10.7945760843004,-15.8679553634049,-58.2650032043457));
#3155=CARTESIAN_POINT('',(-10.6388415123531,-15.9874547395495,-58.2650032043457));
#3156=CARTESIAN_POINT('',(-10.51425385492,-16.0830542406812,-58.2650032043457));
#3157=CARTESIAN_POINT('',(-10.4208131115044,-16.1547538659398,-58.2650032043457));
#3158=CARTESIAN_POINT('',(-10.3273723693895,-16.2264534934514,-58.2650032043457));
#3159=CARTESIAN_POINT('',(-10.2339316224124,-16.2981531125412,-58.2650032043457));
#3160=CARTESIAN_POINT('',(-10.1560643483884,-16.357902821311,-58.2650032043457));
#3161=CARTESIAN_POINT('',(-10.0937704953036,-16.4057025296698,-58.2650032043457));
#3162=CARTESIAN_POINT('',(-10.0470501980127,-16.441552471193,-58.2650032043457));
#3163=CARTESIAN_POINT('',(-10.0003295475638,-16.4774018010285,-58.2650032043457));
#3164=CARTESIAN_POINT('',(-9.95361021722441,-16.5132534173607,-58.2650032043457));
#3165=CARTESIAN_POINT('',(-9.90688595960473,-16.5490964993938,-58.2650032043457));
#3166=CARTESIAN_POINT('',(-9.86018009099673,-16.5849714321266,-58.2650032043457));
#3167=CARTESIAN_POINT('',(-9.81340559362231,-16.6207274963594,-58.2650032043457));
#3168=CARTESIAN_POINT('',(-9.76688722230193,-16.6569271838926,-58.2650032043457));
#3169=CARTESIAN_POINT('',(-9.71941297553177,-16.6914712467243,-58.2650032043457));
#3170=CARTESIAN_POINT('',(-9.67550610450671,-16.7321941850618,-58.2650032043457));
#3171=CARTESIAN_POINT('',(-9.61828560595103,-16.7498572460772,-58.2650032043457));
#3172=CARTESIAN_POINT('',(-9.56463243907773,-16.7736991062798,-58.2650032043457));
#3173=CARTESIAN_POINT('',(-9.51002340856121,-16.7958853622303,-58.2650032043457));
#3174=CARTESIAN_POINT('',(-9.45567050093519,-16.8185152360018,-58.2650032043457));
#3175=CARTESIAN_POINT('',(-9.4012489653904,-16.8410262427415,-58.2650032043457));
#3176=CARTESIAN_POINT('',(-9.34684581863017,-16.8635690997876,-58.2650032043457));
#3177=CARTESIAN_POINT('',(-9.29243774465049,-16.8861034226399,-58.2650032043457));
#3178=CARTESIAN_POINT('',(-9.23803099076408,-16.9086400319607,-58.2650032043457));
#3179=CARTESIAN_POINT('',(-9.18362388372397,-16.9311760296014,-58.2650032043457));
#3180=CARTESIAN_POINT('',(-9.11108119769926,-16.9612242401251,-58.2650032043457));
#3181=CARTESIAN_POINT('',(-9.02040279783684,-16.9987844299593,-58.2650032043457));
#3182=CARTESIAN_POINT('',(-8.91158873615012,-17.0438566891939,-58.2650032043457));
#3183=CARTESIAN_POINT('',(-8.80277466960116,-17.0889289400069,-58.2650032043457));
#3184=CARTESIAN_POINT('',(-8.69396060435295,-17.1340011930728,-58.2650032043457));
#3185=CARTESIAN_POINT('',(-8.54887518356763,-17.1940975297071,-58.2650032043457));
#3186=CARTESIAN_POINT('',(-8.36751840774191,-17.26921795077,-58.2650032043457));
#3187=CARTESIAN_POINT('',(-8.14989027668418,-17.3593624559297,-58.2650032043457));
#3188=CARTESIAN_POINT('',(-7.93226214564438,-17.4495069611204,-58.2650032043457));
#3189=CARTESIAN_POINT('',(-7.71463401459979,-17.5396514663029,-58.2650032043457));
#3190=CARTESIAN_POINT('',(-7.42446317320857,-17.6598441398821,-58.2650032043457));
#3191=CARTESIAN_POINT('',(-7.13429233181756,-17.7800368134629,-58.2650032043457));
#3192=CARTESIAN_POINT('',(-6.84412149042474,-17.9002294870367,-58.2650032043457));
#3193=CARTESIAN_POINT('',(-6.62649335938534,-17.9903739922365,-58.2650032043457));
#3194=CARTESIAN_POINT('',(-6.408865228326,-18.0805184973619,-58.2650032043457));
#3195=CARTESIAN_POINT('',(-6.22750845250534,-18.1556389185316,-58.2650032043457));
#3196=CARTESIAN_POINT('',(-6.08242303170969,-18.2157352549481,-58.2650032043457));
#3197=CARTESIAN_POINT('',(-5.97360896649304,-18.260807508679,-58.2650032043457));
#3198=CARTESIAN_POINT('',(-5.86479489982561,-18.3058797569955,-58.2650032043457));
#3199=CARTESIAN_POINT('',(-5.75598083858121,-18.3509520255511,-58.2650032043457));
#3200=CARTESIAN_POINT('',(-5.64716675709544,-18.3960242185649,-58.2650032043457));
#3201=CARTESIAN_POINT('',(-5.53835275115213,-18.4410966935068,-58.2650032043457));
#3202=CARTESIAN_POINT('',(-5.44767417792567,-18.4786562124825,-58.2650032043457));
#3203=CARTESIAN_POINT('',(-5.37513184543014,-18.5087057910414,-58.2650032043457));
#3204=CARTESIAN_POINT('',(-5.32072365876582,-18.5312376109109,-58.2650032043457));
#3205=CARTESIAN_POINT('',(-5.26632095822935,-18.5537899052895,-58.2650032043457));
#3206=CARTESIAN_POINT('',(-5.21189775047415,-18.576265665682,-58.2650032043457));
#3207=CARTESIAN_POINT('',(-5.15755108546605,-18.5990270875098,-58.2650032043457));
#3208=CARTESIAN_POINT('',(-5.10291875668826,-18.6207223975824,-58.2650032043457));
#3209=CARTESIAN_POINT('',(-5.04935254024213,-18.6463964932404,-58.2650032043457));
#3210=CARTESIAN_POINT('',(-4.99180753823904,-18.6572215583123,-58.2650032043457));
#3211=CARTESIAN_POINT('',(-4.93319627483959,-18.6640672814829,-58.2650032043457));
#3212=CARTESIAN_POINT('',(-4.87487071531935,-18.6719792660992,-58.2650032043457));
#3213=CARTESIAN_POINT('',(-4.81646860167864,-18.6796055468343,-58.2650032043457));
#3214=CARTESIAN_POINT('',(-4.75808700064059,-18.6873083816483,-58.2650032043457));
#3215=CARTESIAN_POINT('',(-4.6996999033124,-18.6949907040275,-58.2650032043457));
#3216=CARTESIAN_POINT('',(-4.64131427854208,-18.7026785220676,-58.2650032043457));
#3217=CARTESIAN_POINT('',(-4.58292825983044,-18.7103648698986,-58.2650032043457));
#3218=CARTESIAN_POINT('',(-4.50508037249145,-18.7206138472404,-58.2650032043457));
#3219=CARTESIAN_POINT('',(-4.40777046609708,-18.7334248926877,-58.2650032043457));
#3220=CARTESIAN_POINT('',(-4.29099859866804,-18.748798222777,-58.2650032043457));
#3221=CARTESIAN_POINT('',(-4.1742267258152,-18.7641715326244,-58.2650032043457));
#3222=CARTESIAN_POINT('',(-4.05745485441335,-18.7795448478869,-58.2650032043457));
#3223=CARTESIAN_POINT('',(-3.9017590253707,-18.8000425996786,-58.2650032043457));
#3224=CARTESIAN_POINT('',(-3.7071392392413,-18.8256647900674,-58.2650032043457));
#3225=CARTESIAN_POINT('',(-3.47359549581146,-18.8564114182557,-58.2650032043457));
#3226=CARTESIAN_POINT('',(-3.24005175240161,-18.8871580465186,-58.2650032043457));
#3227=CARTESIAN_POINT('',(-3.0065080089864,-18.9179046747614,-58.2650032043457));
#3228=CARTESIAN_POINT('',(-2.77296426557262,-18.9486513030097,-58.2650032043457));
#3229=CARTESIAN_POINT('',(-2.53942052215846,-18.9793979312563,-58.2650032043457));
#3230=CARTESIAN_POINT('',(-2.3058767787444,-19.0101445595039,-58.2650032043457));
#3231=CARTESIAN_POINT('',(-2.07233303533031,-19.0408911877497,-58.2650032043457));
#3232=CARTESIAN_POINT('',(-1.83878929191624,-19.0716378160012,-58.2650032043457));
#3233=CARTESIAN_POINT('',(-1.60524554850216,-19.102384444232,-58.2650032043457));
#3234=CARTESIAN_POINT('',(-1.37170180508808,-19.1331310725399,-58.2650032043457));
#3235=CARTESIAN_POINT('',(-1.17708201890968,-19.1587532625566,-58.2650032043457));
#3236=CARTESIAN_POINT('',(-1.02138618996696,-19.1792510151073,-58.2650032043457));
#3237=CARTESIAN_POINT('',(-0.904614318259917,-19.1946243280519,-58.2650032043457));
#3238=CARTESIAN_POINT('',(-0.787842446552877,-19.2099976466018,-58.2650032043457));
#3239=CARTESIAN_POINT('',(-0.671070574845838,-19.2253709441988,-58.2650032043457));
#3240=CARTESIAN_POINT('',(-0.573760681756637,-19.2381820907015,-58.2650032043457));
#3241=CARTESIAN_POINT('',(-0.495912767285278,-19.2484308619678,-58.2650032043457));
#3242=CARTESIAN_POINT('',(-0.437526831431758,-19.2561178391221,-58.2650032043457));
#3243=CARTESIAN_POINT('',(-0.379140895578237,-19.2638032944258,-58.2650032043457));
#3244=CARTESIAN_POINT('',(-0.320754959724718,-19.2714944384271,-58.2650032043457));
#3245=CARTESIAN_POINT('',(-0.262369023871199,-19.2791643494888,-58.2650032043457));
#3246=CARTESIAN_POINT('',(-0.203983088017676,-19.2869135036112,-58.2650032043457));
#3247=CARTESIAN_POINT('',(-0.145597152164163,-19.2943669184305,-58.2650032043457));
#3248=CARTESIAN_POINT('',(-0.0872112163106222,-19.3029240474018,-58.2650032043457));
#3249=CARTESIAN_POINT('',(-0.0288252804571779,-19.3073620590682,-58.2650032043457));
#3250=CARTESIAN_POINT('',(0.029560655396363,-19.2964266068491,-58.2650032043457));
#3251=CARTESIAN_POINT('',(0.0879465912498772,-19.2896104616884,-58.2650032043457));
#3252=CARTESIAN_POINT('',(0.146332527103399,-19.2816905521796,-58.2650032043457));
#3253=CARTESIAN_POINT('',(0.204718462956919,-19.274066393005,-58.2650032043457));
#3254=CARTESIAN_POINT('',(0.263104398810439,-19.2663629968416,-58.2650032043457));
#3255=CARTESIAN_POINT('',(0.32149033466396,-19.2586807982992,-58.2650032043457));
#3256=CARTESIAN_POINT('',(0.399338249135319,-19.2484304622489,-58.2650032043457));
#3257=CARTESIAN_POINT('',(0.49664814222452,-19.2356200830866,-58.2650032043457));
#3258=CARTESIAN_POINT('',(0.613420013931561,-19.2202465387602,-58.2650032043457));
#3259=CARTESIAN_POINT('',(0.7301918856386,-19.2048732863192,-58.2650032043457));
#3260=CARTESIAN_POINT('',(0.846963757345641,-19.1894999556684,-58.2650032043457));
#3261=CARTESIAN_POINT('',(0.963735629052681,-19.1741266459714,-58.2650032043457));
#3262=CARTESIAN_POINT('',(1.08050750075972,-19.1587533306689,-58.2650032043457));
#3263=CARTESIAN_POINT('',(1.23620332970244,-19.1382555788902,-58.2650032043457));
#3264=CARTESIAN_POINT('',(1.43082311588084,-19.112633388495,-58.2650032043457));
#3265=CARTESIAN_POINT('',(1.66436685929492,-19.0818867603088,-58.2650032043457));
#3266=CARTESIAN_POINT('',(1.89791060270901,-19.0511401320455,-58.2650032043457));
#3267=CARTESIAN_POINT('',(2.20930226059443,-19.0101446277214,-58.2650032043457));
#3268=CARTESIAN_POINT('',(2.52069391847995,-18.9691491233899,-58.2650032043457));
#3269=CARTESIAN_POINT('',(2.83208557636522,-18.9281536190602,-58.2650032043457));
#3270=CARTESIAN_POINT('',(3.06562931977982,-18.897406990815,-58.2650032043457));
#3271=CARTESIAN_POINT('',(3.29917306319194,-18.8666603625606,-58.2650032043457));
#3272=CARTESIAN_POINT('',(3.53271680661333,-18.8359137343408,-58.2650032043457));
#3273=CARTESIAN_POINT('',(3.727336592769,-18.81029154405,-58.2650032043457));
#3274=CARTESIAN_POINT('',(3.88303242175808,-18.7897937920584,-58.2650032043457));
#3275=CARTESIAN_POINT('',(3.99980429332354,-18.7744204774063,-58.2650032043457));
#3276=CARTESIAN_POINT('',(4.11657616556212,-18.7590471652671,-58.2650032043457));
#3277=CARTESIAN_POINT('',(4.23334803528459,-18.7436738437346,-58.2650032043457));
#3278=CARTESIAN_POINT('',(4.33065793454606,-18.7308627716745,-58.2650032043457));
#3279=CARTESIAN_POINT('',(4.40850583643071,-18.7206138486023,-58.2650032043457));
#3280=CARTESIAN_POINT('',(4.46689181072214,-18.7129273350403,-58.2650032043457));
#3281=CARTESIAN_POINT('',(4.52527760226406,-18.7052401392218,-58.2650032043457));
#3282=CARTESIAN_POINT('',(4.58366407692608,-18.6975554936873,-58.2650032043457));
#3283=CARTESIAN_POINT('',(4.64204800185721,-18.6898613292734,-58.2650032043457));
#3284=CARTESIAN_POINT('',(4.70044144259178,-18.6822026900926,-58.2650032043457));
#3285=CARTESIAN_POINT('',(4.75879936984347,-18.6744114688591,-58.2650032043457));
#3286=CARTESIAN_POINT('',(4.81728983522326,-18.6671150506032,-58.2650032043457));
#3287=CARTESIAN_POINT('',(4.87528566157354,-18.6579720024897,-58.2650032043457));
#3288=CARTESIAN_POINT('',(4.93512750591375,-18.655720670829,-58.2650032043457));
#3289=CARTESIAN_POINT('',(4.98807860710886,-18.6277491329997,-58.2650032043457));
#3290=CARTESIAN_POINT('',(5.04287575555703,-18.6066694208345,-58.2650032043457));
#3291=CARTESIAN_POINT('',(5.09717825713465,-18.5837430495486,-58.2650032043457));
#3292=CARTESIAN_POINT('',(5.15161329894138,-18.5613114890812,-58.2650032043457));
#3293=CARTESIAN_POINT('',(5.20601282670225,-18.5387473444602,-58.2650032043457));
#3294=CARTESIAN_POINT('',(5.26042187041741,-18.5162187256352,-58.2650032043457));
#3295=CARTESIAN_POINT('',(5.31482836436127,-18.4936805877801,-58.2650032043457));
#3296=CARTESIAN_POINT('',(5.36923554143606,-18.4711450002493,-58.2650032043457));
#3297=CARTESIAN_POINT('',(5.42364253575844,-18.4486087304512,-58.2650032043457));
#3298=CARTESIAN_POINT('',(5.49618525869322,-18.418560609047,-58.2650032043457));
#3299=CARTESIAN_POINT('',(5.58686364045568,-18.3810003755104,-58.2650032043457));
#3300=CARTESIAN_POINT('',(5.69567770796207,-18.3359281303274,-58.2650032043457));
#3301=CARTESIAN_POINT('',(5.80449177295232,-18.2908558757509,-58.2650032043457));
#3302=CARTESIAN_POINT('',(5.9133058386157,-18.2457836236874,-58.2650032043457));
#3303=CARTESIAN_POINT('',(6.05839125926506,-18.1856872867248,-58.2650032043457));
#3304=CARTESIAN_POINT('',(6.23974803515746,-18.1105668658229,-58.2650032043457));
#3305=CARTESIAN_POINT('',(6.45737616619374,-18.0204223606114,-58.2650032043457));
#3306=CARTESIAN_POINT('',(6.67500429723929,-17.9302778554346,-58.2650032043457));
#3307=CARTESIAN_POINT('',(6.8926324282824,-17.8401333502485,-58.2650032043457));
#3308=CARTESIAN_POINT('',(7.18280326967383,-17.71994067667,-58.2650032043457));
#3309=CARTESIAN_POINT('',(7.47297411106637,-17.5997480030928,-58.2650032043457));
#3310=CARTESIAN_POINT('',(7.76314495245516,-17.4795553295093,-58.2650032043457));
#3311=CARTESIAN_POINT('',(7.98077308350686,-17.3894108243392,-58.2650032043457));
#3312=CARTESIAN_POINT('',(8.19840121452003,-17.2992663191022,-58.2650032043457));
#3313=CARTESIAN_POINT('',(8.37975799048434,-17.2241458982794,-58.2650032043457));
#3314=CARTESIAN_POINT('',(8.52484341098704,-17.1640495611556,-58.2650032043457));
#3315=CARTESIAN_POINT('',(8.63365747709834,-17.1189773095846,-58.2650032043457));
#3316=CARTESIAN_POINT('',(8.7424715404069,-17.073905053159,-58.2650032043457));
#3317=CARTESIAN_POINT('',(8.85128561419215,-17.0288328148797,-58.2650032043457));
#3318=CARTESIAN_POINT('',(8.96009964887334,-16.9837605088701,-58.2650032043457));
#3319=CARTESIAN_POINT('',(9.06891382949413,-16.9386884556353,-58.2650032043457));
#3320=CARTESIAN_POINT('',(9.15959185946614,-16.9011276251322,-58.2650032043457));
#3321=CARTESIAN_POINT('',(9.23213529978272,-16.8710807210802,-58.2650032043457));
#3322=CARTESIAN_POINT('',(9.28654010333044,-16.848540733674,-58.2650032043457));
#3323=CARTESIAN_POINT('',(9.34095550546751,-16.8260191035615,-58.2650032043457));
#3324=CARTESIAN_POINT('',(9.39533128993689,-16.8034288536416,-58.2650032043457));
#3325=CARTESIAN_POINT('',(9.44985494648768,-16.7810947256575,-58.2650032043457));
#3326=CARTESIAN_POINT('',(9.50382673238053,-16.7578047297374,-58.2650032043457));
#3327=CARTESIAN_POINT('',(9.55985812882372,-16.7380820836257,-58.2650032043457));
#3328=CARTESIAN_POINT('',(9.60820295372348,-16.7050459062164,-58.2650032043457));
#3329=CARTESIAN_POINT('',(9.65448805433727,-16.6684421820023,-58.2650032043457));
#3330=CARTESIAN_POINT('',(9.70132505640844,-16.6327943790707,-58.2650032043457));
#3331=CARTESIAN_POINT('',(9.74801417693607,-16.5968904378141,-58.2650032043457));
#3332=CARTESIAN_POINT('',(9.79474292218048,-16.5610551285745,-58.2650032043457));
#3333=CARTESIAN_POINT('',(9.84146105010131,-16.5252014295924,-58.2650032043457));
#3334=CARTESIAN_POINT('',(9.88818202259966,-16.4893526575628,-58.2650032043457));
#3335=CARTESIAN_POINT('',(9.93490223411154,-16.4535025674661,-58.2650032043457));
#3336=CARTESIAN_POINT('',(9.99719611528517,-16.4057029077585,-58.2650032043457));
#3337=CARTESIAN_POINT('',(10.0750633755349,-16.3459531751311,-58.2650032043457));
#3338=CARTESIAN_POINT('',(10.1685041269409,-16.2742535637122,-58.2650032043457));
#3339=CARTESIAN_POINT('',(10.2619448678696,-16.2025539341461,-58.2650032043457));
#3340=CARTESIAN_POINT('',(10.3553856116011,-16.1308543094347,-58.2650032043457));
#3341=CARTESIAN_POINT('',(10.4799732689308,-16.0352548081238,-58.2650032043457));
#3342=CARTESIAN_POINT('',(10.6357078409288,-15.915755432067,-58.2650032043457));
#3343=CARTESIAN_POINT('',(10.8225893271824,-15.7723561805494,-58.2650032043457));
#3344=CARTESIAN_POINT('',(11.0094708134747,-15.6289569290987,-58.2650032043457));
#3345=CARTESIAN_POINT('',(11.1963522997565,-15.48555767763,-58.2650032043457));
#3346=CARTESIAN_POINT('',(11.3832337860412,-15.3421584261662,-58.2650032043457));
#3347=CARTESIAN_POINT('',(11.570115272325,-15.198759174701,-58.2650032043457));
#3348=CARTESIAN_POINT('',(11.7569967586094,-15.0553599232364,-58.2650032043457));
#3349=CARTESIAN_POINT('',(11.9438782448926,-14.9119606717707,-58.2650032043457));
#3350=CARTESIAN_POINT('',(12.1307597311797,-14.7685614203089,-58.2650032043457));
#3351=CARTESIAN_POINT('',(12.3176412174523,-14.6251621688325,-58.2650032043457));
#3352=CARTESIAN_POINT('',(12.5045227037794,-14.4817629174107,-58.2650032043457));
#3353=CARTESIAN_POINT('',(12.6602572755489,-14.3622635410561,-58.2650032043457));
#3354=CARTESIAN_POINT('',(12.7848449333446,-14.2666640403525,-58.2650032043457));
#3355=CARTESIAN_POINT('',(12.8782856756529,-14.1949644137864,-58.2650032043457));
#3356=CARTESIAN_POINT('',(12.9717264219249,-14.1232647911839,-58.2650032043457));
#3357=CARTESIAN_POINT('',(13.0651671533809,-14.0515651537655,-58.2650032043457));
#3358=CARTESIAN_POINT('',(13.1430344756777,-13.9918155020002,-58.2650032043457));
#3359=CARTESIAN_POINT('',(13.2053282303229,-13.9440156773957,-58.2650032043457));
#3360=CARTESIAN_POINT('',(13.2520488282332,-13.9081660908688,-58.2650032043457));
#3361=CARTESIAN_POINT('',(13.2987683500342,-13.8723154282326,-58.2650032043457));
#3362=CARTESIAN_POINT('',(13.3454918943459,-13.8364687881071,-58.2650032043457));
#3363=CARTESIAN_POINT('',(13.3922004247242,-13.8006071340481,-58.2650032043457));
#3364=CARTESIAN_POINT('',(13.4389649883257,-13.7648015132123,-58.2650032043457));
#3365=CARTESIAN_POINT('',(13.4855204329675,-13.728786773417,-58.2650032043457));
#3366=CARTESIAN_POINT('',(13.5328563202248,-13.693552476237,-58.2650032043457));
#3367=CARTESIAN_POINT('',(13.57727955598,-13.6554055275549,-58.2650032043457));
#3368=CARTESIAN_POINT('',(13.6108321271328,-13.6063879142705,-58.2650032043457));
#3369=CARTESIAN_POINT('',(13.6472974839636,-13.5602830866641,-58.2650032043457));
#3370=CARTESIAN_POINT('',(13.6829823626849,-13.5133977809481,-58.2650032043457));
#3371=CARTESIAN_POINT('',(13.7188763681661,-13.4667216019921,-58.2650032043457));
#3372=CARTESIAN_POINT('',(13.7547143447174,-13.4199893941062,-58.2650032043457));
#3373=CARTESIAN_POINT('',(13.7905673102283,-13.3732721751798,-58.2650032043457));
#3374=CARTESIAN_POINT('',(13.8383660283649,-13.3109773140668,-58.2650032043457));
#3375=CARTESIAN_POINT('',(13.898116222721,-13.2331105343608,-58.2650032043457));
#3376=CARTESIAN_POINT('',(13.9698156856757,-13.139669628441,-58.2650032043457));
#3377=CARTESIAN_POINT('',(14.0415153550242,-13.0462289289151,-58.2650032043457));
#3378=CARTESIAN_POINT('',(14.1132149690701,-12.9527881740865,-58.2650032043457));
#3379=CARTESIAN_POINT('',(14.1849145979326,-12.8593474340746,-58.2650032043457));
#3380=CARTESIAN_POINT('',(14.2566142228313,-12.7659066900988,-58.2650032043457));
#3381=CARTESIAN_POINT('',(14.3522137240809,-12.6413190328491,-58.2650032043457));
#3382=CARTESIAN_POINT('',(14.4717131001678,-12.4855844608119,-58.2650032043457));
#3383=CARTESIAN_POINT('',(14.6151123516757,-12.2987029745708,-58.2650032043457));
#3384=CARTESIAN_POINT('',(14.7585116031291,-12.1118214882753,-58.2650032043457));
#3385=CARTESIAN_POINT('',(14.949710605086,-11.8626461732337,-58.2650032043457));
#3386=CARTESIAN_POINT('',(15.1409096070378,-11.6134708581867,-58.2650032043457));
#3387=CARTESIAN_POINT('',(15.3321086089906,-11.3642955431413,-58.2650032043457));
#3388=CARTESIAN_POINT('',(15.4755078604572,-11.1774140568582,-58.2650032043457));
#3389=CARTESIAN_POINT('',(15.6189071119155,-10.9905325705703,-58.2650032043457));
#3390=CARTESIAN_POINT('',(15.7623063634049,-10.8036510843004,-58.2650032043457));
#3391=CARTESIAN_POINT('',(15.8818057395495,-10.6479165123531,-58.2650032043457));
#3392=CARTESIAN_POINT('',(15.9774052406813,-10.5233288549199,-58.2650032043457));
#3393=CARTESIAN_POINT('',(16.0491048659398,-10.4298881115044,-58.2650032043457));
#3394=CARTESIAN_POINT('',(16.1208044934514,-10.3364473693895,-58.2650032043457));
#3395=CARTESIAN_POINT('',(16.1925041125412,-10.2430066224123,-58.2650032043457));
#3396=CARTESIAN_POINT('',(16.252253821311,-10.1651393483884,-58.2650032043457));
#3397=CARTESIAN_POINT('',(16.3000535296699,-10.1028454953036,-58.2650032043457));
#3398=CARTESIAN_POINT('',(16.335903471193,-10.0561251980127,-58.2650032043457));
#3399=CARTESIAN_POINT('',(16.3717528010285,-10.0094045475637,-58.2650032043457));
#3400=CARTESIAN_POINT('',(16.4076044173607,-9.96268521722438,-58.2650032043457));
#3401=CARTESIAN_POINT('',(16.4434474993938,-9.91596095960463,-58.2650032043457));
#3402=CARTESIAN_POINT('',(16.4793224321266,-9.86925509099668,-58.2650032043457));
#3403=CARTESIAN_POINT('',(16.5150784963594,-9.82248059362222,-58.2650032043457));
#3404=CARTESIAN_POINT('',(16.5512781838927,-9.77596222230186,-58.2650032043457));
#3405=CARTESIAN_POINT('',(16.5858222467243,-9.72848797553169,-58.2650032043457));
#3406=CARTESIAN_POINT('',(16.6265451850619,-9.68458110450667,-58.2650032043457));
#3407=CARTESIAN_POINT('',(16.6442082460773,-9.62736060595103,-58.2650032043457));
#3408=CARTESIAN_POINT('',(16.6680501062798,-9.57370743907771,-58.2650032043457));
#3409=CARTESIAN_POINT('',(16.6902363622304,-9.51909840856117,-58.2650032043457));
#3410=CARTESIAN_POINT('',(16.7128662360019,-9.46474550093519,-58.2650032043457));
#3411=CARTESIAN_POINT('',(16.7353772427416,-9.41032396539039,-58.2650032043457));
#3412=CARTESIAN_POINT('',(16.7579200997876,-9.35592081863015,-58.2650032043457));
#3413=CARTESIAN_POINT('',(16.78045442264,-9.30151274465048,-58.2650032043457));
#3414=CARTESIAN_POINT('',(16.8029910319608,-9.24710599076406,-58.2650032043457));
#3415=CARTESIAN_POINT('',(16.8255270296014,-9.19269888372396,-58.2650032043457));
#3416=CARTESIAN_POINT('',(16.8555752401251,-9.12015619769923,-58.2650032043457));
#3417=CARTESIAN_POINT('',(16.8931354299593,-9.02947779783679,-58.2650032043457));
#3418=CARTESIAN_POINT('',(16.9382076891939,-8.92066373615011,-58.2650032043457));
#3419=CARTESIAN_POINT('',(16.9832799400069,-8.81184966960113,-58.2650032043457));
#3420=CARTESIAN_POINT('',(17.0283521930729,-8.70303560435296,-58.2650032043457));
#3421=CARTESIAN_POINT('',(17.0884485297072,-8.55795018356759,-58.2650032043457));
#3422=CARTESIAN_POINT('',(17.1635689507701,-8.37659340774192,-58.2650032043457));
#3423=CARTESIAN_POINT('',(17.2537134559298,-8.15896527668418,-58.2650032043457));
#3424=CARTESIAN_POINT('',(17.3438579611205,-7.94133714564437,-58.2650032043457));
#3425=CARTESIAN_POINT('',(17.4340024663029,-7.72370901459978,-58.2650032043457));
#3426=CARTESIAN_POINT('',(17.5541951398821,-7.43353817320855,-58.2650032043457));
#3427=CARTESIAN_POINT('',(17.6743878134629,-7.14336733181755,-58.2650032043457));
#3428=CARTESIAN_POINT('',(17.7945804870367,-6.85319649042475,-58.2650032043457));
#3429=CARTESIAN_POINT('',(17.8847249922365,-6.63556835938534,-58.2650032043457));
#3430=CARTESIAN_POINT('',(17.9748694973619,-6.417940228326,-58.2650032043457));
#3431=CARTESIAN_POINT('',(18.0499899185316,-6.23658345250532,-58.2650032043457));
#3432=CARTESIAN_POINT('',(18.1100862549481,-6.09149803170969,-58.2650032043457));
#3433=CARTESIAN_POINT('',(18.155158508679,-5.98268396649307,-58.2650032043457));
#3434=CARTESIAN_POINT('',(18.2002307569955,-5.87386989982559,-58.2650032043457));
#3435=CARTESIAN_POINT('',(18.2453030255511,-5.76505583858124,-58.2650032043457));
#3436=CARTESIAN_POINT('',(18.2903752185648,-5.65624175709543,-58.2650032043457));
#3437=CARTESIAN_POINT('',(18.3354476935068,-5.54742775115214,-58.2650032043457));
#3438=CARTESIAN_POINT('',(18.3730072124824,-5.45674917792569,-58.2650032043457));
#3439=CARTESIAN_POINT('',(18.4030567910413,-5.38420684543013,-58.2650032043457));
#3440=CARTESIAN_POINT('',(18.425588610911,-5.32979865876583,-58.2650032043457));
#3441=CARTESIAN_POINT('',(18.4481409052895,-5.27539595822937,-58.2650032043457));
#3442=CARTESIAN_POINT('',(18.470616665682,-5.22097275047414,-58.2650032043457));
#3443=CARTESIAN_POINT('',(18.4933780875098,-5.16662608546607,-58.2650032043457));
#3444=CARTESIAN_POINT('',(18.5150733975824,-5.11199375668824,-58.2650032043457));
#3445=CARTESIAN_POINT('',(18.5407474932403,-5.05842754024219,-58.2650032043457));
#3446=CARTESIAN_POINT('',(18.5515725583123,-5.00088253823897,-58.2650032043457));
#3447=CARTESIAN_POINT('',(18.5584182814829,-4.94227127483958,-58.2650032043457));
#3448=CARTESIAN_POINT('',(18.5663302660992,-4.88394571531932,-58.2650032043457));
#3449=CARTESIAN_POINT('',(18.5739565468342,-4.82554360167863,-58.2650032043457));
#3450=CARTESIAN_POINT('',(18.5816593816483,-4.76716200064053,-58.2650032043457));
#3451=CARTESIAN_POINT('',(18.5893417040274,-4.70877490331238,-58.2650032043457));
#3452=CARTESIAN_POINT('',(18.5970295220675,-4.65038927854204,-58.2650032043457));
#3453=CARTESIAN_POINT('',(18.6047158698986,-4.59200325983041,-58.2650032043457));
#3454=CARTESIAN_POINT('',(18.6149648472403,-4.51415537249141,-58.2650032043457));
#3455=CARTESIAN_POINT('',(18.6277758926877,-4.41684546609703,-58.2650032043457));
#3456=CARTESIAN_POINT('',(18.643149222777,-4.30007359866801,-58.2650032043457));
#3457=CARTESIAN_POINT('',(18.6585225326244,-4.18330172581518,-58.2650032043457));
#3458=CARTESIAN_POINT('',(18.6738958478869,-4.06652985441332,-58.2650032043457));
#3459=CARTESIAN_POINT('',(18.6943935996786,-3.91083402537066,-58.2650032043457));
#3460=CARTESIAN_POINT('',(18.7200157900674,-3.71621423924128,-58.2650032043457));
#3461=CARTESIAN_POINT('',(18.7507624182557,-3.48267049581145,-58.2650032043457));
#3462=CARTESIAN_POINT('',(18.7815090465186,-3.24912675240157,-58.2650032043457));
#3463=CARTESIAN_POINT('',(18.8122556747614,-3.01558300898637,-58.2650032043457));
#3464=CARTESIAN_POINT('',(18.8430023030097,-2.78203926557262,-58.2650032043457));
#3465=CARTESIAN_POINT('',(18.8737489312564,-2.54849552215844,-58.2650032043457));
#3466=CARTESIAN_POINT('',(18.9044955595039,-2.31495177874438,-58.2650032043457));
#3467=CARTESIAN_POINT('',(18.9352421877498,-2.08140803533027,-58.2650032043457));
#3468=CARTESIAN_POINT('',(18.9659888160012,-1.84786429191624,-58.2650032043457));
#3469=CARTESIAN_POINT('',(18.996735444232,-1.61432054850213,-58.2650032043457));
#3470=CARTESIAN_POINT('',(19.02748207254,-1.38077680508806,-58.2650032043457));
#3471=CARTESIAN_POINT('',(19.0531042625566,-1.18615701890967,-58.2650032043457));
#3472=CARTESIAN_POINT('',(19.0736020151074,-1.03046118996694,-58.2650032043457));
#3473=CARTESIAN_POINT('',(19.0889753280519,-0.913689318259898,-58.2650032043457));
#3474=CARTESIAN_POINT('',(19.1043486466018,-0.796917446552855,-58.2650032043457));
#3475=CARTESIAN_POINT('',(19.1197219441989,-0.680145574845807,-58.2650032043457));
#3476=CARTESIAN_POINT('',(19.1325330907015,-0.582835681756612,-58.2650032043457));
#3477=CARTESIAN_POINT('',(19.1427818619678,-0.504987767285275,-58.2650032043457));
#3478=CARTESIAN_POINT('',(19.1504688391221,-0.446601831431753,-58.2650032043457));
#3479=CARTESIAN_POINT('',(19.1581542944258,-0.388215895578211,-58.2650032043457));
#3480=CARTESIAN_POINT('',(19.1658454384271,-0.329829959724681,-58.2650032043457));
#3481=CARTESIAN_POINT('',(19.1735153494889,-0.271444023871212,-58.2650032043457));
#3482=CARTESIAN_POINT('',(19.1812645036113,-0.213058088017656,-58.2650032043457));
#3483=CARTESIAN_POINT('',(19.1887179184305,-0.15467215216413,-58.2650032043457));
#3484=CARTESIAN_POINT('',(19.1972750474018,-0.0962862163106549,-58.2650032043457));
#3485=CARTESIAN_POINT('',(19.2017130590682,-0.0379002804571203,-58.2650032043457));
#3486=CARTESIAN_POINT('',(19.1907776068491,0.0204856553963986,-58.2650032043457));
#3487=CARTESIAN_POINT('',(19.1839614616884,0.0788715912499215,-58.2650032043457));
#3488=CARTESIAN_POINT('',(19.1760415521796,0.137257527103444,-58.2650032043457));
#3489=CARTESIAN_POINT('',(19.168417393005,0.195643462956964,-58.2650032043457));
#3490=CARTESIAN_POINT('',(19.1607139968416,0.254029398810493,-58.2650032043457));
#3491=CARTESIAN_POINT('',(19.1530317982992,0.312415334663991,-58.2650032043457));
#3492=CARTESIAN_POINT('',(19.142781462249,0.390263249135362,-58.2650032043457));
#3493=CARTESIAN_POINT('',(19.1299710830866,0.48757314222456,-58.2650032043457));
#3494=CARTESIAN_POINT('',(19.1145975387602,0.604345013931611,-58.2650032043457));
#3495=CARTESIAN_POINT('',(19.0992242863192,0.721116885638637,-58.2650032043457));
#3496=CARTESIAN_POINT('',(19.0838509556684,0.837888757345663,-58.2650032043457));
#3497=CARTESIAN_POINT('',(19.0684776459714,0.954660629052712,-58.2650032043457));
#3498=CARTESIAN_POINT('',(19.0531043306689,1.07143250075975,-58.2650032043457));
#3499=CARTESIAN_POINT('',(19.0326065788902,1.22712832970248,-58.2650032043457));
#3500=CARTESIAN_POINT('',(19.006984388495,1.42174811588087,-58.2650032043457));
#3501=CARTESIAN_POINT('',(18.9762377603087,1.65529185929495,-58.2650032043457));
#3502=CARTESIAN_POINT('',(18.9454911320455,1.88883560270903,-58.2650032043457));
#3503=CARTESIAN_POINT('',(18.9044956277213,2.20022726059444,-58.2650032043457));
#3504=CARTESIAN_POINT('',(18.8635001233898,2.51161891847999,-58.2650032043457));
#3505=CARTESIAN_POINT('',(18.8225046190601,2.82301057636524,-58.2650032043457));
#3506=CARTESIAN_POINT('',(18.7917579908149,3.05655431977984,-58.2650032043457));
#3507=CARTESIAN_POINT('',(18.7610113625605,3.29009806319195,-58.2650032043457));
#3508=CARTESIAN_POINT('',(18.7302647343407,3.52364180661336,-58.2650032043457));
#3509=CARTESIAN_POINT('',(18.7046425440499,3.71826159276901,-58.2650032043457));
#3510=CARTESIAN_POINT('',(18.6841447920583,3.8739574217581,-58.2650032043457));
#3511=CARTESIAN_POINT('',(18.6687714774062,3.99072929332354,-58.2650032043457));
#3512=CARTESIAN_POINT('',(18.653398165267,4.10750116556213,-58.2650032043457));
#3513=CARTESIAN_POINT('',(18.6380248437345,4.2242730352846,-58.2650032043457));
#3514=CARTESIAN_POINT('',(18.6252137716745,4.32158293454608,-58.2650032043457));
#3515=CARTESIAN_POINT('',(18.6149648486023,4.39943083643072,-58.2650032043457));
#3516=CARTESIAN_POINT('',(18.6072783350403,4.45781681072217,-58.2650032043457));
#3517=CARTESIAN_POINT('',(18.5995911392218,4.51620260226408,-58.2650032043457));
#3518=CARTESIAN_POINT('',(18.5919064936872,4.5745890769261,-58.2650032043457));
#3519=CARTESIAN_POINT('',(18.5842123292734,4.63297300185722,-58.2650032043457));
#3520=CARTESIAN_POINT('',(18.5765536900925,4.6913664425918,-58.2650032043457));
#3521=CARTESIAN_POINT('',(18.5687624688591,4.7497243698435,-58.2650032043457));
#3522=CARTESIAN_POINT('',(18.5614660506032,4.80821483522326,-58.2650032043457));
#3523=CARTESIAN_POINT('',(18.5523230024896,4.86621066157355,-58.2650032043457));
#3524=CARTESIAN_POINT('',(18.550071670829,4.92605250591375,-58.2650032043457));
#3525=CARTESIAN_POINT('',(18.5221001329996,4.97900360710886,-58.2650032043457));
#3526=CARTESIAN_POINT('',(18.5010204208344,5.03380075555704,-58.2650032043457));
#3527=CARTESIAN_POINT('',(18.4780940495485,5.08810325713465,-58.2650032043457));
#3528=CARTESIAN_POINT('',(18.4556624890811,5.14253829894136,-58.2650032043457));
#3529=CARTESIAN_POINT('',(18.4330983444602,5.19693782670225,-58.2650032043457));
#3530=CARTESIAN_POINT('',(18.4105697256351,5.25134687041742,-58.2650032043457));
#3531=CARTESIAN_POINT('',(18.38803158778,5.30575336436129,-58.2650032043457));
#3532=CARTESIAN_POINT('',(18.3654960002492,5.36016054143606,-58.2650032043457));
#3533=CARTESIAN_POINT('',(18.3429597304511,5.41456753575844,-58.2650032043457));
#3534=CARTESIAN_POINT('',(18.312911609047,5.48711025869324,-58.2650032043457));
#3535=CARTESIAN_POINT('',(18.2753513755104,5.57778864045568,-58.2650032043457));
#3536=CARTESIAN_POINT('',(18.2302791303273,5.68660270796207,-58.2650032043457));
#3537=CARTESIAN_POINT('',(18.1852068757509,5.79541677295233,-58.2650032043457));
#3538=CARTESIAN_POINT('',(18.1401346236873,5.90423083861572,-58.2650032043457));
#3539=CARTESIAN_POINT('',(18.0800382867248,6.04931625926507,-58.2650032043457));
#3540=CARTESIAN_POINT('',(18.0049178658229,6.23067303515747,-58.2650032043457));
#3541=CARTESIAN_POINT('',(17.9147733606114,6.44830116619375,-58.2650032043457));
#3542=CARTESIAN_POINT('',(17.8246288554345,6.66592929723929,-58.2650032043457));
#3543=CARTESIAN_POINT('',(17.7344843502485,6.88355742828239,-58.2650032043457));
#3544=CARTESIAN_POINT('',(17.6142916766699,7.17372826967384,-58.2650032043457));
#3545=CARTESIAN_POINT('',(17.4940990030927,7.46389911106636,-58.2650032043457));
#3546=CARTESIAN_POINT('',(17.3739063295093,7.75406995245516,-58.2650032043457));
#3547=CARTESIAN_POINT('',(17.2837618243391,7.97169808350686,-58.2650032043457));
#3548=CARTESIAN_POINT('',(17.1936173191023,8.18932621452004,-58.2650032043457));
#3549=CARTESIAN_POINT('',(17.1184968982794,8.37068299048436,-58.2650032043457));
#3550=CARTESIAN_POINT('',(17.0584005611556,8.51576841098703,-58.2650032043457));
#3551=CARTESIAN_POINT('',(17.0133283095846,8.62458247709833,-58.2650032043457));
#3552=CARTESIAN_POINT('',(16.9682560531591,8.7333965404069,-58.2650032043457));
#3553=CARTESIAN_POINT('',(16.9231838148797,8.84221061419215,-58.2650032043457));
#3554=CARTESIAN_POINT('',(16.8781115088701,8.95102464887334,-58.2650032043457));
#3555=CARTESIAN_POINT('',(16.8330394556354,9.05983882949414,-58.2650032043457));
#3556=CARTESIAN_POINT('',(16.7954786251322,9.15051685946613,-58.2650032043457));
#3557=CARTESIAN_POINT('',(16.7654317210803,9.22306029978271,-58.2650032043457));
#3558=CARTESIAN_POINT('',(16.7428917336741,9.27746510333043,-58.2650032043457));
#3559=CARTESIAN_POINT('',(16.7203701035616,9.33188050546749,-58.2650032043457));
#3560=CARTESIAN_POINT('',(16.6977798536416,9.38625628993688,-58.2650032043457));
#3561=CARTESIAN_POINT('',(16.6754457256576,9.44077994648767,-58.2650032043457));
#3562=CARTESIAN_POINT('',(16.6521557297375,9.49475173238053,-58.2650032043457));
#3563=CARTESIAN_POINT('',(16.6324330836258,9.55078312882369,-58.2650032043457));
#3564=CARTESIAN_POINT('',(16.5993969062164,9.59912795372357,-58.2650032043457));
#3565=CARTESIAN_POINT('',(16.5627931820024,9.64541305433734,-58.2650032043457));
#3566=CARTESIAN_POINT('',(16.5271453790707,9.6922500564085,-58.2650032043457));
#3567=CARTESIAN_POINT('',(16.4912414378142,9.73893917693615,-58.2650032043457));
#3568=CARTESIAN_POINT('',(16.4554061285745,9.78566792218053,-58.2650032043457));
#3569=CARTESIAN_POINT('',(16.4195524295925,9.83238605010136,-58.2650032043457));
#3570=CARTESIAN_POINT('',(16.3837036575629,9.87910702259973,-58.2650032043457));
#3571=CARTESIAN_POINT('',(16.3478535674661,9.92582723411159,-58.2650032043457));
#3572=CARTESIAN_POINT('',(16.3000539077585,9.98812111528524,-58.2650032043457));
#3573=CARTESIAN_POINT('',(16.2403041751311,10.065988375535,-58.2650032043457));
#3574=CARTESIAN_POINT('',(16.1686045637122,10.1594291269409,-58.2650032043457));
#3575=CARTESIAN_POINT('',(16.0969049341461,10.2528698678696,-58.2650032043457));
#3576=CARTESIAN_POINT('',(16.0252053094348,10.3463106116012,-58.2650032043457));
#3577=CARTESIAN_POINT('',(15.9296058081238,10.4708982689308,-58.2650032043457));
#3578=CARTESIAN_POINT('',(15.8101064320671,10.6266328409289,-58.2650032043457));
#3579=CARTESIAN_POINT('',(15.6667071805495,10.8135143271825,-58.2650032043457));
#3580=CARTESIAN_POINT('',(15.5233079290987,11.0003958134747,-58.2650032043457));
#3581=CARTESIAN_POINT('',(15.3799086776301,11.1872772997565,-58.2650032043457));
#3582=CARTESIAN_POINT('',(15.2365094261662,11.3741587860413,-58.2650032043457));
#3583=CARTESIAN_POINT('',(15.093110174701,11.5610402723251,-58.2650032043457));
#3584=CARTESIAN_POINT('',(14.9497109232364,11.7479217586094,-58.2650032043457));
#3585=CARTESIAN_POINT('',(14.8063116717707,11.9348032448926,-58.2650032043457));
#3586=CARTESIAN_POINT('',(14.6629124203089,12.1216847311798,-58.2650032043457));
#3587=CARTESIAN_POINT('',(14.5195131688325,12.3085662174523,-58.2650032043457));
#3588=CARTESIAN_POINT('',(14.3761139174107,12.4954477037794,-58.2650032043457));
#3589=CARTESIAN_POINT('',(14.2566145410561,12.6511822755489,-58.2650032043457));
#3590=CARTESIAN_POINT('',(14.1610150403525,12.7757699333446,-58.2650032043457));
#3591=CARTESIAN_POINT('',(14.0893154137864,12.869210675653,-58.2650032043457));
#3592=CARTESIAN_POINT('',(14.0176157911839,12.9626514219249,-58.2650032043457));
#3593=CARTESIAN_POINT('',(13.9459161537655,13.056092153381,-58.2650032043457));
#3594=CARTESIAN_POINT('',(13.8861665020001,13.1339594756777,-58.2650032043457));
#3595=CARTESIAN_POINT('',(13.8383666773957,13.196253230323,-58.2650032043457));
#3596=CARTESIAN_POINT('',(13.8025170908688,13.2429738282333,-58.2650032043457));
#3597=CARTESIAN_POINT('',(13.7666664282326,13.2896933500343,-58.2650032043457));
#3598=CARTESIAN_POINT('',(13.7308197881071,13.336416894346,-58.2650032043457));
#3599=CARTESIAN_POINT('',(13.694958134048,13.3831254247242,-58.2650032043457));
#3600=CARTESIAN_POINT('',(13.6591525132123,13.4298899883257,-58.2650032043457));
#3601=CARTESIAN_POINT('',(13.6231377734169,13.4764454329676,-58.2650032043457));
#3602=CARTESIAN_POINT('',(13.5879034762369,13.5237813202249,-58.2650032043457));
#3603=CARTESIAN_POINT('',(13.549756527555,13.56820455598,-58.2650032043457));
#3604=CARTESIAN_POINT('',(13.5007389142706,13.6017571271329,-58.2650032043457));
#3605=CARTESIAN_POINT('',(13.4546340866641,13.6382224839636,-58.2650032043457));
#3606=CARTESIAN_POINT('',(13.4077487809482,13.673907362685,-58.2650032043457));
#3607=CARTESIAN_POINT('',(13.3610726019922,13.7098013681662,-58.2650032043457));
#3608=CARTESIAN_POINT('',(13.3143403941062,13.7456393447175,-58.2650032043457));
#3609=CARTESIAN_POINT('',(13.2676231751799,13.7814923102284,-58.2650032043457));
#3610=CARTESIAN_POINT('',(13.2053283140669,13.829291028365,-58.2650032043457));
#3611=CARTESIAN_POINT('',(13.1274615343609,13.8890412227211,-58.2650032043457));
#3612=CARTESIAN_POINT('',(13.0340206284411,13.9607406856758,-58.2650032043457));
#3613=CARTESIAN_POINT('',(12.9405799289151,14.0324403550243,-58.2650032043457));
#3614=CARTESIAN_POINT('',(12.8471391740866,14.1041399690702,-58.2650032043457));
#3615=CARTESIAN_POINT('',(12.7536984340746,14.1758395979326,-58.2650032043457));
#3616=CARTESIAN_POINT('',(12.6602576900989,14.2475392228314,-58.2650032043457));
#3617=CARTESIAN_POINT('',(12.5356700328492,14.343138724081,-58.2650032043457));
#3618=CARTESIAN_POINT('',(12.3799354608119,14.4626381001678,-58.2650032043457));
#3619=CARTESIAN_POINT('',(12.1930539745709,14.6060373516758,-58.2650032043457));
#3620=CARTESIAN_POINT('',(12.0061724882753,14.7494366031291,-58.2650032043457));
#3621=CARTESIAN_POINT('',(11.8192910019943,14.892835854597,-58.2650032043457));
#3622=CARTESIAN_POINT('',(11.6324095157094,15.0362351060611,-58.2650032043457));
#3623=CARTESIAN_POINT('',(11.4455280294256,15.1796343575262,-58.2650032043457));
#3624=CARTESIAN_POINT('',(11.2586465431414,15.323033608991,-58.2650032043457));
#3625=CARTESIAN_POINT('',(11.0717650568576,15.4664328604557,-58.2650032043457));
#3626=CARTESIAN_POINT('',(10.9160304849536,15.585932236677,-58.2650032043457));
#3627=CARTESIAN_POINT('',(10.7914428274322,15.6815317376525,-58.2650032043457));
#3628=CARTESIAN_POINT('',(10.6980020842861,15.7532313633881,-58.2650032043457));
#3629=CARTESIAN_POINT('',(10.6045613411593,15.8249309891088,-58.2650032043457));
#3630=CARTESIAN_POINT('',(10.5111205979604,15.8966306148849,-58.2650032043457));
#3631=CARTESIAN_POINT('',(10.4176798550305,15.9683302404546,-58.2650032043457));
#3632=CARTESIAN_POINT('',(10.324239111097,16.0400298667943,-58.2650032043457));
#3633=CARTESIAN_POINT('',(10.2307983709085,16.1117294902604,-58.2650032043457));
#3634=CARTESIAN_POINT('',(10.1529310757712,16.1714791854191,-58.2650032043457));
#3635=CARTESIAN_POINT('',(10.0906372657414,16.2192789215342,-58.2650032043457));
#3636=CARTESIAN_POINT('',(10.0439168369672,16.255128778294,-58.2650032043457));
#3637=CARTESIAN_POINT('',(9.99719668016039,16.2909784263657,-58.2650032043457));
#3638=CARTESIAN_POINT('',(9.95047550673573,16.3268288545163,-58.2650032043457));
#3639=CARTESIAN_POINT('',(9.90375812781505,16.3626763710398,-58.2650032043457));
#3640=CARTESIAN_POINT('',(9.85702658749633,16.3985347539924,-58.2650032043457));
#3641=CARTESIAN_POINT('',(9.81034789826583,16.4343525828556,-58.2650032043457));
#3642=CARTESIAN_POINT('',(9.76347196608046,16.4703217616476,-58.2650032043457));
#3643=CARTESIAN_POINT('',(9.71733215462636,16.5057260948139,-58.2650032043457));
#3644=CARTESIAN_POINT('',(9.66844510320201,16.5432384605539,-58.2650032043457));
#3645=CARTESIAN_POINT('',(9.62981089092743,16.5728835416248,-58.2650032043457));
#3646=CARTESIAN_POINT('',(9.57854533832515,16.6122209997405,-58.2650032043457));
#3647=CARTESIAN_POINT('',(9.57671316658493,16.6136268721748,-58.2650032043457));
#3648=CARTESIAN_POINT('',(9.57671322211323,16.6136268295664,-58.2650032043457));
#3649=CARTESIAN_POINT('',(1.61059951782226,67.9426442119141,-58.2650032043457));
#3650=CARTESIAN_POINT('',(-43.7482862305029,-60.8626172099129,-58.2650032043457));
#3651=CARTESIAN_POINT('',(-43.7516629035383,-60.8177289807945,-58.2650032043457));
#3652=CARTESIAN_POINT('',(-43.7584162496088,-60.7279525225578,-58.2650032043457));
#3653=CARTESIAN_POINT('',(-43.7685462687164,-60.5932878352029,-58.2650032043457));
#3654=CARTESIAN_POINT('',(-43.7786762878174,-60.4586231478471,-58.2650032043457));
#3655=CARTESIAN_POINT('',(-43.7871179704218,-60.3464025750536,-58.2650032043457));
#3656=CARTESIAN_POINT('',(-43.7938713164601,-60.256626116812,-58.2650032043457));
#3657=CARTESIAN_POINT('',(-43.7989363261126,-60.1892937731496,-58.2650032043457));
#3658=CARTESIAN_POINT('',(-43.8040013352921,-60.1219614294149,-58.2650032043457));
#3659=CARTESIAN_POINT('',(-43.8082221777487,-60.0658511431949,-58.2650032043457));
#3660=CARTESIAN_POINT('',(-43.8115988484138,-60.0209629137135,-58.2650032043457));
#3661=CARTESIAN_POINT('',(-43.8141313604288,-59.9872967429837,-58.2650032043457));
#3662=CARTESIAN_POINT('',(-43.8166638380291,-59.9536305669811,-58.2650032043457));
#3663=CARTESIAN_POINT('',(-43.8191964442723,-59.9199644106888,-58.2650032043457));
#3664=CARTESIAN_POINT('',(-43.821306549344,-59.8919092191382,-58.2650032043457));
#3665=CARTESIAN_POINT('',(-43.8229955293943,-59.8694652031793,-58.2650032043457));
#3666=CARTESIAN_POINT('',(-43.8242598165321,-59.8526318161498,-58.2650032043457));
#3667=CARTESIAN_POINT('',(-43.8255334472728,-59.8357998607206,-58.2650032043457));
#3668=CARTESIAN_POINT('',(-43.8267721515016,-59.8189625539505,-58.2650032043457));
#3669=CARTESIAN_POINT('',(-43.8281412181753,-59.8021452209437,-58.2650032043457));
#3670=CARTESIAN_POINT('',(-43.8290237615815,-59.7852533442247,-58.2650032043457));
#3671=CARTESIAN_POINT('',(-43.8317220356126,-59.7686396685912,-58.2650032043457));
#3672=CARTESIAN_POINT('',(-43.8358576851384,-59.7522462480946,-58.2650032043457));
#3673=CARTESIAN_POINT('',(-43.8396088054145,-59.7357939045519,-58.2650032043457));
#3674=CARTESIAN_POINT('',(-43.8447446211217,-59.7138780292249,-58.2650032043457));
#3675=CARTESIAN_POINT('',(-43.8511182988362,-59.6864761222061,-58.2650032043457));
#3676=CARTESIAN_POINT('',(-43.858786470299,-59.6535968614171,-58.2650032043457));
#3677=CARTESIAN_POINT('',(-43.8664493560113,-59.6207167906701,-58.2650032043457));
#3678=CARTESIAN_POINT('',(-43.8766683833563,-59.5768769792719,-58.2650032043457));
#3679=CARTESIAN_POINT('',(-43.8894415339492,-59.5220771179365,-58.2650032043457));
#3680=CARTESIAN_POINT('',(-43.904769586292,-59.4563173259574,-58.2650032043457));
#3681=CARTESIAN_POINT('',(-43.9200975658512,-59.3905575228253,-58.2650032043457));
#3682=CARTESIAN_POINT('',(-43.9354255649132,-59.3247977226818,-58.2650032043457));
#3683=CARTESIAN_POINT('',(-43.9507535587475,-59.2590379217368,-58.2650032043457));
#3684=CARTESIAN_POINT('',(-43.9660815539902,-59.193278121009,-58.2650032043457));
#3685=CARTESIAN_POINT('',(-43.9814095488268,-59.127518320214,-58.2650032043457));
#3686=CARTESIAN_POINT('',(-43.9967375438792,-59.061758519471,-58.2650032043457));
#3687=CARTESIAN_POINT('',(-44.0095108727087,-59.0069586854007,-58.2650032043457));
#3688=CARTESIAN_POINT('',(-44.0197295365785,-58.9631188184013,-58.2650032043457));
#3689=CARTESIAN_POINT('',(-44.0273935322907,-58.9302389174519,-58.2650032043457));
#3690=CARTESIAN_POINT('',(-44.0350575363602,-58.8973590191735,-58.2650032043457));
#3691=CARTESIAN_POINT('',(-44.0427215091908,-58.864479110911,-58.2650032043457));
#3692=CARTESIAN_POINT('',(-44.0491082503817,-58.8370792184135,-58.2650032043457));
#3693=CARTESIAN_POINT('',(-44.0542174257569,-58.8151592348764,-58.2650032043457));
#3694=CARTESIAN_POINT('',(-44.0580499017215,-58.7987194372082,-58.2650032043457));
#3695=CARTESIAN_POINT('',(-44.0618801087419,-58.7822789143713,-58.2650032043457));
#3696=CARTESIAN_POINT('',(-44.0657187971062,-58.7658411022241,-58.2650032043457));
#3697=CARTESIAN_POINT('',(-44.0695258290392,-58.749393172487,-58.2650032043457));
#3698=CARTESIAN_POINT('',(-44.0734510053532,-58.7329830024198,-58.2650032043457));
#3699=CARTESIAN_POINT('',(-44.0769352605745,-58.7164319112628,-58.2650032043457));
#3700=CARTESIAN_POINT('',(-44.0841313059081,-58.7010670085336,-58.2650032043457));
#3701=CARTESIAN_POINT('',(-44.0903343665467,-58.6853847745656,-58.2650032043457));
#3702=CARTESIAN_POINT('',(-44.0989519789551,-58.6645859779779,-58.2650032043457));
#3703=CARTESIAN_POINT('',(-44.1096049695258,-58.6385494450692,-58.2650032043457));
#3704=CARTESIAN_POINT('',(-44.122439580586,-58.6073219109595,-58.2650032043457));
#3705=CARTESIAN_POINT('',(-44.135260542049,-58.5760900148052,-58.2650032043457));
#3706=CARTESIAN_POINT('',(-44.1523599253506,-58.5344490103299,-58.2650032043457));
#3707=CARTESIAN_POINT('',(-44.1737325183381,-58.4823972318694,-58.2650032043457));
#3708=CARTESIAN_POINT('',(-44.1993803313665,-58.4199353218792,-58.2650032043457));
#3709=CARTESIAN_POINT('',(-44.2250279564449,-58.3574733518256,-58.2650032043457));
#3710=CARTESIAN_POINT('',(-44.2506756318799,-58.2950113978635,-58.2650032043457));
#3711=CARTESIAN_POINT('',(-44.2763232938384,-58.2325494395983,-58.2650032043457));
#3712=CARTESIAN_POINT('',(-44.3019709593462,-58.1700874824543,-58.2650032043457));
#3713=CARTESIAN_POINT('',(-44.3276186241333,-58.1076255251286,-58.2650032043457));
#3714=CARTESIAN_POINT('',(-44.3532662882537,-58.0451635674085,-58.2650032043457));
#3715=CARTESIAN_POINT('',(-44.3746393445104,-57.9931119374413,-58.2650032043457));
#3716=CARTESIAN_POINT('',(-44.3917377830739,-57.9514706301457,-58.2650032043457));
#3717=CARTESIAN_POINT('',(-44.4045616296282,-57.9202396587597,-58.2650032043457));
#3718=CARTESIAN_POINT('',(-44.4173854088768,-57.889008652692,-58.2650032043457));
#3719=CARTESIAN_POINT('',(-44.4302094397167,-57.8577777762655,-58.2650032043457));
#3720=CARTESIAN_POINT('',(-44.4430325314969,-57.8265464159559,-58.2650032043457));
#3721=CARTESIAN_POINT('',(-44.4537213618533,-57.8005217872737,-58.2650032043457));
#3722=CARTESIAN_POINT('',(-44.4622658863733,-57.7796987144875,-58.2650032043457));
#3723=CARTESIAN_POINT('',(-44.468692146735,-57.7640906164737,-58.2650032043457));
#3724=CARTESIAN_POINT('',(-44.4750502090923,-57.7484473770771,-58.2650032043457));
#3725=CARTESIAN_POINT('',(-44.4816631964956,-57.7329354966355,-58.2650032043457));
#3726=CARTESIAN_POINT('',(-44.4873246817193,-57.7169333217567,-58.2650032043457));
#3727=CARTESIAN_POINT('',(-44.4965372506153,-57.702760965672,-58.2650032043457));
#3728=CARTESIAN_POINT('',(-44.5054741783698,-57.6884465935869,-58.2650032043457));
#3729=CARTESIAN_POINT('',(-44.5144849639018,-57.6741702745518,-58.2650032043457));
#3730=CARTESIAN_POINT('',(-44.5234759594654,-57.6598837593169,-58.2650032043457));
#3731=CARTESIAN_POINT('',(-44.5324722571251,-57.6455999758312,-58.2650032043457));
#3732=CARTESIAN_POINT('',(-44.5414671363689,-57.6313154615485,-58.2650032043457));
#3733=CARTESIAN_POINT('',(-44.553460804117,-57.6122696977569,-58.2650032043457));
#3734=CARTESIAN_POINT('',(-44.5684527191687,-57.5884624056188,-58.2650032043457));
#3735=CARTESIAN_POINT('',(-44.5924398780598,-57.5503707870452,-58.2650032043457));
#3736=CARTESIAN_POINT('',(-44.6224237941448,-57.5027562470685,-58.2650032043457));
#3737=CARTESIAN_POINT('',(-44.6584045073726,-57.4456188062716,-58.2650032043457));
#3738=CARTESIAN_POINT('',(-44.7063787868005,-57.3694355493625,-58.2650032043457));
#3739=CARTESIAN_POINT('',(-44.7543530676315,-57.2932522931826,-58.2650032043457));
#3740=CARTESIAN_POINT('',(-44.8023273479102,-57.2170690366998,-58.2650032043457));
#3741=CARTESIAN_POINT('',(-44.8383080583732,-57.1599315945171,-58.2650032043457));
#3742=CARTESIAN_POINT('',(-44.8742887680961,-57.1027941517685,-58.2650032043457));
#3743=CARTESIAN_POINT('',(-44.9042726951208,-57.0551796178814,-58.2650032043457));
#3744=CARTESIAN_POINT('',(-44.9282598316971,-57.0170879868864,-58.2650032043457));
#3745=CARTESIAN_POINT('',(-44.9462501979063,-56.988519274254,-58.2650032043457));
#3746=CARTESIAN_POINT('',(-44.964240511529,-56.9599505211093,-58.2650032043457));
#3747=CARTESIAN_POINT('',(-44.9822310217211,-56.9313819193997,-58.2650032043457));
#3748=CARTESIAN_POINT('',(-45.0002207982224,-56.9028127524617,-58.2650032043457));
#3749=CARTESIAN_POINT('',(-45.0152145604679,-56.8790068712457,-58.2650032043457));
#3750=CARTESIAN_POINT('',(-45.0272044607233,-56.8599582299295,-58.2650032043457));
#3751=CARTESIAN_POINT('',(-45.0362108454409,-56.8456825032329,-58.2650032043457));
#3752=CARTESIAN_POINT('',(-45.0451639468249,-56.8313657275459,-58.2650032043457));
#3753=CARTESIAN_POINT('',(-45.0543162220174,-56.8172023935302,-58.2650032043457));
#3754=CARTESIAN_POINT('',(-45.0627250853095,-56.8024663418193,-58.2650032043457));
#3755=CARTESIAN_POINT('',(-45.0739084223945,-56.7898677192182,-58.2650032043457));
#3756=CARTESIAN_POINT('',(-45.0855151327796,-56.7775952838993,-58.2650032043457));
#3757=CARTESIAN_POINT('',(-45.0970084006979,-56.765235447013,-58.2650032043457));
#3758=CARTESIAN_POINT('',(-45.1085320651836,-56.7528990291137,-58.2650032043457));
#3759=CARTESIAN_POINT('',(-45.1200475858662,-56.7405563368342,-58.2650032043457));
#3760=CARTESIAN_POINT('',(-45.1315652851936,-56.7282153230882,-58.2650032043457));
#3761=CARTESIAN_POINT('',(-45.1469214565958,-56.7117600517557,-58.2650032043457));
#3762=CARTESIAN_POINT('',(-45.1661169319937,-56.691191163789,-58.2650032043457));
#3763=CARTESIAN_POINT('',(-45.1891513905262,-56.6665084119811,-58.2650032043457));
#3764=CARTESIAN_POINT('',(-45.2121858790062,-56.6418256832463,-58.2650032043457));
#3765=CARTESIAN_POINT('',(-45.2428985198527,-56.6089153702074,-58.2650032043457));
#3766=CARTESIAN_POINT('',(-45.2812893244936,-56.5677774816695,-58.2650032043457));
#3767=CARTESIAN_POINT('',(-45.3427146099097,-56.5019568584591,-58.2650032043457));
#3768=CARTESIAN_POINT('',(-45.4041398959165,-56.4361362357126,-58.2650032043457));
#3769=CARTESIAN_POINT('',(-45.4655651816584,-56.3703156127365,-58.2650032043457));
#3770=CARTESIAN_POINT('',(-45.5116341461688,-56.3209501457293,-58.2650032043457));
#3771=CARTESIAN_POINT('',(-45.5577031099955,-56.2715846779375,-58.2650032043457));
#3772=CARTESIAN_POINT('',(-45.5960939152936,-56.230446790539,-58.2650032043457));
#3773=CARTESIAN_POINT('',(-45.6268065548119,-56.1975364751854,-58.2650032043457));
#3774=CARTESIAN_POINT('',(-45.6498410473458,-56.1728537535176,-58.2650032043457));
#3775=CARTESIAN_POINT('',(-45.6728754906589,-56.1481709751776,-58.2650032043457));
#3776=CARTESIAN_POINT('',(-45.6959101179599,-56.1234884086792,-58.2650032043457));
#3777=CARTESIAN_POINT('',(-45.7189440585305,-56.0988050514864,-58.2650032043457));
#3778=CARTESIAN_POINT('',(-45.7381411447838,-56.0782380462722,-58.2650032043457));
#3779=CARTESIAN_POINT('',(-45.7534940312848,-56.0617789355767,-58.2650032043457));
#3780=CARTESIAN_POINT('',(-45.7650217621991,-56.0494496466598,-58.2650032043457));
#3781=CARTESIAN_POINT('',(-45.7764996202099,-56.0370629345857,-58.2650032043457));
#3782=CARTESIAN_POINT('',(-45.788163903796,-56.0248908710358,-58.2650032043457));
#3783=CARTESIAN_POINT('',(-45.7991323579847,-56.0119176365465,-58.2650032043457));
#3784=CARTESIAN_POINT('',(-45.8126977041876,-56.0019344372905,-58.2650032043457));
#3785=CARTESIAN_POINT('',(-45.8266021252775,-55.9923416827069,-58.2650032043457));
#3786=CARTESIAN_POINT('',(-45.8404156915789,-55.9826443088505,-58.2650032043457));
#3787=CARTESIAN_POINT('',(-45.8542536021473,-55.9729749674132,-58.2650032043457));
#3788=CARTESIAN_POINT('',(-45.868084990436,-55.963298115572,-58.2650032043457));
#3789=CARTESIAN_POINT('',(-45.8819181235766,-55.9536232729274,-58.2650032043457));
#3790=CARTESIAN_POINT('',(-45.9003616915937,-55.9407227808912,-58.2650032043457));
#3791=CARTESIAN_POINT('',(-45.9234163607632,-55.92459740668,-58.2650032043457));
#3792=CARTESIAN_POINT('',(-45.9510818741111,-55.9052468543884,-58.2650032043457));
#3793=CARTESIAN_POINT('',(-45.9787474114437,-55.8858963297149,-58.2650032043457));
#3794=CARTESIAN_POINT('',(-46.0156347861764,-55.860095620504,-58.2650032043457));
#3795=CARTESIAN_POINT('',(-46.0617440074609,-55.8278447372932,-58.2650032043457));
#3796=CARTESIAN_POINT('',(-46.1355187599118,-55.7762433223096,-58.2650032043457));
#3797=CARTESIAN_POINT('',(-46.2092935128093,-55.7246419078349,-58.2650032043457));
#3798=CARTESIAN_POINT('',(-46.2830682655702,-55.6730404932184,-58.2650032043457));
#3799=CARTESIAN_POINT('',(-46.3383993301039,-55.6343394321725,-58.2650032043457));
#3800=CARTESIAN_POINT('',(-46.3937303948538,-55.5956383715314,-58.2650032043457));
#3801=CARTESIAN_POINT('',(-46.4398396147892,-55.5633874863843,-58.2650032043457));
#3802=CARTESIAN_POINT('',(-46.4767269922841,-55.537586781135,-58.2650032043457));
#3803=CARTESIAN_POINT('',(-46.5043925211791,-55.5182362443607,-58.2650032043457));
#3804=CARTESIAN_POINT('',(-46.5320580662057,-55.4988857375014,-58.2650032043457));
#3805=CARTESIAN_POINT('',(-46.5597235509322,-55.4795351188197,-58.2650032043457));
#3806=CARTESIAN_POINT('',(-46.5827783090949,-55.4634099510636,-58.2650032043457));
#3807=CARTESIAN_POINT('',(-46.6012216956375,-55.4505090380211,-58.2650032043457));
#3808=CARTESIAN_POINT('',(-46.6150553829728,-55.4408354810649,-58.2650032043457));
#3809=CARTESIAN_POINT('',(-46.6288846905887,-55.4311538022247,-58.2650032043457));
#3810=CARTESIAN_POINT('',(-46.6427303696538,-55.4215024830947,-58.2650032043457));
#3811=CARTESIAN_POINT('',(-46.6565149426412,-55.4117378470082,-58.2650032043457));
#3812=CARTESIAN_POINT('',(-46.6705275684904,-55.4023961190377,-58.2650032043457));
#3813=CARTESIAN_POINT('',(-46.6836890889703,-55.3914760755595,-58.2650032043457));
#3814=CARTESIAN_POINT('',(-46.7000491062022,-55.3864872725938,-58.2650032043457));
#3815=CARTESIAN_POINT('',(-46.7155520888489,-55.3799091985903,-58.2650032043457));
#3816=CARTESIAN_POINT('',(-46.7312847130844,-55.3737569682254,-58.2650032043457));
#3817=CARTESIAN_POINT('',(-46.7469558055498,-55.3674906343439,-58.2650032043457));
#3818=CARTESIAN_POINT('',(-46.7626433835068,-55.3612548708904,-58.2650032043457));
#3819=CARTESIAN_POINT('',(-46.7783265512678,-55.3550109292412,-58.2650032043457));
#3820=CARTESIAN_POINT('',(-46.7992389820053,-55.3466885301822,-58.2650032043457));
#3821=CARTESIAN_POINT('',(-46.8253789929955,-55.3362845532976,-58.2650032043457));
#3822=CARTESIAN_POINT('',(-46.867203305364,-55.3196387369255,-58.2650032043457));
#3823=CARTESIAN_POINT('',(-46.9194835946698,-55.2988312788803,-58.2650032043457));
#3824=CARTESIAN_POINT('',(-46.9822199852037,-55.273862409645,-58.2650032043457));
#3825=CARTESIAN_POINT('',(-47.0449563641176,-55.2488935188621,-58.2650032043457));
#3826=CARTESIAN_POINT('',(-47.1076927461446,-55.2239246338509,-58.2650032043457));
#3827=CARTESIAN_POINT('',(-47.1704291273394,-55.1989557473006,-58.2650032043457));
#3828=CARTESIAN_POINT('',(-47.2331655087498,-55.1739868611346,-58.2650032043457));
#3829=CARTESIAN_POINT('',(-47.2959018901297,-55.1490179749705,-58.2650032043457));
#3830=CARTESIAN_POINT('',(-47.3586382714161,-55.1240490884142,-58.2650032043457));
#3831=CARTESIAN_POINT('',(-47.4109185894919,-55.1032416842567,-58.2650032043457));
#3832=CARTESIAN_POINT('',(-47.4527428431903,-55.0865957579922,-58.2650032043457));
#3833=CARTESIAN_POINT('',(-47.4841110355484,-55.0741113213259,-58.2650032043457));
#3834=CARTESIAN_POINT('',(-47.5154792199504,-55.0616268540003,-58.2650032043457));
#3835=CARTESIAN_POINT('',(-47.5468474340925,-55.0491425012797,-58.2650032043457));
#3836=CARTESIAN_POINT('',(-47.5729875200406,-55.0387385175452,-58.2650032043457));
#3837=CARTESIAN_POINT('',(-47.593899795938,-55.0304161287768,-58.2650032043457));
#3838=CARTESIAN_POINT('',(-47.6095834369463,-55.0241721564231,-58.2650032043457));
#3839=CARTESIAN_POINT('',(-47.6252692380441,-55.0179365080698,-58.2650032043457));
#3840=CARTESIAN_POINT('',(-47.6409469646985,-55.0116697444923,-58.2650032043457));
#3841=CARTESIAN_POINT('',(-47.6566548290372,-55.0055191178112,-58.2650032043457));
#3842=CARTESIAN_POINT('',(-47.6722502170823,-54.9989350587682,-58.2650032043457));
#3843=CARTESIAN_POINT('',(-47.6882653726174,-54.9939685922767,-58.2650032043457));
#3844=CARTESIAN_POINT('',(-47.7052000935797,-54.9925460100184,-58.2650032043457));
#3845=CARTESIAN_POINT('',(-47.7218884197547,-54.990173854651,-58.2650032043457));
#3846=CARTESIAN_POINT('',(-47.7386427596515,-54.9880561074865,-58.2650032043457));
#3847=CARTESIAN_POINT('',(-47.7553794394486,-54.98587030062,-58.2650032043457));
#3848=CARTESIAN_POINT('',(-47.777701181414,-54.9829796656042,-58.2650032043457));
#3849=CARTESIAN_POINT('',(-47.8056012423503,-54.9793582150429,-58.2650032043457));
#3850=CARTESIAN_POINT('',(-47.8390822214184,-54.9750159657603,-58.2650032043457));
#3851=CARTESIAN_POINT('',(-47.8837232103819,-54.9692250804528,-58.2650032043457));
#3852=CARTESIAN_POINT('',(-47.9395245551793,-54.9619868923218,-58.2650032043457));
#3853=CARTESIAN_POINT('',(-48.0064861223804,-54.9533008871445,-58.2650032043457));
#3854=CARTESIAN_POINT('',(-48.0734477020561,-54.9446149300422,-58.2650032043457));
#3855=CARTESIAN_POINT('',(-48.1404092783892,-54.9359289600602,-58.2650032043457));
#3856=CARTESIAN_POINT('',(-48.207370855618,-54.927242993522,-58.2650032043457));
#3857=CARTESIAN_POINT('',(-48.2743324326068,-54.918557026088,-58.2650032043457));
#3858=CARTESIAN_POINT('',(-48.3412940096598,-54.9098710587939,-58.2650032043457));
#3859=CARTESIAN_POINT('',(-48.4082555866958,-54.9011850918356,-58.2650032043457));
#3860=CARTESIAN_POINT('',(-48.4640569008956,-54.8939467848013,-58.2650032043457));
#3861=CARTESIAN_POINT('',(-48.5086979522565,-54.8881561419716,-58.2650032043457));
#3862=CARTESIAN_POINT('',(-48.542178740772,-54.8838131521976,-58.2650032043457));
#3863=CARTESIAN_POINT('',(-48.5756595293078,-54.8794701916313,-58.2650032043457));
#3864=CARTESIAN_POINT('',(-48.6035601863577,-54.8758509668436,-58.2650032043457));
#3865=CARTESIAN_POINT('',(-48.6258807121392,-54.8729557907677,-58.2650032043457));
#3866=CARTESIAN_POINT('',(-48.6426211060885,-54.8707838520374,-58.2650032043457));
#3867=CARTESIAN_POINT('',(-48.6593615015144,-54.8686140381232,-58.2650032043457));
#3868=CARTESIAN_POINT('',(-48.6761018914207,-54.8664362816182,-58.2650032043457));
#3869=CARTESIAN_POINT('',(-48.6928423019288,-54.8642881706603,-58.2650032043457));
#3870=CARTESIAN_POINT('',(-48.7095826355494,-54.8620294201046,-58.2650032043457));
#3871=CARTESIAN_POINT('',(-48.7263232561182,-54.8601835823933,-58.2650032043457));
#3872=CARTESIAN_POINT('',(-48.7430628057816,-54.8567967329021,-58.2650032043457));
#3873=CARTESIAN_POINT('',(-48.7598063521184,-54.8591610176859,-58.2650032043457));
#3874=CARTESIAN_POINT('',(-48.776549688684,-54.8612514979777,-58.2650032043457));
#3875=CARTESIAN_POINT('',(-48.7932930814572,-54.8634153433589,-58.2650032043457));
#3876=CARTESIAN_POINT('',(-48.8100364591713,-54.8655595328746,-58.2650032043457));
#3877=CARTESIAN_POINT('',(-48.8267798409141,-54.8677089807626,-58.2650032043457));
#3878=CARTESIAN_POINT('',(-48.8491043484972,-54.8705730744484,-58.2650032043457));
#3879=CARTESIAN_POINT('',(-48.877009983459,-54.8741538218617,-58.2650032043457));
#3880=CARTESIAN_POINT('',(-48.9104967452061,-54.8784504485359,-58.2650032043457));
#3881=CARTESIAN_POINT('',(-48.9439835070087,-54.8827471476074,-58.2650032043457));
#3882=CARTESIAN_POINT('',(-48.9774702687964,-54.8870438273113,-58.2650032043457));
#3883=CARTESIAN_POINT('',(-49.0221192845188,-54.8927727403476,-58.2650032043457));
#3884=CARTESIAN_POINT('',(-49.0779305541679,-54.8999338793291,-58.2650032043457));
#3885=CARTESIAN_POINT('',(-49.1449040777571,-54.9085272470661,-58.2650032043457));
#3886=CARTESIAN_POINT('',(-49.2118776013118,-54.9171206146691,-58.2650032043457));
#3887=CARTESIAN_POINT('',(-49.2788511249942,-54.9257139818485,-58.2650032043457));
#3888=CARTESIAN_POINT('',(-49.3458246482001,-54.9343073508562,-58.2650032043457));
#3889=CARTESIAN_POINT('',(-49.4127981731843,-54.9429007129745,-58.2650032043457));
#3890=CARTESIAN_POINT('',(-49.479771691532,-54.9514941008222,-58.2650032043457));
#3891=CARTESIAN_POINT('',(-49.5355829774614,-54.9586551773384,-58.2650032043457));
#3892=CARTESIAN_POINT('',(-49.5802319599879,-54.9643842177433,-58.2650032043457));
#3893=CARTESIAN_POINT('',(-49.6137188231503,-54.9686805084851,-58.2650032043457));
#3894=CARTESIAN_POINT('',(-49.6472052043511,-54.9729786678785,-58.2650032043457));
#3895=CARTESIAN_POINT('',(-49.6806933871305,-54.9772698422277,-58.2650032043457));
#3896=CARTESIAN_POINT('',(-49.7141748455573,-54.9815870881018,-58.2650032043457));
#3897=CARTESIAN_POINT('',(-49.7476813998157,-54.9858070329202,-58.2650032043457));
#3898=CARTESIAN_POINT('',(-49.7755254792196,-54.989626264184,-58.2650032043457));
#3899=CARTESIAN_POINT('',(-49.7979755127745,-54.9920040343266,-58.2650032043457));
#3900=CARTESIAN_POINT('',(-49.8143355573322,-54.9956386401897,-58.2650032043457));
#3901=CARTESIAN_POINT('',(-49.8298506287725,-55.0025491098513,-58.2650032043457));
#3902=CARTESIAN_POINT('',(-49.8455921100765,-55.0085818144563,-58.2650032043457));
#3903=CARTESIAN_POINT('',(-49.8612729250429,-55.0148497154894,-58.2650032043457));
#3904=CARTESIAN_POINT('',(-49.8769699954959,-55.0210545958667,-58.2650032043457));
#3905=CARTESIAN_POINT('',(-49.8926627103402,-55.027276362439,-58.2650032043457));
#3906=CARTESIAN_POINT('',(-49.9083565921327,-55.0334936048871,-58.2650032043457));
#3907=CARTESIAN_POINT('',(-49.9240501617412,-55.039712057637,-58.2650032043457));
#3908=CARTESIAN_POINT('',(-49.9449750302698,-55.0480029051931,-58.2650032043457));
#3909=CARTESIAN_POINT('',(-49.9711310785105,-55.058366609712,-58.2650032043457));
#3910=CARTESIAN_POINT('',(-50.00251835244,-55.070802992946,-58.2650032043457));
#3911=CARTESIAN_POINT('',(-50.0339056220784,-55.0832393928167,-58.2650032043457));
#3912=CARTESIAN_POINT('',(-50.0757553164283,-55.0998212535001,-58.2650032043457));
#3913=CARTESIAN_POINT('',(-50.1280674338536,-55.1205485813442,-58.2650032043457));
#3914=CARTESIAN_POINT('',(-50.1908419749737,-55.1454213739222,-58.2650032043457));
#3915=CARTESIAN_POINT('',(-50.2536165160741,-55.1702941666562,-58.2650032043457));
#3916=CARTESIAN_POINT('',(-50.3163910570436,-55.1951669596013,-58.2650032043457));
#3917=CARTESIAN_POINT('',(-50.379165598556,-55.2200397515455,-58.2650032043457));
#3918=CARTESIAN_POINT('',(-50.4419401380281,-55.2449125472824,-58.2650032043457));
#3919=CARTESIAN_POINT('',(-50.5047146851185,-55.2697853288493,-58.2650032043457));
#3920=CARTESIAN_POINT('',(-50.567489203776,-55.2946581633035,-58.2650032043457));
#3921=CARTESIAN_POINT('',(-50.6198013910848,-55.3153853608661,-58.2650032043457));
#3922=CARTESIAN_POINT('',(-50.6616509429223,-55.3319674872308,-58.2650032043457));
#3923=CARTESIAN_POINT('',(-50.6930386477724,-55.3444030757499,-58.2650032043457));
#3924=CARTESIAN_POINT('',(-50.7191933477451,-55.3547692668994,-58.2650032043457));
#3925=CARTESIAN_POINT('',(-50.740120967003,-55.3630550412257,-58.2650032043457));
#3926=CARTESIAN_POINT('',(-50.7558061360485,-55.3692889873201,-58.2650032043457));
#3927=CARTESIAN_POINT('',(-50.7715315570457,-55.3754480613126,-58.2650032043457));
#3928=CARTESIAN_POINT('',(-50.7871065156343,-55.3818870083628,-58.2650032043457));
#3929=CARTESIAN_POINT('',(-50.8032430719053,-55.3872813352841,-58.2650032043457));
#3930=CARTESIAN_POINT('',(-50.8172836998558,-55.3965742696637,-58.2650032043457));
#3931=CARTESIAN_POINT('',(-50.8310733743221,-55.4063339393786,-58.2650032043457));
#3932=CARTESIAN_POINT('',(-50.8449302915321,-55.4159685478112,-58.2650032043457));
#3933=CARTESIAN_POINT('',(-50.8587691912514,-55.4256366660379,-58.2650032043457));
#3934=CARTESIAN_POINT('',(-50.87261291819,-55.4352958063705,-58.2650032043457));
#3935=CARTESIAN_POINT('',(-50.8864553537422,-55.4449573484854,-58.2650032043457));
#3936=CARTESIAN_POINT('',(-50.9049123855799,-55.4578385656585,-58.2650032043457));
#3937=CARTESIAN_POINT('',(-50.9279835205822,-55.4739403750197,-58.2650032043457));
#3938=CARTESIAN_POINT('',(-50.9556689489479,-55.4932624228283,-58.2650032043457));
#3939=CARTESIAN_POINT('',(-50.9833543595338,-55.5125845037047,-58.2650032043457));
#3940=CARTESIAN_POINT('',(-51.0110397748762,-55.5319065757346,-58.2650032043457));
#3941=CARTESIAN_POINT('',(-51.0479536603374,-55.557669341532,-58.2650032043457));
#3942=CARTESIAN_POINT('',(-51.0940960177377,-55.589872797714,-58.2650032043457));
#3943=CARTESIAN_POINT('',(-51.1494668463569,-55.6285169456064,-58.2650032043457));
#3944=CARTESIAN_POINT('',(-51.2048376751027,-55.6671610933065,-58.2650032043457));
#3945=CARTESIAN_POINT('',(-51.2602085036034,-55.7058052413016,-58.2650032043457));
#3946=CARTESIAN_POINT('',(-51.3155793329576,-55.744449388309,-58.2650032043457));
#3947=CARTESIAN_POINT('',(-51.3709501591429,-55.7830935389725,-58.2650032043457));
#3948=CARTESIAN_POINT('',(-51.4263209971504,-55.8217376759994,-58.2650032043457));
#3949=CARTESIAN_POINT('',(-51.4816917910381,-55.8603818639162,-58.2650032043457));
#3950=CARTESIAN_POINT('',(-51.5370627495828,-55.8990258619103,-58.2650032043457));
#3951=CARTESIAN_POINT('',(-51.5785905076102,-55.9280093920065,-58.2650032043457));
#3952=CARTESIAN_POINT('',(-51.6062763963083,-55.9473309187538,-58.2650032043457));
#3953=CARTESIAN_POINT('',(-51.6201180609248,-55.9569931582276,-58.2650032043457));
#3954=CARTESIAN_POINT('',(-51.6339647011355,-55.9666496586304,-58.2650032043457));
#3955=CARTESIAN_POINT('',(-51.6477927187019,-55.9763276392177,-58.2650032043457));
#3956=CARTESIAN_POINT('',(-51.6616902512515,-55.9859254381376,-58.2650032043457));
#3957=CARTESIAN_POINT('',(-51.6753283465122,-55.9958224835427,-58.2650032043457));
#3958=CARTESIAN_POINT('',(-51.6899346759457,-56.0046027246745,-58.2650032043457));
#3959=CARTESIAN_POINT('',(-51.7009275059767,-56.0175509364142,-58.2650032043457));
#3960=CARTESIAN_POINT('',(-51.7125964952757,-56.0297192094547,-58.2650032043457));
#3961=CARTESIAN_POINT('',(-51.7240843083517,-56.0420964663163,-58.2650032043457));
#3962=CARTESIAN_POINT('',(-51.7356206670514,-56.0544177265923,-58.2650032043457));
#3963=CARTESIAN_POINT('',(-51.7471440194799,-56.0667539893901,-58.2650032043457));
#3964=CARTESIAN_POINT('',(-51.7586708513693,-56.0790862386863,-58.2650032043457));
#3965=CARTESIAN_POINT('',(-51.7740387451251,-56.0955306397268,-58.2650032043457));
#3966=CARTESIAN_POINT('',(-51.7932490293929,-56.1160856599403,-58.2650032043457));
#3967=CARTESIAN_POINT('',(-51.8163011917088,-56.140751890446,-58.2650032043457));
#3968=CARTESIAN_POINT('',(-51.83935340193,-56.1654180656935,-58.2650032043457));
#3969=CARTESIAN_POINT('',(-51.8624055993352,-56.190084255724,-58.2650032043457));
#3970=CARTESIAN_POINT('',(-51.8931418670209,-56.2229725039326,-58.2650032043457));
#3971=CARTESIAN_POINT('',(-51.9315622000767,-56.264082815977,-58.2650032043457));
#3972=CARTESIAN_POINT('',(-51.9776666004715,-56.3134151896172,-58.2650032043457));
#3973=CARTESIAN_POINT('',(-52.0237710004373,-56.3627475636557,-58.2650032043457));
#3974=CARTESIAN_POINT('',(-52.0698754013914,-56.4120799369139,-58.2650032043457));
#3975=CARTESIAN_POINT('',(-52.1159797988212,-56.4614123128952,-58.2650032043457));
#3976=CARTESIAN_POINT('',(-52.1620842093599,-56.510744678764,-58.2650032043457));
#3977=CARTESIAN_POINT('',(-52.208188570987,-56.5600770823601,-58.2650032043457));
#3978=CARTESIAN_POINT('',(-52.2542931151519,-56.6094093451596,-58.2650032043457));
#3979=CARTESIAN_POINT('',(-52.2927130009232,-56.6505200020413,-58.2650032043457));
#3980=CARTESIAN_POINT('',(-52.3234501807499,-56.6834075470281,-58.2650032043457));
#3981=CARTESIAN_POINT('',(-52.3464995926105,-56.7080758845946,-58.2650032043457));
#3982=CARTESIAN_POINT('',(-52.3695622609039,-56.7327339971147,-58.2650032043457));
#3983=CARTESIAN_POINT('',(-52.3887398572137,-56.7533142753476,-58.2650032043457));
#3984=CARTESIAN_POINT('',(-52.4041744114886,-56.7697071677381,-58.2650032043457));
#3985=CARTESIAN_POINT('',(-52.4154976718742,-56.7821967169389,-58.2650032043457));
#3986=CARTESIAN_POINT('',(-52.4277853149285,-56.7939424116064,-58.2650032043457));
#3987=CARTESIAN_POINT('',(-52.4364680826288,-56.8084686444984,-58.2650032043457));
#3988=CARTESIAN_POINT('',(-52.4455549466922,-56.8226831701437,-58.2650032043457));
#3989=CARTESIAN_POINT('',(-52.4545335335253,-56.8369812174447,-58.2650032043457));
#3990=CARTESIAN_POINT('',(-52.4635411329163,-56.8512568853695,-58.2650032043457));
#3991=CARTESIAN_POINT('',(-52.4725409593061,-56.8655385491434,-58.2650032043457));
#3992=CARTESIAN_POINT('',(-52.481542865143,-56.879818608897,-58.2650032043457));
#3993=CARTESIAN_POINT('',(-52.4935446798756,-56.8988592488779,-58.2650032043457));
#3994=CARTESIAN_POINT('',(-52.5085471975486,-56.9226598565846,-58.2650032043457));
#3995=CARTESIAN_POINT('',(-52.5265501118959,-56.9512206682616,-58.2650032043457));
#3996=CARTESIAN_POINT('',(-52.5445530548731,-56.9797814578542,-58.2650032043457));
#3997=CARTESIAN_POINT('',(-52.5625559901912,-57.0083422533549,-58.2650032043457));
#3998=CARTESIAN_POINT('',(-52.5865599066237,-57.0464233119588,-58.2650032043457));
#3999=CARTESIAN_POINT('',(-52.6165648012492,-57.0940246359206,-58.2650032043457));
#4000=CARTESIAN_POINT('',(-52.6525706751799,-57.1511462243778,-58.2650032043457));
#4001=CARTESIAN_POINT('',(-52.6885765490543,-57.2082678128912,-58.2650032043457));
#4002=CARTESIAN_POINT('',(-52.7245824227739,-57.2653894014772,-58.2650032043457));
#4003=CARTESIAN_POINT('',(-52.7605882971689,-57.3225109897167,-58.2650032043457));
#4004=CARTESIAN_POINT('',(-52.7965941690173,-57.3796325792692,-58.2650032043457));
#4005=CARTESIAN_POINT('',(-52.8326000503764,-57.436754163916,-58.2650032043457));
#4006=CARTESIAN_POINT('',(-52.8686058962397,-57.493875766873,-58.2650032043457));
#4007=CARTESIAN_POINT('',(-52.8986108781861,-57.5414770457247,-58.2650032043457));
#4008=CARTESIAN_POINT('',(-52.9226146165462,-57.5795581963209,-58.2650032043457));
#4009=CARTESIAN_POINT('',(-52.9406180956713,-57.6081187108908,-58.2650032043457));
#4010=CARTESIAN_POINT('',(-52.9556188467577,-57.6319202478256,-58.2650032043457));
#4011=CARTESIAN_POINT('',(-52.9676242655921,-57.6509589920582,-58.2650032043457));
#4012=CARTESIAN_POINT('',(-52.9766151647328,-57.6652448413025,-58.2650032043457));
#4013=CARTESIAN_POINT('',(-52.9856563148309,-57.6795047689249,-58.2650032043457));
#4014=CARTESIAN_POINT('',(-52.9945096260847,-57.6938615919652,-58.2650032043457));
#4015=CARTESIAN_POINT('',(-53.0040640417584,-57.707856754956,-58.2650032043457));
#4016=CARTESIAN_POINT('',(-53.0110018785969,-57.7232016627265,-58.2650032043457));
#4017=CARTESIAN_POINT('',(-53.0172813559593,-57.7388861695778,-58.2650032043457));
#4018=CARTESIAN_POINT('',(-53.0237372401076,-57.7544796811835,-58.2650032043457));
#4019=CARTESIAN_POINT('',(-53.0301458565886,-57.7700975746911,-58.2650032043457));
#4020=CARTESIAN_POINT('',(-53.0365671369526,-57.7857089358361,-58.2650032043457));
#4021=CARTESIAN_POINT('',(-53.042985029452,-57.8013220445303,-58.2650032043457));
#4022=CARTESIAN_POINT('',(-53.0515434028852,-57.8221389123431,-58.2650032043457));
#4023=CARTESIAN_POINT('',(-53.0622409635831,-57.8481602065827,-58.2650032043457));
#4024=CARTESIAN_POINT('',(-53.0750782105191,-57.8793856698657,-58.2650032043457));
#4025=CARTESIAN_POINT('',(-53.0879154108107,-57.9106111572091,-58.2650032043457));
#4026=CARTESIAN_POINT('',(-53.1007526235812,-57.9418366381157,-58.2650032043457));
#4027=CARTESIAN_POINT('',(-53.1178689029137,-57.9834706149069,-58.2650032043457));
#4028=CARTESIAN_POINT('',(-53.1392642535932,-58.0355130851188,-58.2650032043457));
#4029=CARTESIAN_POINT('',(-53.1649386736842,-58.0979640497302,-58.2650032043457));
#4030=CARTESIAN_POINT('',(-53.1906130942507,-58.160415014156,-58.2650032043457));
#4031=CARTESIAN_POINT('',(-53.2162875136396,-58.2228659789676,-58.2650032043457));
#4032=CARTESIAN_POINT('',(-53.2419619372634,-58.2853169424213,-58.2650032043457));
#4033=CARTESIAN_POINT('',(-53.267636345125,-58.3477679109208,-58.2650032043457));
#4034=CARTESIAN_POINT('',(-53.2933108118007,-58.4102188605953,-58.2650032043457));
#4035=CARTESIAN_POINT('',(-53.3189850589823,-58.4726698805235,-58.2650032043457));
#4036=CARTESIAN_POINT('',(-53.3403809476021,-58.5247121786391,-58.2650032043457));
#4037=CARTESIAN_POINT('',(-53.3574961299208,-58.5663465063838,-58.2650032043457));
#4038=CARTESIAN_POINT('',(-53.3703366928101,-58.5975709155303,-58.2650032043457));
#4039=CARTESIAN_POINT('',(-53.3831613153867,-58.6288004266987,-58.2650032043457));
#4040=CARTESIAN_POINT('',(-53.3960455230639,-58.6600108664417,-58.2650032043457));
#4041=CARTESIAN_POINT('',(-53.4065970293868,-58.6860788859606,-58.2650032043457));
#4042=CARTESIAN_POINT('',(-53.4154532420743,-58.706800469929,-58.2650032043457));
#4043=CARTESIAN_POINT('',(-53.4209615787474,-58.7227045610057,-58.2650032043457));
#4044=CARTESIAN_POINT('',(-53.4243543682797,-58.7392857691393,-58.2650032043457));
#4045=CARTESIAN_POINT('',(-53.4283140166254,-58.7556855444115,-58.2650032043457));
#4046=CARTESIAN_POINT('',(-53.4321217768586,-58.7721339340728,-58.2650032043457));
#4047=CARTESIAN_POINT('',(-53.4359702307284,-58.7885692990393,-58.2650032043457));
#4048=CARTESIAN_POINT('',(-53.4398077981639,-58.8050081483955,-58.2650032043457));
#4049=CARTESIAN_POINT('',(-53.444928357546,-58.826925397052,-58.2650032043457));
#4050=CARTESIAN_POINT('',(-53.4513277518479,-58.8543223755365,-58.2650032043457));
#4051=CARTESIAN_POINT('',(-53.4590075844516,-58.8871985706591,-58.2650032043457));
#4052=CARTESIAN_POINT('',(-53.4666872671706,-58.9200748137547,-58.2650032043457));
#4053=CARTESIAN_POINT('',(-53.4743669899871,-58.9529510440166,-58.2650032043457));
#4054=CARTESIAN_POINT('',(-53.4846066064023,-58.9967860221822,-58.2650032043457));
#4055=CARTESIAN_POINT('',(-53.497406131728,-59.0515797433507,-58.2650032043457));
#4056=CARTESIAN_POINT('',(-53.5127655600572,-59.1173322094126,-58.2650032043457));
#4057=CARTESIAN_POINT('',(-53.5281249889422,-59.1830846752973,-58.2650032043457));
#4058=CARTESIAN_POINT('',(-53.5434844176654,-59.2488371412314,-58.2650032043457));
#4059=CARTESIAN_POINT('',(-53.55884384648,-59.3145896071449,-58.2650032043457));
#4060=CARTESIAN_POINT('',(-53.574203275091,-59.3803420730914,-58.2650032043457));
#4061=CARTESIAN_POINT('',(-53.5895627044251,-59.4460945389263,-58.2650032043457));
#4062=CARTESIAN_POINT('',(-53.6023622266293,-59.5008882608002,-58.2650032043457));
#4063=CARTESIAN_POINT('',(-53.6126018494092,-59.5447232375276,-58.2650032043457));
#4064=CARTESIAN_POINT('',(-53.6202815527893,-59.5775994721811,-58.2650032043457));
#4065=CARTESIAN_POINT('',(-53.6279613084803,-59.6104756987891,-58.2650032043457));
#4066=CARTESIAN_POINT('',(-53.6356408686325,-59.643351955471,-58.2650032043457));
#4067=CARTESIAN_POINT('',(-53.6420411102962,-59.6707487424974,-58.2650032043457));
#4068=CARTESIAN_POINT('',(-53.647159941708,-59.692666381582,-58.2650032043457));
#4069=CARTESIAN_POINT('',(-53.6510027861023,-59.70910403863,-58.2650032043457));
#4070=CARTESIAN_POINT('',(-53.6548314281146,-59.7255438800082,-58.2650032043457));
#4071=CARTESIAN_POINT('',(-53.6587131588193,-59.7419755563313,-58.2650032043457));
#4072=CARTESIAN_POINT('',(-53.6623967371363,-59.7584377085442,-58.2650032043457));
#4073=CARTESIAN_POINT('',(-53.6668198363116,-59.7747861222531,-58.2650032043457));
#4074=CARTESIAN_POINT('',(-53.6672540142788,-59.7917480331016,-58.2650032043457));
#4075=CARTESIAN_POINT('',(-53.6687570198315,-59.8085455579841,-58.2650032043457));
#4076=CARTESIAN_POINT('',(-53.6699736362503,-59.8253871295913,-58.2650032043457));
#4077=CARTESIAN_POINT('',(-53.671266981619,-59.8422169002657,-58.2650032043457));
#4078=CARTESIAN_POINT('',(-53.6725398003219,-59.8590498279467,-58.2650032043457));
#4079=CARTESIAN_POINT('',(-53.6742440622107,-59.8814926287296,-58.2650032043457));
#4080=CARTESIAN_POINT('',(-53.6763719290988,-59.9095465081297,-58.2650032043457));
#4081=CARTESIAN_POINT('',(-53.6789264242067,-59.9432110011748,-58.2650032043457));
#4082=CARTESIAN_POINT('',(-53.6814806367028,-59.9768755376856,-58.2650032043457));
#4083=CARTESIAN_POINT('',(-53.6840349248038,-60.0105400625685,-58.2650032043457));
#4084=CARTESIAN_POINT('',(-53.6874406158617,-60.0554260998073,-58.2650032043457));
#4085=CARTESIAN_POINT('',(-53.691697738747,-60.1115336449622,-58.2650032043457));
#4086=CARTESIAN_POINT('',(-53.6968062823229,-60.1788626997455,-58.2650032043457));
#4087=CARTESIAN_POINT('',(-53.7019148269436,-60.2461917543688,-58.2650032043457));
#4088=CARTESIAN_POINT('',(-53.7070233712718,-60.3135208090349,-58.2650032043457));
#4089=CARTESIAN_POINT('',(-53.7121319157251,-60.3808498636896,-58.2650032043457));
#4090=CARTESIAN_POINT('',(-53.7172404599704,-60.4481789183472,-58.2650032043457));
#4091=CARTESIAN_POINT('',(-53.7223490049226,-60.5155079730042,-58.2650032043457));
#4092=CARTESIAN_POINT('',(-53.726606123533,-60.5716155185518,-58.2650032043457));
#4093=CARTESIAN_POINT('',(-53.7300118233075,-60.6165015549898,-58.2650032043457));
#4094=CARTESIAN_POINT('',(-53.7325660847898,-60.6501660823184,-58.2650032043457));
#4095=CARTESIAN_POINT('',(-53.7351203972229,-60.6838306096467,-58.2650032043457));
#4096=CARTESIAN_POINT('',(-53.7376745192016,-60.7174951369762,-58.2650032043457));
#4097=CARTESIAN_POINT('',(-53.7398035465728,-60.7455489097468,-58.2650032043457));
#4098=CARTESIAN_POINT('',(-53.7415054419635,-60.7679919279725,-58.2650032043457));
#4099=CARTESIAN_POINT('',(-53.7427854875919,-60.7848241916161,-58.2650032043457));
#4100=CARTESIAN_POINT('',(-53.7440517001319,-60.8016564553584,-58.2650032043457));
#4101=CARTESIAN_POINT('',(-53.7453696209401,-60.8184887187309,-58.2650032043457));
#4102=CARTESIAN_POINT('',(-53.7464945417641,-60.835320983484,-58.2650032043457));
#4103=CARTESIAN_POINT('',(-53.7483397542565,-60.8521532430849,-58.2650032043457));
#4104=CARTESIAN_POINT('',(-53.7474968000597,-60.8689855219137,-58.2650032043457));
#4105=CARTESIAN_POINT('',(-53.7461034219863,-60.8858177850823,-58.2650032043457));
#4106=CARTESIAN_POINT('',(-53.7448572942932,-60.9026500524402,-58.2650032043457));
#4107=CARTESIAN_POINT('',(-53.7431443538428,-60.9250930741207,-58.2650032043457));
#4108=CARTESIAN_POINT('',(-53.7410208287762,-60.9531468517236,-58.2650032043457));
#4109=CARTESIAN_POINT('',(-53.7384650316028,-60.9868113846318,-58.2650032043457));
#4110=CARTESIAN_POINT('',(-53.7359112620093,-61.0204759175975,-58.2650032043457));
#4111=CARTESIAN_POINT('',(-53.7333569491896,-61.0541404505479,-58.2650032043457));
#4112=CARTESIAN_POINT('',(-53.7308027816947,-61.0878049835024,-58.2650032043457));
#4113=CARTESIAN_POINT('',(-53.7273971742707,-61.1326910274403,-58.2650032043457));
#4114=CARTESIAN_POINT('',(-53.7231401824103,-61.188798582363,-58.2650032043457));
#4115=CARTESIAN_POINT('',(-53.7180317847096,-61.2561276482702,-58.2650032043457));
#4116=CARTESIAN_POINT('',(-53.7129233890106,-61.3234567141775,-58.2650032043457));
#4117=CARTESIAN_POINT('',(-53.707814992773,-61.3907857800844,-58.2650032043457));
#4118=CARTESIAN_POINT('',(-53.7027065966881,-61.4581148459928,-58.2650032043457));
#4119=CARTESIAN_POINT('',(-53.6975982005308,-61.5254439118958,-58.2650032043457));
#4120=CARTESIAN_POINT('',(-53.6924898045107,-61.5927729778184,-58.2650032043457));
#4121=CARTESIAN_POINT('',(-53.6882328074302,-61.6488805326933,-58.2650032043457));
#4122=CARTESIAN_POINT('',(-53.6848272106502,-61.693766576729,-58.2650032043457));
#4123=CARTESIAN_POINT('',(-53.6822730106502,-61.7274311093845,-58.2650032043457));
#4124=CARTESIAN_POINT('',(-53.679718819868,-61.7610956434574,-58.2650032043457));
#4125=CARTESIAN_POINT('',(-53.6771645946296,-61.7947601722317,-58.2650032043457));
#4126=CARTESIAN_POINT('',(-53.6750361807701,-61.8228139626913,-58.2650032043457));
#4127=CARTESIAN_POINT('',(-53.6733332096967,-61.8452569581538,-58.2650032043457));
#4128=CARTESIAN_POINT('',(-53.6720566370458,-61.8620893055778,-58.2650032043457));
#4129=CARTESIAN_POINT('',(-53.6707775617709,-61.8789212681459,-58.2650032043457));
#4130=CARTESIAN_POINT('',(-53.6695078413376,-61.89575466931,-58.2650032043457));
#4131=CARTESIAN_POINT('',(-53.6682032041623,-61.9125827009465,-58.2650032043457));
#4132=CARTESIAN_POINT('',(-53.6670288791131,-61.9294307720973,-58.2650032043457));
#4133=CARTESIAN_POINT('',(-53.6653682223017,-61.9462040547181,-58.2650032043457));
#4134=CARTESIAN_POINT('',(-53.6609443417978,-61.9625523382937,-58.2650032043457));
#4135=CARTESIAN_POINT('',(-53.6572608587616,-61.9790144990837,-58.2650032043457));
#4136=CARTESIAN_POINT('',(-53.6533790095468,-61.9954461500611,-58.2650032043457));
#4137=CARTESIAN_POINT('',(-53.6495502275791,-62.0118859630741,-58.2650032043457));
#4138=CARTESIAN_POINT('',(-53.6444266478755,-62.0338028626527,-58.2650032043457));
#4139=CARTESIAN_POINT('',(-53.6380285332281,-62.0611999653264,-58.2650032043457));
#4140=CARTESIAN_POINT('',(-53.6303480733572,-62.094076069831,-58.2650032043457));
#4141=CARTESIAN_POINT('',(-53.6201084111359,-62.1379110220969,-58.2650032043457));
#4142=CARTESIAN_POINT('',(-53.6073085070453,-62.1927046622403,-58.2650032043457));
#4143=CARTESIAN_POINT('',(-53.5919487620335,-62.2584570519295,-58.2650032043457));
#4144=CARTESIAN_POINT('',(-53.5765889795367,-62.3242094358532,-58.2650032043457));
#4145=CARTESIAN_POINT('',(-53.5612292070826,-62.3899618213214,-58.2650032043457));
#4146=CARTESIAN_POINT('',(-53.5458694319428,-62.4557142063774,-58.2650032043457));
#4147=CARTESIAN_POINT('',(-53.530509657503,-62.5214665915375,-58.2650032043457));
#4148=CARTESIAN_POINT('',(-53.5151498829488,-62.5872189766932,-58.2650032043457));
#4149=CARTESIAN_POINT('',(-53.4997901081525,-62.6529713617628,-58.2650032043457));
#4150=CARTESIAN_POINT('',(-53.4869902967245,-62.7077650162782,-58.2650032043457));
#4151=CARTESIAN_POINT('',(-53.4767504455377,-62.7515999392357,-58.2650032043457));
#4152=CARTESIAN_POINT('',(-53.4690705627392,-62.7844761332437,-58.2650032043457));
#4153=CARTESIAN_POINT('',(-53.4613906585968,-62.8173523204198,-58.2650032043457));
#4154=CARTESIAN_POINT('',(-53.4537108342384,-62.8502285331335,-58.2650032043457));
#4155=CARTESIAN_POINT('',(-53.4473107324464,-62.8776252976295,-58.2650032043457));
#4156=CARTESIAN_POINT('',(-53.4421912067047,-62.8995428870946,-58.2650032043457));
#4157=CARTESIAN_POINT('',(-53.4383500442186,-62.9159805932475,-58.2650032043457));
#4158=CARTESIAN_POINT('',(-53.4345146766062,-62.9324201542506,-58.2650032043457));
#4159=CARTESIAN_POINT('',(-53.4306576476786,-62.9488527817982,-58.2650032043457));
#4160=CARTESIAN_POINT('',(-53.4268814691382,-62.9653112883181,-58.2650032043457));
#4161=CARTESIAN_POINT('',(-53.4228035503643,-62.981673212404,-58.2650032043457));
#4162=CARTESIAN_POINT('',(-53.419851742137,-62.9983955872535,-58.2650032043457));
#4163=CARTESIAN_POINT('',(-53.4126972319566,-63.0137727414826,-58.2650032043457));
#4164=CARTESIAN_POINT('',(-53.4064751961962,-63.0294483547334,-58.2650032043457));
#4165=CARTESIAN_POINT('',(-53.4000033048162,-63.0450439961778,-58.2650032043457));
#4166=CARTESIAN_POINT('',(-53.3935983614948,-63.060661065826,-58.2650032043457));
#4167=CARTESIAN_POINT('',(-53.3871754815587,-63.0762723944649,-58.2650032043457));
#4168=CARTESIAN_POINT('',(-53.3807574000227,-63.0918852589376,-58.2650032043457));
#4169=CARTESIAN_POINT('',(-53.3721982819937,-63.1127018751332,-58.2650032043457));
#4170=CARTESIAN_POINT('',(-53.3614999583154,-63.1387228290536,-58.2650032043457));
#4171=CARTESIAN_POINT('',(-53.3443823197004,-63.1803562526697,-58.2650032043457));
#4172=CARTESIAN_POINT('',(-53.3229853814736,-63.232398067411,-58.2650032043457));
#4173=CARTESIAN_POINT('',(-53.297309008494,-63.2948482300228,-58.2650032043457));
#4174=CARTESIAN_POINT('',(-53.263073861005,-63.3781151187818,-58.2650032043457));
#4175=CARTESIAN_POINT('',(-53.2288387088286,-63.4613820060358,-58.2650032043457));
#4176=CARTESIAN_POINT('',(-53.1946035583513,-63.5446488938477,-58.2650032043457));
#4177=CARTESIAN_POINT('',(-53.1689271950834,-63.6070990595379,-58.2650032043457));
#4178=CARTESIAN_POINT('',(-53.1432508326057,-63.6695492256241,-58.2650032043457));
#4179=CARTESIAN_POINT('',(-53.1218538615818,-63.7215910295164,-58.2650032043457));
#4180=CARTESIAN_POINT('',(-53.1047362898696,-63.7632244752633,-58.2650032043457));
#4181=CARTESIAN_POINT('',(-53.0918980971402,-63.7944495523819,-58.2650032043457));
#4182=CARTESIAN_POINT('',(-53.0790599576383,-63.8256746569502,-58.2650032043457));
#4183=CARTESIAN_POINT('',(-53.0662216191718,-63.8568996589113,-58.2650032043457));
#4184=CARTESIAN_POINT('',(-53.053384023336,-63.8881250438515,-58.2650032043457));
#4185=CARTESIAN_POINT('',(-53.0426837171745,-63.9141450068773,-58.2650032043457));
#4186=CARTESIAN_POINT('',(-53.0341286440458,-63.9349636444268,-58.2650032043457));
#4187=CARTESIAN_POINT('',(-53.0276982095771,-63.950570335857,-58.2650032043457));
#4188=CARTESIAN_POINT('',(-53.0213217076966,-63.9662048406508,-58.2650032043457));
#4189=CARTESIAN_POINT('',(-53.0147436050854,-63.9817353787217,-58.2650032043457));
#4190=CARTESIAN_POINT('',(-53.0089179728088,-63.9976539703207,-58.2650032043457));
#4191=CARTESIAN_POINT('',(-53.0002840599245,-64.0121243145302,-58.2650032043457));
#4192=CARTESIAN_POINT('',(-52.991188289254,-64.0263564521563,-58.2650032043457));
#4193=CARTESIAN_POINT('',(-52.9822162729313,-64.0406524170064,-58.2650032043457));
#4194=CARTESIAN_POINT('',(-52.9732110970037,-64.0549312795441,-58.2650032043457));
#4195=CARTESIAN_POINT('',(-52.9642148051479,-64.0692147241077,-58.2650032043457));
#4196=CARTESIAN_POINT('',(-52.9552161366095,-64.0834969428796,-58.2650032043457));
#4197=CARTESIAN_POINT('',(-52.9432187421035,-64.1025403294302,-58.2650032043457));
#4198=CARTESIAN_POINT('',(-52.928221714088,-64.1263444156878,-58.2650032043457));
#4199=CARTESIAN_POINT('',(-52.9102254025901,-64.1549093821815,-58.2650032043457));
#4200=CARTESIAN_POINT('',(-52.8922290584224,-64.1834743318257,-58.2650032043457));
#4201=CARTESIAN_POINT('',(-52.8682339442765,-64.2215609372365,-58.2650032043457));
#4202=CARTESIAN_POINT('',(-52.8382400476859,-64.2691691919842,-58.2650032043457));
#4203=CARTESIAN_POINT('',(-52.790249815332,-64.3453424007115,-58.2650032043457));
#4204=CARTESIAN_POINT('',(-52.7422595823377,-64.4215156091031,-58.2650032043457));
#4205=CARTESIAN_POINT('',(-52.6942693496213,-64.4976888176538,-58.2650032043457));
#4206=CARTESIAN_POINT('',(-52.6582766748906,-64.554818723925,-58.2650032043457));
#4207=CARTESIAN_POINT('',(-52.6222840007946,-64.6119486306837,-58.2650032043457));
#4208=CARTESIAN_POINT('',(-52.5922901037602,-64.6595568848099,-58.2650032043457));
#4209=CARTESIAN_POINT('',(-52.5682949905059,-64.6976434914813,-58.2650032043457));
#4210=CARTESIAN_POINT('',(-52.5502986436181,-64.726208437277,-58.2650032043457));
#4211=CARTESIAN_POINT('',(-52.532302342332,-64.754773418219,-58.2650032043457));
#4212=CARTESIAN_POINT('',(-52.5143058705863,-64.7833382677838,-58.2650032043457));
#4213=CARTESIAN_POINT('',(-52.4963100350773,-64.811903607711,-58.2650032043457));
#4214=CARTESIAN_POINT('',(-52.4813115267469,-64.8357065325899,-58.2650032043457));
#4215=CARTESIAN_POINT('',(-52.4693171509392,-64.8547522874571,-58.2650032043457));
#4216=CARTESIAN_POINT('',(-52.4603092637574,-64.869027273751,-58.2650032043457));
#4217=CARTESIAN_POINT('',(-52.4513475824515,-64.8833378719893,-58.2650032043457));
#4218=CARTESIAN_POINT('',(-52.442213182968,-64.8975153523065,-58.2650032043457));
#4219=CARTESIAN_POINT('',(-52.433723450319,-64.9121896923636,-58.2650032043457));
#4220=CARTESIAN_POINT('',(-52.4228277685096,-64.9250097113822,-58.2650032043457));
#4221=CARTESIAN_POINT('',(-52.4111406604952,-64.9372197241617,-58.2650032043457));
#4222=CARTESIAN_POINT('',(-52.3996656143682,-64.9495931875237,-58.2650032043457));
#4223=CARTESIAN_POINT('',(-52.3881337468969,-64.9619228547942,-58.2650032043457));
#4224=CARTESIAN_POINT('',(-52.3766171029154,-64.9742642558483,-58.2650032043457));
#4225=CARTESIAN_POINT('',(-52.3650963863188,-64.9866025178597,-58.2650032043457));
#4226=CARTESIAN_POINT('',(-52.3497368534841,-65.0030546303911,-58.2650032043457));
#4227=CARTESIAN_POINT('',(-52.3305369492733,-65.0236193947912,-58.2650032043457));
#4228=CARTESIAN_POINT('',(-52.3074972734828,-65.0482972733643,-58.2650032043457));
#4229=CARTESIAN_POINT('',(-52.2844575417104,-65.0729751087883,-58.2650032043457));
#4230=CARTESIAN_POINT('',(-52.2537379189006,-65.1058789044248,-58.2650032043457));
#4231=CARTESIAN_POINT('',(-52.2153383836918,-65.1470086438087,-58.2650032043457));
#4232=CARTESIAN_POINT('',(-52.1538991311096,-65.2128162297164,-58.2650032043457));
#4233=CARTESIAN_POINT('',(-52.0924598774452,-65.2786238147816,-58.2650032043457));
#4234=CARTESIAN_POINT('',(-52.0310206242133,-65.3444314002039,-58.2650032043457));
#4235=CARTESIAN_POINT('',(-51.9849411840741,-65.3937870890418,-58.2650032043457));
#4236=CARTESIAN_POINT('',(-51.9388617445796,-65.4431427786168,-58.2650032043457));
#4237=CARTESIAN_POINT('',(-51.9004622096981,-65.4842725176628,-58.2650032043457));
#4238=CARTESIAN_POINT('',(-51.869742586197,-65.5171763139706,-58.2650032043457));
#4239=CARTESIAN_POINT('',(-51.8467028565407,-65.5418541473482,-58.2650032043457));
#4240=CARTESIAN_POINT('',(-51.8236631728044,-65.5665320336037,-58.2650032043457));
#4241=CARTESIAN_POINT('',(-51.8006233174184,-65.5912097222006,-58.2650032043457));
#4242=CARTESIAN_POINT('',(-51.7775841027111,-65.6158881485539,-58.2650032043457));
#4243=CARTESIAN_POINT('',(-51.7583827645675,-65.6364512093761,-58.2650032043457));
#4244=CARTESIAN_POINT('',(-51.7430261558433,-65.6529067958889,-58.2650032043457));
#4245=CARTESIAN_POINT('',(-51.7314965094607,-65.6652344488919,-58.2650032043457));
#4246=CARTESIAN_POINT('',(-51.7200133915406,-65.6776156804937,-58.2650032043457));
#4247=CARTESIAN_POINT('',(-51.7083563496097,-65.6897966345815,-58.2650032043457));
#4248=CARTESIAN_POINT('',(-51.6973484752597,-65.7027251201267,-58.2650032043457));
#4249=CARTESIAN_POINT('',(-51.6839178545969,-65.7128637573566,-58.2650032043457));
#4250=CARTESIAN_POINT('',(-51.669978521047,-65.7224165595425,-58.2650032043457));
#4251=CARTESIAN_POINT('',(-51.6561754966239,-65.7321263356629,-58.2650032043457));
#4252=CARTESIAN_POINT('',(-51.6423359485807,-65.74179405109,-58.2650032043457));
#4253=CARTESIAN_POINT('',(-51.6285061858914,-65.7514730353553,-58.2650032043457));
#4254=CARTESIAN_POINT('',(-51.6146738054067,-65.7611490049611,-58.2650032043457));
#4255=CARTESIAN_POINT('',(-51.5962315458635,-65.7740513508359,-58.2650032043457));
#4256=CARTESIAN_POINT('',(-51.5731784076503,-65.7901789218247,-58.2650032043457));
#4257=CARTESIAN_POINT('',(-51.5455147763041,-65.809532161913,-58.2650032043457));
#4258=CARTESIAN_POINT('',(-51.517851108974,-65.828885360562,-58.2650032043457));
#4259=CARTESIAN_POINT('',(-51.4809662317689,-65.8546896399013,-58.2650032043457));
#4260=CARTESIAN_POINT('',(-51.4348601309587,-65.8869449841191,-58.2650032043457));
#4261=CARTESIAN_POINT('',(-51.3610903720705,-65.93855353764,-58.2650032043457));
#4262=CARTESIAN_POINT('',(-51.287320612506,-65.9901620903861,-58.2650032043457));
#4263=CARTESIAN_POINT('',(-51.2135508531641,-66.0417706433776,-58.2650032043457));
#4264=CARTESIAN_POINT('',(-51.1582235336661,-66.0804770581595,-58.2650032043457));
#4265=CARTESIAN_POINT('',(-51.1028962140228,-66.1191834726658,-58.2650032043457));
#4266=CARTESIAN_POINT('',(-51.0567901147977,-66.1514388189746,-58.2650032043457));
#4267=CARTESIAN_POINT('',(-51.0199052343439,-66.1772430940308,-58.2650032043457));
#4268=CARTESIAN_POINT('',(-50.9922415769381,-66.1965963057633,-58.2650032043457));
#4269=CARTESIAN_POINT('',(-50.9645779083311,-66.2159494967304,-58.2650032043457));
#4270=CARTESIAN_POINT('',(-50.9369142815944,-66.2353027653181,-58.2650032043457));
#4271=CARTESIAN_POINT('',(-50.9138611290804,-66.2514302477105,-58.2650032043457));
#4272=CARTESIAN_POINT('',(-50.8954188986941,-66.2643327742477,-58.2650032043457));
#4273=CARTESIAN_POINT('',(-50.8815864291696,-66.2740081921391,-58.2650032043457));
#4274=CARTESIAN_POINT('',(-50.867757000772,-66.2836892477651,-58.2650032043457));
#4275=CARTESIAN_POINT('',(-50.8539162046017,-66.2933492294641,-58.2650032043457));
#4276=CARTESIAN_POINT('',(-50.8401178383951,-66.3030878691365,-58.2650032043457));
#4277=CARTESIAN_POINT('',(-50.8261611201065,-66.3125329508425,-58.2650032043457));
#4278=CARTESIAN_POINT('',(-50.812795380182,-66.3230736064405,-58.2650032043457));
#4279=CARTESIAN_POINT('',(-50.7964914846213,-66.3281675858966,-58.2650032043457));
#4280=CARTESIAN_POINT('',(-50.7809748654571,-66.3347209977644,-58.2650032043457));
#4281=CARTESIAN_POINT('',(-50.7652472963432,-66.3408833561278,-58.2650032043457));
#4282=CARTESIAN_POINT('',(-50.7495762506313,-66.3471504960966,-58.2650032043457));
#4283=CARTESIAN_POINT('',(-50.7338900612616,-66.3533895631485,-58.2650032043457));
#4284=CARTESIAN_POINT('',(-50.7182079231208,-66.3596361402625,-58.2650032043457));
#4285=CARTESIAN_POINT('',(-50.6972969905897,-66.3679622866395,-58.2650032043457));
#4286=CARTESIAN_POINT('',(-50.6711588094276,-66.3783708677672,-58.2650032043457));
#4287=CARTESIAN_POINT('',(-50.6293374487778,-66.3950240955874,-58.2650032043457));
#4288=CARTESIAN_POINT('',(-50.5770608408869,-66.4158408026178,-58.2650032043457));
#4289=CARTESIAN_POINT('',(-50.5143288715807,-66.4408207772055,-58.2650032043457));
#4290=CARTESIAN_POINT('',(-50.4515969129487,-66.4658007715802,-58.2650032043457));
#4291=CARTESIAN_POINT('',(-50.3888649514572,-66.4907807606556,-58.2650032043457));
#4292=CARTESIAN_POINT('',(-50.3261329907295,-66.5157607511414,-58.2650032043457));
#4293=CARTESIAN_POINT('',(-50.2634010298063,-66.5407407412846,-58.2650032043457));
#4294=CARTESIAN_POINT('',(-50.2006690689012,-66.5657207313879,-58.2650032043457));
#4295=CARTESIAN_POINT('',(-50.137937108119,-66.5907007219934,-58.2650032043457));
#4296=CARTESIAN_POINT('',(-50.0856604737092,-66.6115173791908,-58.2650032043457));
#4297=CARTESIAN_POINT('',(-50.0438391671389,-66.6281707086346,-58.2650032043457));
#4298=CARTESIAN_POINT('',(-50.0124731845936,-66.6406606956445,-58.2650032043457));
#4299=CARTESIAN_POINT('',(-49.9811072120394,-66.653150721103,-58.2650032043457));
#4300=CARTESIAN_POINT('',(-49.9497412021386,-66.66564060284,-58.2650032043457));
#4301=CARTESIAN_POINT('',(-49.9236029767174,-66.6760492846519,-58.2650032043457));
#4302=CARTESIAN_POINT('',(-49.9026921362631,-66.6843752290878,-58.2650032043457));
#4303=CARTESIAN_POINT('',(-49.8870097165765,-66.6906224222368,-58.2650032043457));
#4304=CARTESIAN_POINT('',(-49.8713245843322,-66.6968591766044,-58.2650032043457));
#4305=CARTESIAN_POINT('',(-49.8556495916647,-66.7031349512756,-58.2650032043457));
#4306=CARTESIAN_POINT('',(-49.8399367532475,-66.7092650835137,-58.2650032043457));
#4307=CARTESIAN_POINT('',(-49.8243651582522,-66.7159387651805,-58.2650032043457));
#4308=CARTESIAN_POINT('',(-49.8082664353192,-66.7205838915658,-58.2650032043457));
#4309=CARTESIAN_POINT('',(-49.7913554507217,-66.7221029224165,-58.2650032043457));
#4310=CARTESIAN_POINT('',(-49.7746621091914,-66.7244595811525,-58.2650032043457));
#4311=CARTESIAN_POINT('',(-49.7579104570571,-66.7265918238822,-58.2650032043457));
#4312=CARTESIAN_POINT('',(-49.7411744042717,-66.7287841027519,-58.2650032043457));
#4313=CARTESIAN_POINT('',(-49.7188542181688,-66.7316861698398,-58.2650032043457));
#4314=CARTESIAN_POINT('',(-49.6909558550849,-66.7353209488869,-58.2650032043457));
#4315=CARTESIAN_POINT('',(-49.6574770191538,-66.7396796039525,-58.2650032043457));
#4316=CARTESIAN_POINT('',(-49.6128388507787,-66.7454922198591,-58.2650032043457));
#4317=CARTESIAN_POINT('',(-49.5570410443884,-66.7527576205762,-58.2650032043457));
#4318=CARTESIAN_POINT('',(-49.4900837178434,-66.7614762597051,-58.2650032043457));
#4319=CARTESIAN_POINT('',(-49.4231263802794,-66.7701948564267,-58.2650032043457));
#4320=CARTESIAN_POINT('',(-49.356169045668,-66.7789134645089,-58.2650032043457));
#4321=CARTESIAN_POINT('',(-49.2892117102654,-66.787632069556,-58.2650032043457));
#4322=CARTESIAN_POINT('',(-49.2222543750747,-66.7963506753832,-58.2650032043457));
#4323=CARTESIAN_POINT('',(-49.1552970398275,-66.8050692811248,-58.2650032043457));
#4324=CARTESIAN_POINT('',(-49.0883397045948,-66.8137878864285,-58.2650032043457));
#4325=CARTESIAN_POINT('',(-49.0325419252328,-66.8210533923795,-58.2650032043457));
#4326=CARTESIAN_POINT('',(-48.9879037017394,-66.8268657936843,-58.2650032043457));
#4327=CARTESIAN_POINT('',(-48.9544250341315,-66.8312251041122,-58.2650032043457));
#4328=CARTESIAN_POINT('',(-48.9209463664767,-66.835584378471,-58.2650032043457));
#4329=CARTESIAN_POINT('',(-48.8930474769107,-66.8392172194592,-58.2650032043457));
#4330=CARTESIAN_POINT('',(-48.8707283649303,-66.8421232406302,-58.2650032043457));
#4331=CARTESIAN_POINT('',(-48.85398903184,-66.8443034439534,-58.2650032043457));
#4332=CARTESIAN_POINT('',(-48.8372496953332,-66.8464810233064,-58.2650032043457));
#4333=CARTESIAN_POINT('',(-48.8205103715977,-66.8486684110959,-58.2650032043457));
#4334=CARTESIAN_POINT('',(-48.8037710001936,-66.8508191891094,-58.2650032043457));
#4335=CARTESIAN_POINT('',(-48.7870318066923,-66.8531065977899,-58.2650032043457));
#4336=CARTESIAN_POINT('',(-48.7702919492483,-66.8548840935789,-58.2650032043457));
#4337=CARTESIAN_POINT('',(-48.7535545696726,-66.858564610267,-58.2650032043457));
#4338=CARTESIAN_POINT('',(-48.7368075005684,-66.8548706917596,-58.2650032043457));
#4339=CARTESIAN_POINT('',(-48.7200630277655,-66.8531527472015,-58.2650032043457));
#4340=CARTESIAN_POINT('',(-48.7033178592858,-66.8509053420418,-58.2650032043457));
#4341=CARTESIAN_POINT('',(-48.686572877212,-66.8487998053391,-58.2650032043457));
#4342=CARTESIAN_POINT('',(-48.6698278451913,-66.8466562554103,-58.2650032043457));
#4343=CARTESIAN_POINT('',(-48.6530828265523,-66.8445228899285,-58.2650032043457));
#4344=CARTESIAN_POINT('',(-48.6363378043334,-66.8423867998852,-58.2650032043457));
#4345=CARTESIAN_POINT('',(-48.6140111092921,-66.839539631559,-58.2650032043457));
#4346=CARTESIAN_POINT('',(-48.5861027400613,-66.8359803445693,-58.2650032043457));
#4347=CARTESIAN_POINT('',(-48.5526126971683,-66.8317093401774,-58.2650032043457));
#4348=CARTESIAN_POINT('',(-48.5191226542261,-66.8274382983337,-58.2650032043457));
#4349=CARTESIAN_POINT('',(-48.4744692636538,-66.8217435889573,-58.2650032043457));
#4350=CARTESIAN_POINT('',(-48.4186525254315,-66.8146251977517,-58.2650032043457));
#4351=CARTESIAN_POINT('',(-48.3516724395719,-66.8060831302113,-58.2650032043457));
#4352=CARTESIAN_POINT('',(-48.2846923536946,-66.7975410622216,-58.2650032043457));
#4353=CARTESIAN_POINT('',(-48.2177122678811,-66.7889989941228,-58.2650032043457));
#4354=CARTESIAN_POINT('',(-48.1507321818302,-66.7804569269101,-58.2650032043457));
#4355=CARTESIAN_POINT('',(-48.0837520966653,-66.7719148562614,-58.2650032043457));
#4356=CARTESIAN_POINT('',(-48.0167720081938,-66.7633727984709,-58.2650032043457));
#4357=CARTESIAN_POINT('',(-47.9497919320623,-66.7548306926834,-58.2650032043457));
#4358=CARTESIAN_POINT('',(-47.8939751635749,-66.7477124204687,-58.2650032043457));
#4359=CARTESIAN_POINT('',(-47.8493218347219,-66.7420174684359,-58.2650032043457));
#4360=CARTESIAN_POINT('',(-47.8158316032981,-66.7377471676293,-58.2650032043457));
#4361=CARTESIAN_POINT('',(-47.7879238239178,-66.7341856788392,-58.2650032043457));
#4362=CARTESIAN_POINT('',(-47.7655959254707,-66.7313430026813,-58.2650032043457));
#4363=CARTESIAN_POINT('',(-47.7488545783804,-66.7291931938107,-58.2650032043457));
#4364=CARTESIAN_POINT('',(-47.7320957617815,-66.7271113345123,-58.2650032043457));
#4365=CARTESIAN_POINT('',(-47.7154022464717,-66.7247754786769,-58.2650032043457));
#4366=CARTESIAN_POINT('',(-47.6984649955143,-66.7233876594175,-58.2650032043457));
#4367=CARTESIAN_POINT('',(-47.6824373858581,-66.7184616903909,-58.2650032043457));
#4368=CARTESIAN_POINT('',(-47.66682703001,-66.7119129282925,-58.2650032043457));
#4369=CARTESIAN_POINT('',(-47.6511048714069,-66.7057989920306,-58.2650032043457));
#4370=CARTESIAN_POINT('',(-47.6354126700155,-66.6995685454947,-58.2650032043457));
#4371=CARTESIAN_POINT('',(-47.6197124425326,-66.6933693142178,-58.2650032043457));
#4372=CARTESIAN_POINT('',(-47.604014362204,-66.6871617321789,-58.2650032043457));
#4373=CARTESIAN_POINT('',(-47.583082838398,-66.6788878731788,-58.2650032043457));
#4374=CARTESIAN_POINT('',(-47.5569186910138,-66.6685445484466,-58.2650032043457));
#4375=CARTESIAN_POINT('',(-47.5255216038129,-66.6561329879041,-58.2650032043457));
#4376=CARTESIAN_POINT('',(-47.4941245461741,-66.6437213123881,-58.2650032043457));
#4377=CARTESIAN_POINT('',(-47.4627274806269,-66.63130966763,-58.2650032043457));
#4378=CARTESIAN_POINT('',(-47.4208647293263,-66.6147607972084,-58.2650032043457));
#4379=CARTESIAN_POINT('',(-47.3685362892534,-66.5940747128669,-58.2650032043457));
#4380=CARTESIAN_POINT('',(-47.3057421615683,-66.569251410084,-58.2650032043457));
#4381=CARTESIAN_POINT('',(-47.2429480337895,-66.5444281076963,-58.2650032043457));
#4382=CARTESIAN_POINT('',(-47.180153905983,-66.5196048053011,-58.2650032043457));
#4383=CARTESIAN_POINT('',(-47.117359778381,-66.4947815025407,-58.2650032043457));
#4384=CARTESIAN_POINT('',(-47.0545656499891,-66.4699582012484,-58.2650032043457));
#4385=CARTESIAN_POINT('',(-46.991771524552,-66.4451348944491,-58.2650032043457));
#4386=CARTESIAN_POINT('',(-46.9289773880855,-66.4203116082095,-58.2650032043457));
#4387=CARTESIAN_POINT('',(-46.8766489753325,-66.3996254724001,-58.2650032043457));
#4388=CARTESIAN_POINT('',(-46.834786168319,-66.383076706936,-58.2650032043457));
#4389=CARTESIAN_POINT('',(-46.8086220888121,-66.3727334025342,-58.2650032043457));
#4390=CARTESIAN_POINT('',(-46.7876904247056,-66.3644595055849,-58.2650032043457));
#4391=CARTESIAN_POINT('',(-46.771992773203,-66.3582520387486,-58.2650032043457));
#4392=CARTESIAN_POINT('',(-46.7562909356415,-66.3520523751236,-58.2650032043457));
#4393=CARTESIAN_POINT('',(-46.7406047457384,-66.3458235427779,-58.2650032043457));
#4394=CARTESIAN_POINT('',(-46.7248601512605,-66.3397035821033,-58.2650032043457));
#4395=CARTESIAN_POINT('',(-46.7093335274237,-66.3331773034651,-58.2650032043457));
#4396=CARTESIAN_POINT('',(-46.6929934255969,-66.3281674250102,-58.2650032043457));
#4397=CARTESIAN_POINT('',(-46.6796892650894,-66.3174982637857,-58.2650032043457));
#4398=CARTESIAN_POINT('',(-46.6656898920138,-66.3081250858327,-58.2650032043457));
#4399=CARTESIAN_POINT('',(-46.6518768004744,-66.2984046504134,-58.2650032043457));
#4400=CARTESIAN_POINT('',(-46.6380137953582,-66.2887772615869,-58.2650032043457));
#4401=CARTESIAN_POINT('',(-46.6241641630131,-66.279124943856,-58.2650032043457));
#4402=CARTESIAN_POINT('',(-46.6103109531603,-66.2694792951501,-58.2650032043457));
#4403=CARTESIAN_POINT('',(-46.5918412563692,-66.2566161006144,-58.2650032043457));
#4404=CARTESIAN_POINT('',(-46.5687537065548,-66.2405379068417,-58.2650032043457));
#4405=CARTESIAN_POINT('',(-46.5410488306216,-66.2212437316008,-58.2650032043457));
#4406=CARTESIAN_POINT('',(-46.5133439054331,-66.2019496481792,-58.2650032043457));
#4407=CARTESIAN_POINT('',(-46.4856389934215,-66.1826555401941,-58.2650032043457));
#4408=CARTESIAN_POINT('',(-46.4486991061364,-66.1569300714608,-58.2650032043457));
#4409=CARTESIAN_POINT('',(-46.4025242486093,-66.1247732326004,-58.2650032043457));
#4410=CARTESIAN_POINT('',(-46.3471144189011,-66.0861850272283,-58.2650032043457));
#4411=CARTESIAN_POINT('',(-46.2917045893689,-66.0475968215244,-58.2650032043457));
#4412=CARTESIAN_POINT('',(-46.217824816621,-65.9961458806751,-58.2650032043457));
#4413=CARTESIAN_POINT('',(-46.1439450437513,-65.9446949399541,-58.2650032043457));
#4414=CARTESIAN_POINT('',(-46.0700652712759,-65.8932439987814,-58.2650032043457));
#4415=CARTESIAN_POINT('',(-46.0238904125944,-65.8610871615706,-58.2650032043457));
#4416=CARTESIAN_POINT('',(-45.9869505276731,-65.8353616894619,-58.2650032043457));
#4417=CARTESIAN_POINT('',(-45.9592456084408,-65.816067591787,-58.2650032043457));
#4418=CARTESIAN_POINT('',(-45.9315407103621,-65.7967734696557,-58.2650032043457));
#4419=CARTESIAN_POINT('',(-45.9084532294024,-65.7806951107292,-58.2650032043457));
#4420=CARTESIAN_POINT('',(-45.8899833922038,-65.7678322529771,-58.2650032043457));
#4421=CARTESIAN_POINT('',(-45.8761306111335,-65.7581855757858,-58.2650032043457));
#4422=CARTESIAN_POINT('',(-45.8622793689643,-65.7485371194092,-58.2650032043457));
#4423=CARTESIAN_POINT('',(-45.8484223743621,-65.7388953136509,-58.2650032043457));
#4424=CARTESIAN_POINT('',(-45.8345868505907,-65.729228684604,-58.2650032043457));
#4425=CARTESIAN_POINT('',(-45.8206711959291,-65.7196546980941,-58.2650032043457));
#4426=CARTESIAN_POINT('',(-45.8070545939974,-65.7097349647246,-58.2650032043457));
#4427=CARTESIAN_POINT('',(-45.7960699324673,-65.6967727201681,-58.2650032043457));
#4428=CARTESIAN_POINT('',(-45.7843800504299,-65.6846257073247,-58.2650032043457));
#4429=CARTESIAN_POINT('',(-45.7728791100199,-65.6722602788157,-58.2650032043457));
#4430=CARTESIAN_POINT('',(-45.7613276236076,-65.6599532812563,-58.2650032043457));
#4431=CARTESIAN_POINT('',(-45.7459432982333,-65.643523540333,-58.2650032043457));
#4432=CARTESIAN_POINT('',(-45.7267068327057,-65.6229933681356,-58.2650032043457));
#4433=CARTESIAN_POINT('',(-45.7036256715961,-65.5983541587731,-58.2650032043457));
#4434=CARTESIAN_POINT('',(-45.680543814488,-65.573715753982,-58.2650032043457));
#4435=CARTESIAN_POINT('',(-45.6574621438507,-65.5490771336311,-58.2650032043457));
#4436=CARTESIAN_POINT('',(-45.6343804233284,-65.5244385709474,-58.2650032043457));
#4437=CARTESIAN_POINT('',(-45.603604813391,-65.4915871338916,-58.2650032043457));
#4438=CARTESIAN_POINT('',(-45.5651352949895,-65.4505228444845,-58.2650032043457));
#4439=CARTESIAN_POINT('',(-45.5189718754721,-65.4012456942317,-58.2650032043457));
#4440=CARTESIAN_POINT('',(-45.4728084552645,-65.3519685447753,-58.2650032043457));
#4441=CARTESIAN_POINT('',(-45.4112572285827,-65.2862656785392,-58.2650032043457));
#4442=CARTESIAN_POINT('',(-45.3497060017115,-65.2205628124754,-58.2650032043457));
#4443=CARTESIAN_POINT('',(-45.2881547752123,-65.154859946115,-58.2650032043457));
#4444=CARTESIAN_POINT('',(-45.249685257878,-65.113795655238,-58.2650032043457));
#4445=CARTESIAN_POINT('',(-45.2189096457711,-65.0809442211747,-58.2650032043457));
#4446=CARTESIAN_POINT('',(-45.1958279318727,-65.0563056493533,-58.2650032043457));
#4447=CARTESIAN_POINT('',(-45.1727462363672,-65.0316670633085,-58.2650032043457));
#4448=CARTESIAN_POINT('',(-45.1535114328179,-65.0111349525773,-58.2650032043457));
#4449=CARTESIAN_POINT('',(-45.1381237182895,-64.9947091647694,-58.2650032043457));
#4450=CARTESIAN_POINT('',(-45.1265825818368,-64.9823900949988,-58.2650032043457));
#4451=CARTESIAN_POINT('',(-45.1150427834541,-64.9700699904981,-58.2650032043457));
#4452=CARTESIAN_POINT('',(-45.1034979833477,-64.9577537538323,-58.2650032043457));
#4453=CARTESIAN_POINT('',(-45.0919718520661,-64.9454230805574,-58.2650032043457));
#4454=CARTESIAN_POINT('',(-45.0803760472094,-64.9331462858839,-58.2650032043457));
#4455=CARTESIAN_POINT('',(-45.0690402678279,-64.9206684134138,-58.2650032043457));
#4456=CARTESIAN_POINT('',(-45.0606433504691,-64.9059182385601,-58.2650032043457));
#4457=CARTESIAN_POINT('',(-45.0514589738788,-64.8917769202896,-58.2650032043457));
#4458=CARTESIAN_POINT('',(-45.0424855721922,-64.8774724780705,-58.2650032043457));
#4459=CARTESIAN_POINT('',(-45.0334557301219,-64.863211675062,-58.2650032043457));
#4460=CARTESIAN_POINT('',(-45.0214356562031,-64.8441820271922,-58.2650032043457));
#4461=CARTESIAN_POINT('',(-45.0064037984517,-64.8204001982667,-58.2650032043457));
#4462=CARTESIAN_POINT('',(-44.9883684695817,-64.7918597609678,-58.2650032043457));
#4463=CARTESIAN_POINT('',(-44.9703323635497,-64.7633199245635,-58.2650032043457));
#4464=CARTESIAN_POINT('',(-44.9522964657338,-64.7347799271686,-58.2650032043457));
#4465=CARTESIAN_POINT('',(-44.9342605122155,-64.7062399728421,-58.2650032043457));
#4466=CARTESIAN_POINT('',(-44.9102125936491,-64.6681866853623,-58.2650032043457));
#4467=CARTESIAN_POINT('',(-44.8801526887624,-64.6206200811757,-58.2650032043457));
#4468=CARTESIAN_POINT('',(-44.8440808057688,-64.5635401539347,-58.2650032043457));
#4469=CARTESIAN_POINT('',(-44.8080089219795,-64.5064602273012,-58.2650032043457));
#4470=CARTESIAN_POINT('',(-44.7599130773436,-64.4303536581726,-58.2650032043457));
#4471=CARTESIAN_POINT('',(-44.7118172318,-64.3542470895329,-58.2650032043457));
#4472=CARTESIAN_POINT('',(-44.6637213886672,-64.2781405196394,-58.2650032043457));
#4473=CARTESIAN_POINT('',(-44.6276494999929,-64.2210605954917,-58.2650032043457));
#4474=CARTESIAN_POINT('',(-44.597589612842,-64.1734939816496,-58.2650032043457));
#4475=CARTESIAN_POINT('',(-44.5735416580973,-64.1354407138654,-58.2650032043457));
#4476=CARTESIAN_POINT('',(-44.5585117889031,-64.1116573684694,-58.2650032043457));
#4477=CARTESIAN_POINT('',(-44.5464876587526,-64.0926308136043,-58.2650032043457));
#4478=CARTESIAN_POINT('',(-44.5374702040124,-64.0783605649189,-58.2650032043457));
#4479=CARTESIAN_POINT('',(-44.5284502951792,-64.064091585654,-58.2650032043457));
#4480=CARTESIAN_POINT('',(-44.5194395598452,-64.0498178612435,-58.2650032043457));
#4481=CARTESIAN_POINT('',(-44.5103945846076,-64.0355618479953,-58.2650032043457));
#4482=CARTESIAN_POINT('',(-44.501477395485,-64.0212397352432,-58.2650032043457));
#4483=CARTESIAN_POINT('',(-44.4920833018059,-64.0071643093445,-58.2650032043457));
#4484=CARTESIAN_POINT('',(-44.4864391827338,-63.9911490320089,-58.2650032043457));
#4485=CARTESIAN_POINT('',(-44.4797902610367,-63.9756535362772,-58.2650032043457));
#4486=CARTESIAN_POINT('',(-44.4734105752326,-63.9600187655668,-58.2650032043457));
#4487=CARTESIAN_POINT('',(-44.4669587484815,-63.9444213131677,-58.2650032043457));
#4488=CARTESIAN_POINT('',(-44.4605262496253,-63.9288138625021,-58.2650032043457));
#4489=CARTESIAN_POINT('',(-44.4540885801362,-63.9132090865908,-58.2650032043457));
#4490=CARTESIAN_POINT('',(-44.4455068270002,-63.8924017843755,-58.2650032043457));
#4491=CARTESIAN_POINT('',(-44.4347790157912,-63.8663929772216,-58.2650032043457));
#4492=CARTESIAN_POINT('',(-44.4219059080535,-63.8351822711843,-58.2650032043457));
#4493=CARTESIAN_POINT('',(-44.4090327291261,-63.8039716019731,-58.2650032043457));
#4494=CARTESIAN_POINT('',(-44.3961595692439,-63.77276092291,-58.2650032043457));
#4495=CARTESIAN_POINT('',(-44.3789953494129,-63.7311466876012,-58.2650032043457));
#4496=CARTESIAN_POINT('',(-44.3575400769218,-63.6791288922797,-58.2650032043457));
#4497=CARTESIAN_POINT('',(-44.3317937488862,-63.6167075384218,-58.2650032043457));
#4498=CARTESIAN_POINT('',(-44.3060474213593,-63.5542861843491,-58.2650032043457));
#4499=CARTESIAN_POINT('',(-44.2803010928437,-63.4918648306077,-58.2650032043457));
#4500=CARTESIAN_POINT('',(-44.2545547677742,-63.4294434757557,-58.2650032043457));
#4501=CARTESIAN_POINT('',(-44.2288084299093,-63.3670221250148,-58.2650032043457));
#4502=CARTESIAN_POINT('',(-44.2030621397797,-63.3046007589405,-58.2650032043457));
#4503=CARTESIAN_POINT('',(-44.1773156715043,-63.2421794500885,-58.2650032043457));
#4504=CARTESIAN_POINT('',(-44.1558608353148,-63.1901615147489,-58.2650032043457));
#4505=CARTESIAN_POINT('',(-44.13869572574,-63.1485475649769,-58.2650032043457));
#4506=CARTESIAN_POINT('',(-44.1258252830045,-63.1173360139267,-58.2650032043457));
#4507=CARTESIAN_POINT('',(-44.1129419027982,-63.0861286185114,-58.2650032043457));
#4508=CARTESIAN_POINT('',(-44.102246052991,-63.0601095108166,-58.2650032043457));
#4509=CARTESIAN_POINT('',(-44.0935991210053,-63.0393232144802,-58.2650032043457));
#4510=CARTESIAN_POINT('',(-44.0873604982171,-63.023654289679,-58.2650032043457));
#4511=CARTESIAN_POINT('',(-44.0801806966946,-63.0082876801637,-58.2650032043457));
#4512=CARTESIAN_POINT('',(-44.076519033908,-62.9917910120536,-58.2650032043457));
#4513=CARTESIAN_POINT('',(-44.0726124129806,-62.975373035783,-58.2650032043457));
#4514=CARTESIAN_POINT('',(-44.0687714283504,-62.9589339741099,-58.2650032043457));
#4515=CARTESIAN_POINT('',(-44.064912856672,-62.942500562207,-58.2650032043457));
#4516=CARTESIAN_POINT('',(-44.0610589968894,-62.926065636626,-58.2650032043457));
#4517=CARTESIAN_POINT('',(-44.0572038765719,-62.909631115987,-58.2650032043457));
#4518=CARTESIAN_POINT('',(-44.0520641564732,-62.8877182803489,-58.2650032043457));
#4519=CARTESIAN_POINT('',(-44.045639355253,-62.8603272843407,-58.2650032043457));
#4520=CARTESIAN_POINT('',(-44.0379296585663,-62.8274580683214,-58.2650032043457));
#4521=CARTESIAN_POINT('',(-44.0302199445246,-62.7945888578772,-58.2650032043457));
#4522=CARTESIAN_POINT('',(-44.0225102351253,-62.7617196459416,-58.2650032043457));
#4523=CARTESIAN_POINT('',(-44.0122306209737,-62.7178940305481,-58.2650032043457));
#4524=CARTESIAN_POINT('',(-43.9993811038211,-62.6631120111305,-58.2650032043457));
#4525=CARTESIAN_POINT('',(-43.9839616830902,-62.5973735878919,-58.2650032043457));
#4526=CARTESIAN_POINT('',(-43.9685422620914,-62.5316351646842,-58.2650032043457));
#4527=CARTESIAN_POINT('',(-43.953122842312,-62.4658967412906,-58.2650032043457));
#4528=CARTESIAN_POINT('',(-43.9377034179226,-62.4001583186095,-58.2650032043457));
#4529=CARTESIAN_POINT('',(-43.9222840107537,-62.3344198932648,-58.2650032043457));
#4530=CARTESIAN_POINT('',(-43.9068645393132,-62.2686814778616,-58.2650032043457));
#4531=CARTESIAN_POINT('',(-43.8914453077387,-62.2029430253558,-58.2650032043457));
#4532=CARTESIAN_POINT('',(-43.8785952020993,-62.1481610969919,-58.2650032043457));
#4533=CARTESIAN_POINT('',(-43.8683167880403,-62.1043352959138,-58.2650032043457));
#4534=CARTESIAN_POINT('',(-43.860603413735,-62.0714666510319,-58.2650032043457));
#4535=CARTESIAN_POINT('',(-43.8529074592476,-62.0385953116364,-58.2650032043457));
#4536=CARTESIAN_POINT('',(-43.8451463892498,-62.005734044369,-58.2650032043457));
#4537=CARTESIAN_POINT('',(-43.8388813661045,-61.9783183266468,-58.2650032043457));
#4538=CARTESIAN_POINT('',(-43.8334158208967,-61.9564559044036,-58.2650032043457));
#4539=CARTESIAN_POINT('',(-43.8305557209537,-61.939867428917,-58.2650032043457));
#4540=CARTESIAN_POINT('',(-43.829685605017,-61.9229711493391,-58.2650032043457));
#4541=CARTESIAN_POINT('',(-43.8282822747875,-61.9061573455701,-58.2650032043457));
#4542=CARTESIAN_POINT('',(-43.8270218177226,-61.8893214426564,-58.2650032043457));
#4543=CARTESIAN_POINT('',(-43.8257230822923,-61.8724914605127,-58.2650032043457));
#4544=CARTESIAN_POINT('',(-43.8244345871588,-61.8556598944339,-58.2650032043457));
#4545=CARTESIAN_POINT('',(-43.8227130165519,-61.8332183596222,-58.2650032043457));
#4546=CARTESIAN_POINT('',(-43.8205622807684,-61.8051662512458,-58.2650032043457));
#4547=CARTESIAN_POINT('',(-43.8179808715909,-61.7715038025906,-58.2650032043457));
#4548=CARTESIAN_POINT('',(-43.8153996034021,-61.7378413321279,-58.2650032043457));
#4549=CARTESIAN_POINT('',(-43.8128182974957,-61.7041788674992,-58.2650032043457));
#4550=CARTESIAN_POINT('',(-43.8093765694626,-61.6592955792896,-58.2650032043457));
#4551=CARTESIAN_POINT('',(-43.8050744049003,-61.6031914697269,-58.2650032043457));
#4552=CARTESIAN_POINT('',(-43.7999118093629,-61.5358665379521,-58.2650032043457));
#4553=CARTESIAN_POINT('',(-43.7947492133094,-61.4685416062568,-58.2650032043457));
#4554=CARTESIAN_POINT('',(-43.7895866173829,-61.4012166745429,-58.2650032043457));
#4555=CARTESIAN_POINT('',(-43.7844240214644,-61.3338917428241,-58.2650032043457));
#4556=CARTESIAN_POINT('',(-43.779261425387,-61.2665668111432,-58.2650032043457));
#4557=CARTESIAN_POINT('',(-43.774098829937,-61.1992418793161,-58.2650032043457));
#4558=CARTESIAN_POINT('',(-43.7697966651031,-61.1431377699156,-58.2650032043457));
#4559=CARTESIAN_POINT('',(-43.7663549376239,-61.0982544813754,-58.2650032043457));
#4560=CARTESIAN_POINT('',(-43.7637736300259,-61.0645920177563,-58.2650032043457));
#4561=CARTESIAN_POINT('',(-43.7611923681884,-61.0309295435031,-58.2650032043457));
#4562=CARTESIAN_POINT('',(-43.7590411741125,-61.0028775147505,-58.2650032043457));
#4563=CARTESIAN_POINT('',(-43.7573205380787,-60.9804358175655,-58.2650032043457));
#4564=CARTESIAN_POINT('',(-43.7560291888995,-60.9636047473502,-58.2650032043457));
#4565=CARTESIAN_POINT('',(-43.7547411687223,-60.9467729035324,-58.2650032043457));
#4566=CARTESIAN_POINT('',(-43.7534407046908,-60.9299439514515,-58.2650032043457));
#4567=CARTESIAN_POINT('',(-43.7521866870741,-60.9131042060253,-58.2650032043457));
#4568=CARTESIAN_POINT('',(-43.7507593276529,-60.8963047422436,-58.2650032043457));
#4569=CARTESIAN_POINT('',(-43.749978889035,-60.8793549452296,-58.2650032043457));
#4570=CARTESIAN_POINT('',(-43.747849035684,-60.8684291147432,-58.2650032043457));
#4571=CARTESIAN_POINT('',(-43.7482862305029,-60.8626172099129,-58.2650032043457));
#4572=CARTESIAN_POINT('',(-43.7482862305029,-60.8626172099129,-58.2650032043457));
#4573=MECHANICAL_DESIGN_GEOMETRIC_PRESENTATION_REPRESENTATION('',(#172,
#173,#174),#4576);
#4574=MECHANICAL_DESIGN_GEOMETRIC_PRESENTATION_REPRESENTATION('',(#175,
#176,#177),#4577);
#4575=MECHANICAL_DESIGN_GEOMETRIC_PRESENTATION_REPRESENTATION('',(#178,
#179,#180,#181,#182,#183,#184),#4578);
#4576=(
GEOMETRIC_REPRESENTATION_CONTEXT(3)
GLOBAL_UNCERTAINTY_ASSIGNED_CONTEXT((#4579))
GLOBAL_UNIT_ASSIGNED_CONTEXT((#4588,#4585,#4582))
REPRESENTATION_CONTEXT('cherry_ref','TOP_LEVEL_ASSEMBLY_PART')
);
#4577=(
GEOMETRIC_REPRESENTATION_CONTEXT(3)
GLOBAL_UNCERTAINTY_ASSIGNED_CONTEXT((#4580))
GLOBAL_UNIT_ASSIGNED_CONTEXT((#4589,#4586,#4583))
REPRESENTATION_CONTEXT('cherry_ref','TOP_LEVEL_ASSEMBLY_PART')
);
#4578=(
GEOMETRIC_REPRESENTATION_CONTEXT(3)
GLOBAL_UNCERTAINTY_ASSIGNED_CONTEXT((#4581))
GLOBAL_UNIT_ASSIGNED_CONTEXT((#4590,#4587,#4584))
REPRESENTATION_CONTEXT('cherry mx reference','TOP_LEVEL_ASSEMBLY_PART')
);
#4579=UNCERTAINTY_MEASURE_WITH_UNIT(LENGTH_MEASURE(3.28530372328828E-5),
#4588,'DISTANCE_ACCURACY_VALUE','Maximum Tolerance applied to model');
#4580=UNCERTAINTY_MEASURE_WITH_UNIT(LENGTH_MEASURE(3.28530372328828E-5),
#4589,'DISTANCE_ACCURACY_VALUE','Maximum Tolerance applied to model');
#4581=UNCERTAINTY_MEASURE_WITH_UNIT(LENGTH_MEASURE(2.E-5),#4590,
'DISTANCE_ACCURACY_VALUE','Maximum Tolerance applied to model');
#4582=(
NAMED_UNIT(*)
SI_UNIT($,.STERADIAN.)
SOLID_ANGLE_UNIT()
);
#4583=(
NAMED_UNIT(*)
SI_UNIT($,.STERADIAN.)
SOLID_ANGLE_UNIT()
);
#4584=(
NAMED_UNIT(*)
SI_UNIT($,.STERADIAN.)
SOLID_ANGLE_UNIT()
);
#4585=(
NAMED_UNIT(*)
PLANE_ANGLE_UNIT()
SI_UNIT($,.RADIAN.)
);
#4586=(
NAMED_UNIT(*)
PLANE_ANGLE_UNIT()
SI_UNIT($,.RADIAN.)
);
#4587=(
NAMED_UNIT(*)
PLANE_ANGLE_UNIT()
SI_UNIT($,.RADIAN.)
);
#4588=(
LENGTH_UNIT()
NAMED_UNIT(*)
SI_UNIT($,.METRE.)
);
#4589=(
LENGTH_UNIT()
NAMED_UNIT(*)
SI_UNIT($,.METRE.)
);
#4590=(
LENGTH_UNIT()
NAMED_UNIT(*)
SI_UNIT($,.METRE.)
);
#4591=PRODUCT_DEFINITION_SHAPE('','',#4594);
#4592=PRODUCT_DEFINITION_SHAPE('','',#4595);
#4593=PRODUCT_DEFINITION_SHAPE('','',#4596);
#4594=PRODUCT_DEFINITION('','',#4600,#4597);
#4595=PRODUCT_DEFINITION('','',#4601,#4598);
#4596=PRODUCT_DEFINITION('','',#4602,#4599);
#4597=PRODUCT_DEFINITION_CONTEXT('',#4618,'design');
#4598=PRODUCT_DEFINITION_CONTEXT('',#4619,'design');
#4599=PRODUCT_DEFINITION_CONTEXT('',#4620,'design');
#4600=PRODUCT_DEFINITION_FORMATION_WITH_SPECIFIED_SOURCE('','',#4606,
 .NOT_KNOWN.);
#4601=PRODUCT_DEFINITION_FORMATION_WITH_SPECIFIED_SOURCE('','',#4607,
 .NOT_KNOWN.);
#4602=PRODUCT_DEFINITION_FORMATION_WITH_SPECIFIED_SOURCE('','',#4608,
 .NOT_KNOWN.);
#4603=PRODUCT_RELATED_PRODUCT_CATEGORY('','',(#4606));
#4604=PRODUCT_RELATED_PRODUCT_CATEGORY('','',(#4607));
#4605=PRODUCT_RELATED_PRODUCT_CATEGORY('','',(#4608));
#4606=PRODUCT('cherry_ref','cherry_ref','cherry_ref',(#4612));
#4607=PRODUCT('cherry_ref','cherry_ref','cherry_ref',(#4613));
#4608=PRODUCT('cherry mx reference','cherry mx reference',
'cherry mx reference',(#4614));
#4609=PRODUCT_CATEGORY('','');
#4610=PRODUCT_CATEGORY('','');
#4611=PRODUCT_CATEGORY('','');
#4612=PRODUCT_CONTEXT('',#4618,'mechanical');
#4613=PRODUCT_CONTEXT('',#4619,'mechanical');
#4614=PRODUCT_CONTEXT('',#4620,'mechanical');
#4615=APPLICATION_PROTOCOL_DEFINITION('international standard',
'ap242_managed_model_based_3d_engineering',2020,#4618);
#4616=APPLICATION_PROTOCOL_DEFINITION('international standard',
'ap242_managed_model_based_3d_engineering',2020,#4619);
#4617=APPLICATION_PROTOCOL_DEFINITION('international standard',
'ap242_managed_model_based_3d_engineering',2020,#4620);
#4618=APPLICATION_CONTEXT('managed model based 3d engineering');
#4619=APPLICATION_CONTEXT('managed model based 3d engineering');
#4620=APPLICATION_CONTEXT('managed model based 3d engineering');
ENDSEC;
END-ISO-10303-21;
